<?xml version="1.0"?>
<COLLADA xmlns="http://www.collada.org/2005/11/COLLADASchema" version="1.4.1">
  <asset>
    <contributor>
      <author>Assimp</author>
      <authoring_tool>Assimp Exporter</authoring_tool>
    </contributor>
    <created>2017-11-11T02:45:38</created>
    <modified>2017-11-11T02:45:38</modified>
    <unit name="meter" meter="1" />
    <up_axis>Y_UP</up_axis>
  </asset>
  <library_effects>
    <effect id="DefaultMaterial-fx" name="DefaultMaterial">
      <profile_COMMON>
        <technique sid="standard">
          <phong>
          </phong>
        </technique>
      </profile_COMMON>
    </effect>
  </library_effects>
  <library_materials>
    <material id="DefaultMaterial" name="DefaultMaterial">
      <instance_effect url="#DefaultMaterial-fx"/>
    </material>
  </library_materials>
  <library_geometries>
    <geometry id="meshId0" name="meshId0_name" >
      <mesh>
        <source id="meshId0-positions" name="meshId0-positions">
          <float_array id="meshId0-positions-array" count="3741"> 0.193956 -1 0.336228 0.193956 -0.965903 0.336228 0.200796 -0.965903 0.388199 0.200796 -1 0.388199 0.141984 -1 0.246213 0.141984 -0.965903 0.246213 0.173895 -0.965903 0.2878 0.173895 -1 0.2878 0.0519695 -1 0.194243 0.0519695 -0.965903 0.194243 0.100399 -0.965903 0.214303 0.100399 -1 0.214303 -0.0519695 -1 0.194243 -0.0519695 -0.965903 0.194243 0 -0.965903 0.187401 0 -1 0.187401 -0.141984 -1 0.246213 -0.141984 -0.965903 0.246213 -0.100399 -0.965903 0.214303 -0.100399 -1 0.214303 -0.193956 -1 0.336228 -0.193956 -0.965903 0.336228 -0.173895 -0.965903 0.2878 -0.173895 -1 0.2878 -0.193956 -1 0.440169 -0.193956 -0.965903 0.440169 -0.200796 -0.965903 0.388199 -0.200796 -1 0.388199 -0.141984 -1 0.530184 -0.141984 -0.965903 0.530184 -0.173895 -0.965903 0.488597 -0.173895 -1 0.488597 -0.0519695 -1 0.582154 -0.0519695 -0.965903 0.582154 -0.100399 -0.965903 0.562094 -0.100399 -1 0.562094 0.0519695 -1 0.582154 0.0519695 -0.965903 0.582154 0 -0.965903 0.588996 0 -1 0.588996 0.141984 -1 0.530184 0.141984 -0.965903 0.530184 0.100399 -0.965903 0.562094 0.100399 -1 0.562094 0.193956 -1 0.440169 0.193956 -0.965903 0.440169 0.173895 -0.965903 0.488597 0.173895 -1 0.488597 0.173895 -0.195244 0.2878 0.193956 -0.195244 0.336228 0.193956 -0.228127 0.336228 0.173895 -0.228127 0.2878 0.100399 -0.195244 0.214303 0.141984 -0.195244 0.246213 0.141984 -0.228127 0.246213 0.100399 -0.228127 0.214303 0 -0.195244 0.187401 0.0519695 -0.195244 0.194243 0.0519695 -0.228127 0.194243 0 -0.228127 0.187401 -0.100399 -0.195244 0.214303 -0.0519695 -0.195244 0.194243 -0.0519695 -0.228127 0.194243 -0.100399 -0.228127 0.214303 -0.173895 -0.195244 0.2878 -0.141984 -0.195244 0.246213 -0.141984 -0.228127 0.246213 -0.173895 -0.228127 0.2878 -0.200796 -0.195244 0.388199 -0.193956 -0.195244 0.336228 -0.193956 -0.228127 0.336228 -0.200796 -0.228127 0.388199 -0.173895 -0.195244 0.488597 -0.193956 -0.195244 0.440169 -0.193956 -0.228127 0.440169 -0.173895 -0.228127 0.488597 -0.100399 -0.195244 0.562094 -0.141984 -0.195244 0.530184 -0.141984 -0.228127 0.530184 -0.100399 -0.228127 0.562094 0 -0.195244 0.588996 -0.0519695 -0.195244 0.582154 -0.0519695 -0.228127 0.582154 0 -0.228127 0.588996 0.100399 -0.195244 0.562094 0.0519695 -0.195244 0.582154 0.0519695 -0.228127 0.582154 0.100399 -0.228127 0.562094 0.173895 -0.195244 0.488597 0.141984 -0.195244 0.530184 0.141984 -0.228127 0.530184 0.173895 -0.228127 0.488597 0.200796 -0.195244 0.388199 0.193956 -0.195244 0.440169 0.193956 -0.228127 0.440169 0.200796 -0.228127 0.388199 0.151602 -0.195244 0.30067 0.169091 -0.195244 0.342891 0.193956 -0.195244 0.336228 0.173895 -0.195244 0.2878 0.175057 -0.195244 0.388199 0.169091 -0.195244 0.433507 0.193956 -0.195244 0.440169 0.200796 -0.195244 0.388199 0.151602 -0.195244 0.475727 0.123783 -0.195244 0.511982 0.141984 -0.195244 0.530184 0.173895 -0.195244 0.488597 0.0875272 -0.195244 0.539802 0.0453076 -0.195244 0.55729 0.0519695 -0.195244 0.582154 0.100399 -0.195244 0.562094 0 -0.195244 0.563255 -0.0453076 -0.195244 0.55729 -0.0519695 -0.195244 0.582154 0 -0.195244 0.588996 -0.0875272 -0.195244 0.539802 -0.123783 -0.195244 0.511982 -0.141984 -0.195244 0.530184 -0.100399 -0.195244 0.562094 -0.151602 -0.195244 0.475727 -0.169091 -0.195244 0.433506 -0.193956 -0.195244 0.440169 -0.173895 -0.195244 0.488597 -0.175057 -0.195244 0.388199 -0.169091 -0.195244 0.342891 -0.193956 -0.195244 0.336228 -0.200796 -0.195244 0.388199 -0.151602 -0.195244 0.30067 -0.123783 -0.195244 0.264415 -0.141984 -0.195244 0.246213 -0.173895 -0.195244 0.2878 -0.0875272 -0.195244 0.236595 -0.0453076 -0.195244 0.219107 -0.0519695 -0.195244 0.194243 -0.100399 -0.195244 0.214303 0 -0.195244 0.213142 0.0453076 -0.195244 0.219107 0.0519695 -0.195244 0.194243 0 -0.195244 0.187401 0.0875272 -0.195244 0.236595 0.123783 -0.195244 0.264415 0.141984 -0.195244 0.246213 0.100399 -0.195244 0.214303 0.175057 -0.240978 0.388199 0.169091 -0.240978 0.342891 0.193956 -0.228127 0.336228 0.200796 -0.228127 0.388199 0.151602 -0.240978 0.30067 0.123783 -0.240978 0.264415 0.141984 -0.228127 0.246213 0.173895 -0.228127 0.2878 0.0875272 -0.240978 0.236595 0.0453076 -0.240978 0.219107 0.0519695 -0.228127 0.194243 0.100399 -0.228127 0.214303 0 -0.240978 0.213142 -0.0453076 -0.240978 0.219107 -0.0519695 -0.228127 0.194243 0 -0.228127 0.187401 -0.0875272 -0.240978 0.236595 -0.123783 -0.240978 0.264415 -0.141984 -0.228127 0.246213 -0.100399 -0.228127 0.214303 -0.151602 -0.240978 0.30067 -0.169091 -0.240978 0.342891 -0.193956 -0.228127 0.336228 -0.173895 -0.228127 0.2878 -0.175057 -0.240978 0.388199 -0.169091 -0.240978 0.433506 -0.193956 -0.228127 0.440169 -0.200796 -0.228127 0.388199 -0.151602 -0.240978 0.475727 -0.123783 -0.240978 0.511982 -0.141984 -0.228127 0.530184 -0.173895 -0.228127 0.488597 -0.0875272 -0.240978 0.539802 -0.0453076 -0.240978 0.55729 -0.0519695 -0.228127 0.582154 -0.100399 -0.228127 0.562094 0 -0.240978 0.563255 0.0453076 -0.240978 0.55729 0.0519695 -0.228127 0.582154 0 -0.228127 0.588996 0.0875272 -0.240978 0.539802 0.123783 -0.240978 0.511982 0.141984 -0.228127 0.530184 0.100399 -0.228127 0.562094 0.151602 -0.240978 0.475727 0.169091 -0.240978 0.433507 0.193956 -0.228127 0.440169 0.173895 -0.228127 0.488597 0.151602 -0.240978 0.30067 0.169091 -0.240978 0.342891 0.169091 -0.956553 0.342891 0.151602 -0.956553 0.300671 0.0875272 -0.240978 0.236595 0.123783 -0.240978 0.264415 0.123783 -0.956553 0.264415 0.0875272 -0.956553 0.236595 0 -0.240978 0.213142 0.0453076 -0.240978 0.219107 0.0453076 -0.956553 0.219107 0 -0.956553 0.213142 -0.0875272 -0.240978 0.236595 -0.0453076 -0.240978 0.219107 -0.0453076 -0.956553 0.219107 -0.0875272 -0.956553 0.236595 -0.151602 -0.240978 0.30067 -0.123783 -0.240978 0.264415 -0.123783 -0.956553 0.264415 -0.151602 -0.956553 0.30067 -0.175057 -0.240978 0.388199 -0.169091 -0.240978 0.342891 -0.169091 -0.956553 0.342891 -0.175057 -0.956553 0.388199 -0.151602 -0.240978 0.475727 -0.169091 -0.240978 0.433506 -0.169091 -0.956553 0.433507 -0.151602 -0.956553 0.475727 -0.0875272 -0.240978 0.539802 -0.123783 -0.240978 0.511982 -0.123783 -0.956553 0.511982 -0.0875272 -0.956553 0.539802 0 -0.240978 0.563255 -0.0453076 -0.240978 0.55729 -0.0453076 -0.956553 0.55729 0 -0.956553 0.563255 0.0875272 -0.240978 0.539802 0.0453076 -0.240978 0.55729 0.0453076 -0.956553 0.55729 0.0875272 -0.956553 0.539802 0.151602 -0.240978 0.475727 0.123783 -0.240978 0.511982 0.123783 -0.956553 0.511982 0.151602 -0.956553 0.475727 0.175057 -0.240978 0.388199 0.169091 -0.240978 0.433507 0.169091 -0.956553 0.433507 0.175057 -0.956553 0.388199 0.151602 -0.956553 0.300671 0.169091 -0.956553 0.342891 0.193956 -0.965903 0.336228 0.173895 -0.965903 0.2878 0.175057 -0.956553 0.388199 0.169091 -0.956553 0.433507 0.193956 -0.965903 0.440169 0.200796 -0.965903 0.388199 0.151602 -0.956553 0.475727 0.123783 -0.956553 0.511982 0.141984 -0.965903 0.530184 0.173895 -0.965903 0.488597 0.0875272 -0.956553 0.539802 0.0453076 -0.956553 0.55729 0.0519695 -0.965903 0.582154 0.100399 -0.965903 0.562094 0 -0.956553 0.563255 -0.0453076 -0.956553 0.55729 -0.0519695 -0.965903 0.582154 0 -0.965903 0.588996 -0.0875272 -0.956553 0.539802 -0.123783 -0.956553 0.511982 -0.141984 -0.965903 0.530184 -0.100399 -0.965903 0.562094 -0.151602 -0.956553 0.475727 -0.169091 -0.956553 0.433507 -0.193956 -0.965903 0.440169 -0.173895 -0.965903 0.488597 -0.175057 -0.956553 0.388199 -0.169091 -0.956553 0.342891 -0.193956 -0.965903 0.336228 -0.200796 -0.965903 0.388199 -0.151602 -0.956553 0.30067 -0.123783 -0.956553 0.264415 -0.141984 -0.965903 0.246213 -0.173895 -0.965903 0.2878 -0.0875272 -0.956553 0.236595 -0.0453076 -0.956553 0.219107 -0.0519695 -0.965903 0.194243 -0.100399 -0.965903 0.214303 0 -0.956553 0.213142 0.0453076 -0.956553 0.219107 0.0519695 -0.965903 0.194243 0 -0.965903 0.187401 0.0875272 -0.956553 0.236595 0.123783 -0.956553 0.264415 0.141984 -0.965903 0.246213 0.100399 -0.965903 0.214303 0.169091 -0.195244 0.342891 0.152828 -0.174413 0.347249 0.158218 -0.174413 0.388199 0.175057 -0.195244 0.388199 0.123783 -0.195244 0.264415 0.111878 -0.174413 0.276322 0.137021 -0.174413 0.30909 0.151602 -0.195244 0.30067 0.0453076 -0.195244 0.219107 0.0409502 -0.174413 0.235372 0.0791101 -0.174413 0.251178 0.0875272 -0.195244 0.236595 -0.0453076 -0.195244 0.219107 -0.0409502 -0.174413 0.235372 0 -0.174413 0.229981 0 -0.195244 0.213142 -0.123783 -0.195244 0.264415 -0.111878 -0.174413 0.276322 -0.0791101 -0.174413 0.251178 -0.0875272 -0.195244 0.236595 -0.169091 -0.195244 0.342891 -0.152828 -0.174413 0.347249 -0.137021 -0.174413 0.30909 -0.151602 -0.195244 0.30067 -0.169091 -0.195244 0.433506 -0.152828 -0.174413 0.429148 -0.158218 -0.174413 0.388199 -0.175057 -0.195244 0.388199 -0.123783 -0.195244 0.511982 -0.111878 -0.174413 0.500076 -0.137021 -0.174413 0.467308 -0.151602 -0.195244 0.475727 -0.0453076 -0.195244 0.55729 -0.0409502 -0.174413 0.541026 -0.0791101 -0.174413 0.52522 -0.0875272 -0.195244 0.539802 0.0453076 -0.195244 0.55729 0.0409502 -0.174413 0.541026 0 -0.174413 0.546417 0 -0.195244 0.563255 0.123783 -0.195244 0.511982 0.111878 -0.174413 0.500076 0.0791101 -0.174413 0.52522 0.0875272 -0.195244 0.539802 0.169091 -0.195244 0.433507 0.152828 -0.174413 0.429149 0.137021 -0.174413 0.467308 0.151602 -0.195244 0.475727 0.152828 -0.174413 0.347249 0.132835 -0.174413 0.352606 0.137522 -0.174413 0.388199 0.158218 -0.174413 0.388199 0.111878 -0.174413 0.276322 0.0972429 -0.174413 0.290957 0.119096 -0.174413 0.319438 0.137021 -0.174413 0.30909 0.0409502 -0.174413 0.235372 0.0355919 -0.174413 0.255364 0.0687597 -0.174413 0.269102 0.0791101 -0.174413 0.251178 -0.0409502 -0.174413 0.235372 -0.0355919 -0.174413 0.255364 0 -0.174413 0.250678 0 -0.174413 0.229981 -0.111878 -0.174413 0.276322 -0.0972429 -0.174413 0.290957 -0.0687597 -0.174413 0.269102 -0.0791101 -0.174413 0.251178 -0.152828 -0.174413 0.347249 -0.132835 -0.174413 0.352606 -0.119096 -0.174413 0.319438 -0.137021 -0.174413 0.30909 -0.152828 -0.174413 0.429148 -0.132835 -0.174413 0.423792 -0.137522 -0.174413 0.388199 -0.158218 -0.174413 0.388199 -0.111878 -0.174413 0.500076 -0.0972429 -0.174413 0.485441 -0.119096 -0.174413 0.456959 -0.137021 -0.174413 0.467308 -0.0409502 -0.174413 0.541026 -0.0355919 -0.174413 0.521034 -0.0687597 -0.174413 0.507295 -0.0791101 -0.174413 0.52522 0.0409502 -0.174413 0.541026 0.0355919 -0.174413 0.521034 0 -0.174413 0.52572 0 -0.174413 0.546417 0.111878 -0.174413 0.500076 0.0972429 -0.174413 0.485441 0.0687597 -0.174413 0.507295 0.0791101 -0.174413 0.52522 0.152828 -0.174413 0.429149 0.132835 -0.174413 0.423792 0.119096 -0.174413 0.456959 0.137021 -0.174413 0.467308 0.137522 -0.119362 0.388199 0.132835 -0.119362 0.352606 0.136543 -0.0937649 0.351612 0.141359 -0.0937649 0.388199 0.119096 -0.119362 0.319438 0.0972429 -0.119362 0.290957 0.099955 -0.0937649 0.288242 0.122421 -0.0937649 0.317519 0.0687597 -0.119362 0.269102 0.0355919 -0.119362 0.255364 0.0365854 -0.0937649 0.251656 0.0706808 -0.0937649 0.265778 0 -0.119362 0.250678 -0.0355919 -0.119362 0.255364 -0.0365854 -0.0937649 0.251656 0 -0.0937649 0.246839 -0.0687597 -0.119362 0.269102 -0.0972429 -0.119362 0.290957 -0.099955 -0.0937649 0.288242 -0.0706808 -0.0937649 0.265778 -0.119096 -0.119362 0.319438 -0.132835 -0.119362 0.352606 -0.136543 -0.0937649 0.351612 -0.122421 -0.0937649 0.317519 -0.137522 -0.119362 0.388199 -0.132835 -0.119362 0.423792 -0.136543 -0.0937649 0.424785 -0.141359 -0.0937649 0.388199 -0.119096 -0.119362 0.456959 -0.0972429 -0.119362 0.485441 -0.099955 -0.0937649 0.488155 -0.122421 -0.0937649 0.458878 -0.0687597 -0.119362 0.507295 -0.0355919 -0.119362 0.521034 -0.0365854 -0.0937649 0.524741 -0.0706808 -0.0937649 0.51062 0 -0.119362 0.52572 0.0355919 -0.119362 0.521034 0.0365854 -0.0937649 0.524741 0 -0.0937649 0.529558 0.0687597 -0.119362 0.507295 0.0972429 -0.119362 0.485441 0.0999575 -0.0937649 0.488155 0.0706808 -0.0937649 0.51062 0.119096 -0.119362 0.456959 0.132835 -0.119362 0.423792 0.136543 -0.0937649 0.424785 0.122421 -0.0937649 0.458878 0.159246 -0.0279477 0.345529 0.164863 -0.0279477 0.388199 0.116577 -0.0279477 0.271623 0.142775 -0.0279477 0.305767 0.0426687 -0.0279477 0.228953 0.0824325 -0.0279477 0.245423 -0.0426687 -0.0279477 0.228953 0 -0.0279477 0.223336 -0.116577 -0.0279477 0.271623 -0.0824325 -0.0279477 0.245423 -0.159246 -0.0279477 0.345529 -0.142775 -0.0279477 0.305767 -0.159246 -0.0279477 0.430868 -0.164863 -0.0279477 0.388199 -0.116577 -0.0279477 0.504775 -0.142775 -0.0279477 0.47063 -0.0426687 -0.0279477 0.547444 -0.0824325 -0.0279477 0.530974 0.0426687 -0.0279477 0.547444 0 -0.0279477 0.553062 0.116577 -0.0279477 0.504775 0.0824325 -0.0279477 0.530974 0.159246 -0.0279477 0.430868 0.142775 -0.0279477 0.47063 0.165112 0.0433184 0.343957 0.170936 0.0433184 0.388199 0.120868 0.0433184 0.267328 0.148033 0.0433184 0.30273 0.0442384 0.0433184 0.223086 0.0854668 0.0433184 0.240162 -0.0442433 0.0433184 0.223086 -2.44114e-06 0.0433184 0.217261 -0.120873 0.0433184 0.267328 -0.0854717 0.0433184 0.240162 -0.165116 0.0433184 0.343957 -0.148038 0.0433184 0.30273 -0.165116 0.0433184 0.43244 -0.170941 0.0433184 0.388199 -0.120873 0.0433184 0.50907 -0.148038 0.0433184 0.473667 -0.0442433 0.0433184 0.553311 -0.0854717 0.0433184 0.536235 0.0442384 0.0433184 0.553311 -2.44114e-06 0.0433184 0.559136 0.120868 0.0433184 0.50907 0.0854668 0.0433184 0.536235 0.165112 0.0433184 0.43244 0.148033 0.0433184 0.473667 0.15046 0.10751 0.347883 0.155767 0.10751 0.388199 0.110144 0.10751 0.278053 0.134898 0.10751 0.310314 0.040313 0.10751 0.237737 0.0778822 0.10751 0.253298 -0.0403179 0.10751 0.237737 -2.44114e-06 0.10751 0.232429 -0.110149 0.10751 0.278053 -0.0778871 0.10751 0.253298 -0.150465 0.10751 0.347883 -0.134902 0.10751 0.310314 -0.150465 0.10751 0.428515 -0.155772 0.10751 0.388199 -0.110149 0.10751 0.498344 -0.134902 0.10751 0.466083 -0.0403179 0.10751 0.53866 -0.0778871 0.10751 0.523099 0.040313 0.10751 0.53866 -2.44114e-06 0.10751 0.543968 0.110144 0.10751 0.498344 0.0778822 0.10751 0.523099 0.15046 0.10751 0.428515 0.134898 0.10751 0.466083 0.133987 0.154582 0.388199 0.12942 0.154582 0.35352 0.121286 0.190875 0.3557 0.125565 0.190875 0.388199 0.116035 0.154582 0.321206 0.0947432 0.154582 0.293456 0.0887868 0.190875 0.29941 0.108741 0.190875 0.325415 0.0669923 0.154582 0.272163 0.0346789 0.154582 0.258778 0.0324965 0.190875 0.26691 0.0627813 0.190875 0.279455 0 0.154582 0.254213 -0.0346789 0.154582 0.258778 -0.0325014 0.190875 0.26691 -2.44114e-06 0.190875 0.262632 -0.0669923 0.154582 0.272163 -0.0947432 0.154582 0.293456 -0.0887917 0.190875 0.29941 -0.0627862 0.190875 0.279455 -0.116035 0.154582 0.321206 -0.12942 0.154582 0.35352 -0.121291 0.190875 0.3557 -0.108746 0.190875 0.325415 -0.133987 0.154582 0.388199 -0.12942 0.154582 0.422877 -0.121291 0.190875 0.420698 -0.12557 0.190875 0.388199 -0.116035 0.154582 0.455192 -0.0947432 0.154582 0.482941 -0.0887917 0.190875 0.476988 -0.108746 0.190875 0.450982 -0.0669923 0.154582 0.504234 -0.0346789 0.154582 0.517619 -0.0325014 0.190875 0.509487 -0.0627862 0.190875 0.496943 0 0.154582 0.522184 0.0346789 0.154582 0.517619 0.0324965 0.190875 0.509487 -2.44114e-06 0.190875 0.513765 0.0669923 0.154582 0.504234 0.0947432 0.154582 0.482941 0.0887868 0.190875 0.476988 0.0627813 0.190875 0.496943 0.12942 0.154582 0.422877 0.121286 0.190875 0.420698 0.108741 0.190875 0.450982 0.116035 0.154582 0.455192 0 0.154582 0.522184 -2.44114e-06 0.10751 0.543968 0.153538 0.751945 0.347058 0.153538 0.797438 0.347058 0.158955 0.797438 0.388199 0.158955 0.751945 0.388199 0.112398 0.751945 0.2758 0.112398 0.797438 0.2758 0.137658 0.797438 0.308721 0.137658 0.751945 0.308721 0.0411406 0.751945 0.23466 0.0411406 0.797438 0.23466 0.0794787 0.797438 0.250539 0.0794787 0.751945 0.250539 -0.0411406 0.751945 0.23466 -0.0411406 0.797438 0.23466 0 0.797438 0.229243 0 0.751945 0.229243 -0.112398 0.751945 0.2758 -0.112398 0.797438 0.2758 -0.0794787 0.797438 0.250539 -0.0794787 0.751945 0.250539 -0.153538 0.751945 0.347058 -0.153538 0.797438 0.347058 -0.137658 0.797438 0.308721 -0.137658 0.751945 0.308721 -0.153538 0.751945 0.429339 -0.153538 0.797438 0.429339 -0.158955 0.797438 0.388199 -0.158955 0.751945 0.388199 -0.112398 0.751945 0.500597 -0.112398 0.797438 0.500597 -0.137658 0.797438 0.467676 -0.137658 0.751945 0.467676 -0.0411406 0.751945 0.541738 -0.0411406 0.797438 0.541738 -0.0794787 0.797438 0.525858 -0.0794787 0.751945 0.525858 0.0411406 0.751945 0.541738 0.0411406 0.797438 0.541738 0 0.797438 0.547154 0 0.751945 0.547154 0.112398 0.751945 0.500597 0.112398 0.797438 0.500597 0.0794787 0.797438 0.525858 0.0794787 0.751945 0.525858 0.153538 0.751945 0.429339 0.153538 0.797438 0.429339 0.137658 0.797438 0.467676 0.137658 0.751945 0.467676 0.125565 0.751945 0.388199 0.121286 0.751945 0.3557 0.153538 0.751945 0.347058 0.158955 0.751945 0.388199 0.108741 0.751945 0.325415 0.0887868 0.751945 0.29941 0.112398 0.751945 0.2758 0.137658 0.751945 0.308721 0.0627813 0.751945 0.279455 0.0324965 0.751945 0.26691 0.0411406 0.751945 0.23466 0.0794787 0.751945 0.250539 -2.44114e-06 0.751945 0.262632 -0.0325014 0.751945 0.26691 -0.0411406 0.751945 0.23466 0 0.751945 0.229243 -0.0627862 0.751945 0.279455 -0.0887917 0.751945 0.29941 -0.112398 0.751945 0.2758 -0.0794787 0.751945 0.250539 -0.108746 0.751945 0.325415 -0.121291 0.751945 0.3557 -0.153538 0.751945 0.347058 -0.137658 0.751945 0.308721 -0.12557 0.751945 0.388199 -0.121291 0.751945 0.420698 -0.153538 0.751945 0.429339 -0.158955 0.751945 0.388199 -0.108746 0.751945 0.450982 -0.0887917 0.751945 0.476988 -0.112398 0.751945 0.500597 -0.137658 0.751945 0.467676 -0.0627862 0.751945 0.496943 -0.0325014 0.751945 0.509487 -0.0411406 0.751945 0.541738 -0.0794787 0.751945 0.525858 -2.44114e-06 0.751945 0.513765 0.0324965 0.751945 0.509487 0.0411406 0.751945 0.541738 0 0.751945 0.547154 0.0627813 0.751945 0.496943 0.0887868 0.751945 0.476988 0.112398 0.751945 0.500597 0.0794787 0.751945 0.525858 0.108741 0.751945 0.450982 0.121286 0.751945 0.420698 0.153538 0.751945 0.429339 0.137658 0.751945 0.467676 0.108741 0.797438 0.325415 0.121286 0.797438 0.3557 0.153538 0.797438 0.347058 0.137658 0.797438 0.308721 0.125565 0.797438 0.388199 0.121286 0.797438 0.420698 0.153538 0.797438 0.429339 0.158955 0.797438 0.388199 0.108741 0.797438 0.450982 0.0887868 0.797438 0.476988 0.112398 0.797438 0.500597 0.137658 0.797438 0.467676 0.0627813 0.797438 0.496943 0.0324965 0.797438 0.509487 0.0411406 0.797438 0.541738 0.0794787 0.797438 0.525858 -2.44114e-06 0.797438 0.513765 -0.0325014 0.797438 0.509487 -0.0411406 0.797438 0.541738 0 0.797438 0.547154 -0.0627862 0.797438 0.496943 -0.0887917 0.797438 0.476988 -0.112398 0.797438 0.500597 -0.0794787 0.797438 0.525858 -0.108746 0.797438 0.450982 -0.121291 0.797438 0.420698 -0.153538 0.797438 0.429339 -0.137658 0.797438 0.467676 -0.12557 0.797438 0.388199 -0.121291 0.797438 0.3557 -0.153538 0.797438 0.347058 -0.158955 0.797438 0.388199 -0.108746 0.797438 0.325415 -0.0887917 0.797438 0.29941 -0.112398 0.797438 0.2758 -0.137658 0.797438 0.308721 -0.0627862 0.797438 0.279455 -0.0325014 0.797438 0.26691 -0.0411406 0.797438 0.23466 -0.0794787 0.797438 0.250539 -2.44114e-06 0.797438 0.262632 0.0324965 0.797438 0.26691 0.0411406 0.797438 0.23466 0 0.797438 0.229243 0.0627813 0.797438 0.279455 0.0887868 0.797438 0.29941 0.112398 0.797438 0.2758 0.0794787 0.797438 0.250539 0.121286 0.797438 0.3557 0.121286 0.816935 0.3557 0.125565 0.816935 0.388199 0.125565 0.797438 0.388199 0.0887868 0.797438 0.29941 0.0887868 0.816935 0.29941 0.108741 0.816935 0.325415 0.108741 0.797438 0.325415 0.0324965 0.797438 0.26691 0.0324965 0.816935 0.26691 0.0627813 0.816935 0.279455 0.0627813 0.797438 0.279455 -0.0325014 0.797438 0.26691 -0.0325014 0.816935 0.26691 -2.44114e-06 0.816935 0.262632 -2.44114e-06 0.797438 0.262632 -0.0887917 0.797438 0.29941 -0.0887917 0.816935 0.29941 -0.0627862 0.816935 0.279455 -0.0627862 0.797438 0.279455 -0.121291 0.797438 0.3557 -0.121291 0.816935 0.3557 -0.108746 0.816935 0.325415 -0.108746 0.797438 0.325415 -0.121291 0.797438 0.420698 -0.121291 0.816935 0.420698 -0.12557 0.816935 0.388199 -0.12557 0.797438 0.388199 -0.0887917 0.797438 0.476988 -0.0887917 0.816935 0.476988 -0.108746 0.816935 0.450982 -0.108746 0.797438 0.450982 -0.0325014 0.797438 0.509487 -0.0325014 0.816935 0.509487 -0.0627862 0.816935 0.496943 -0.0627862 0.797438 0.496943 0.0324965 0.797438 0.509487 0.0324965 0.816935 0.509487 -2.44114e-06 0.816935 0.513765 -2.44114e-06 0.797438 0.513765 0.0887868 0.797438 0.476988 0.0887868 0.816935 0.476988 0.0627813 0.816935 0.496943 0.0627813 0.797438 0.496943 0.121286 0.797438 0.420698 0.121286 0.816935 0.420698 0.108741 0.816935 0.450982 0.108741 0.797438 0.450982 0.121286 0.816935 0.3557 0.103861 0.816935 0.360369 0.107525 0.816935 0.388199 0.125565 0.816935 0.388199 0.0887868 0.816935 0.29941 0.0760318 0.816935 0.312168 0.0931174 0.816935 0.334436 0.108741 0.816935 0.325415 0.0324965 0.816935 0.26691 0.027829 0.816935 0.284338 0.0537613 0.816935 0.29508 0.0627813 0.816935 0.279455 -0.0325014 0.816935 0.26691 -0.027829 0.816935 0.284338 0 0.816935 0.280674 -2.44114e-06 0.816935 0.262632 -0.0887917 0.816935 0.29941 -0.0760318 0.816935 0.312168 -0.0537613 0.816935 0.29508 -0.0627862 0.816935 0.279455 -0.121291 0.816935 0.3557 -0.103861 0.816935 0.360369 -0.0931174 0.816935 0.334436 -0.108746 0.816935 0.325415 -0.121291 0.816935 0.420698 -0.103861 0.816935 0.416028 -0.107525 0.816935 0.388199 -0.12557 0.816935 0.388199 -0.0887917 0.816935 0.476988 -0.0760318 0.816935 0.464229 -0.0931174 0.816935 0.441961 -0.108746 0.816935 0.450982 -0.0325014 0.816935 0.509487 -0.027829 0.816935 0.492059 -0.0537613 0.816935 0.481317 -0.0627862 0.816935 0.496943 0.0324965 0.816935 0.509487 0.027829 0.816935 0.492059 0 0.816935 0.495723 -2.44114e-06 0.816935 0.513765 0.0887868 0.816935 0.476988 0.0760318 0.816935 0.464229 0.0537613 0.816935 0.481317 0.0627813 0.816935 0.496943 0.121286 0.816935 0.420698 0.103861 0.816935 0.416028 0.0931174 0.816935 0.441961 0.108741 0.816935 0.450982 0.103861 0.816935 0.360369 0.103861 0.903588 0.360369 0.107525 0.903588 0.388199 0.107525 0.816935 0.388199 0.0760318 0.816935 0.312168 0.0760318 0.903588 0.312168 0.0931174 0.903588 0.334436 0.0931174 0.816935 0.334436 0.027829 0.816935 0.284338 0.027829 0.903588 0.284338 0.0537613 0.903588 0.29508 0.0537613 0.816935 0.29508 -0.027829 0.816935 0.284338 -0.027829 0.903588 0.284338 0 0.903588 0.280674 0 0.816935 0.280674 -0.0760318 0.816935 0.312168 -0.0760318 0.903588 0.312168 -0.0537613 0.903588 0.29508 -0.0537613 0.816935 0.29508 -0.103861 0.816935 0.360369 -0.103861 0.903588 0.360369 -0.0931174 0.903588 0.334436 -0.0931174 0.816935 0.334436 -0.103861 0.816935 0.416028 -0.103861 0.903588 0.416028 -0.107525 0.903588 0.388199 -0.107525 0.816935 0.388199 -0.0760318 0.816935 0.464229 -0.0760318 0.903588 0.464229 -0.0931174 0.903588 0.441961 -0.0931174 0.816935 0.441961 -0.027829 0.816935 0.492059 -0.027829 0.903588 0.492059 -0.0537613 0.903588 0.481317 -0.0537613 0.816935 0.481317 0.027829 0.816935 0.492059 0.027829 0.903588 0.492059 0 0.903588 0.495723 0 0.816935 0.495723 0.0760318 0.816935 0.464229 0.0760318 0.903588 0.464229 0.0537613 0.903588 0.481317 0.0537613 0.816935 0.481317 0.103861 0.816935 0.416028 0.103861 0.903588 0.416028 0.0931174 0.903588 0.441961 0.0931174 0.816935 0.441961 0.127008 0.903588 0.354167 0.127005 0.927418 0.354167 0.131485 0.927418 0.388199 0.131487 0.903588 0.388199 0.0929758 0.903588 0.295223 0.0929734 0.927418 0.295223 0.11387 0.927418 0.322455 0.113872 0.903588 0.322455 0.034032 0.903588 0.261191 0.0340295 0.927418 0.261191 0.0657424 0.927418 0.274327 0.0657449 0.903588 0.274327 -0.034032 0.903588 0.261191 -0.0340344 0.927418 0.261191 -2.44114e-06 0.927418 0.256711 0 0.903588 0.256711 -0.0929758 0.903588 0.295223 -0.0929782 0.927418 0.295223 -0.0657473 0.927418 0.274327 -0.0657449 0.903588 0.274327 -0.127008 0.903588 0.354167 -0.12701 0.927418 0.354167 -0.113874 0.927418 0.322455 -0.113872 0.903588 0.322455 -0.127008 0.903588 0.42223 -0.12701 0.927418 0.42223 -0.13149 0.927418 0.388199 -0.131487 0.903588 0.388199 -0.0929758 0.903588 0.481174 -0.0929782 0.927418 0.481174 -0.113874 0.927418 0.453942 -0.113872 0.903588 0.453942 -0.034032 0.903588 0.515206 -0.0340344 0.927418 0.515206 -0.0657473 0.927418 0.50207 -0.0657449 0.903588 0.50207 0.034032 0.903588 0.515206 0.0340295 0.927418 0.515206 -2.44114e-06 0.927418 0.519686 0 0.903588 0.519686 0.0929758 0.903588 0.481174 0.0929734 0.927418 0.481174 0.0657424 0.927418 0.50207 0.0657449 0.903588 0.50207 0.127008 0.903588 0.42223 0.127005 0.927418 0.42223 0.11387 0.927418 0.453942 0.113872 0.903588 0.453942 0.107525 0.903588 0.388199 0.103861 0.903588 0.360369 0.127008 0.903588 0.354167 0.131487 0.903588 0.388199 0.0931174 0.903588 0.334436 0.0760318 0.903588 0.312168 0.0929758 0.903588 0.295223 0.113872 0.903588 0.322455 0.0537613 0.903588 0.29508 0.027829 0.903588 0.284338 0.034032 0.903588 0.261191 0.0657449 0.903588 0.274327 0 0.903588 0.280674 -0.027829 0.903588 0.284338 -0.034032 0.903588 0.261191 0 0.903588 0.256711 -0.0537613 0.903588 0.29508 -0.0760318 0.903588 0.312168 -0.0929758 0.903588 0.295223 -0.0657449 0.903588 0.274327 -0.0931174 0.903588 0.334436 -0.103861 0.903588 0.360369 -0.127008 0.903588 0.354167 -0.113872 0.903588 0.322455 -0.107525 0.903588 0.388199 -0.103861 0.903588 0.416028 -0.127008 0.903588 0.42223 -0.131487 0.903588 0.388199 -0.0931174 0.903588 0.441961 -0.0760318 0.903588 0.464229 -0.0929758 0.903588 0.481174 -0.113872 0.903588 0.453942 -0.0537613 0.903588 0.481317 -0.027829 0.903588 0.492059 -0.034032 0.903588 0.515206 -0.0657449 0.903588 0.50207 0 0.903588 0.495723 0.027829 0.903588 0.492059 0.034032 0.903588 0.515206 0 0.903588 0.519686 0.0537613 0.903588 0.481317 0.0760318 0.903588 0.464229 0.0929758 0.903588 0.481174 0.0657449 0.903588 0.50207 0.0931174 0.903588 0.441961 0.103861 0.903588 0.416028 0.127008 0.903588 0.42223 0.113872 0.903588 0.453942 0.0931174 0.927418 0.334436 0.103861 0.927418 0.360369 0.127005 0.927418 0.354167 0.11387 0.927418 0.322455 0.107525 0.927418 0.388199 0.103861 0.927418 0.416028 0.127005 0.927418 0.42223 0.131485 0.927418 0.388199 0.0931174 0.927418 0.441961 0.0760318 0.927418 0.464229 0.0929734 0.927418 0.481174 0.11387 0.927418 0.453942 0.0537613 0.927418 0.481317 0.027829 0.927418 0.492059 0.0340295 0.927418 0.515206 0.0657424 0.927418 0.50207 0 0.927418 0.495723 -0.027829 0.927418 0.492059 -0.0340344 0.927418 0.515206 -2.44114e-06 0.927418 0.519686 -0.0537613 0.927418 0.481317 -0.0760318 0.927418 0.464229 -0.0929782 0.927418 0.481174 -0.0657473 0.927418 0.50207 -0.0931174 0.927418 0.441961 -0.103861 0.927418 0.416028 -0.12701 0.927418 0.42223 -0.113874 0.927418 0.453942 -0.107525 0.927418 0.388199 -0.103861 0.927418 0.360369 -0.12701 0.927418 0.354167 -0.13149 0.927418 0.388199 -0.0931174 0.927418 0.334436 -0.0760318 0.927418 0.312168 -0.0929782 0.927418 0.295223 -0.113874 0.927418 0.322455 -0.0537613 0.927418 0.29508 -0.027829 0.927418 0.284338 -0.0340344 0.927418 0.261191 -0.0657473 0.927418 0.274327 0 0.927418 0.280674 0.027829 0.927418 0.284338 0.0340295 0.927418 0.261191 -2.44114e-06 0.927418 0.256711 0.0537613 0.927418 0.29508 0.0760318 0.927418 0.312168 0.0929734 0.927418 0.295223 0.0657424 0.927418 0.274327 0.103861 0.927418 0.360369 0.103861 0.940416 0.360369 0.107525 0.940416 0.388199 0.107525 0.927418 0.388199 0.0760318 0.927418 0.312168 0.0760318 0.940416 0.312168 0.0931174 0.940416 0.334436 0.0931174 0.927418 0.334436 0.027829 0.927418 0.284338 0.027829 0.940416 0.284338 0.0537613 0.940416 0.29508 0.0537613 0.927418 0.29508 -0.027829 0.927418 0.284338 -0.027829 0.940416 0.284338 0 0.940416 0.280674 0 0.927418 0.280674 -0.0760318 0.927418 0.312168 -0.0760318 0.940416 0.312168 -0.0537613 0.940416 0.29508 -0.0537613 0.927418 0.29508 -0.103861 0.927418 0.360369 -0.103861 0.940416 0.360369 -0.0931174 0.940416 0.334436 -0.0931174 0.927418 0.334436 -0.103861 0.927418 0.416028 -0.103861 0.940416 0.416028 -0.107525 0.940416 0.388199 -0.107525 0.927418 0.388199 -0.0760318 0.927418 0.464229 -0.0760318 0.940416 0.464229 -0.0931174 0.940416 0.441961 -0.0931174 0.927418 0.441961 -0.027829 0.927418 0.492059 -0.027829 0.940416 0.492059 -0.0537613 0.940416 0.481317 -0.0537613 0.927418 0.481317 0.027829 0.927418 0.492059 0.027829 0.940416 0.492059 0 0.940416 0.495723 0 0.927418 0.495723 0.0760318 0.927418 0.464229 0.0760318 0.940416 0.464229 0.0537613 0.940416 0.481317 0.0537613 0.927418 0.481317 0.103861 0.927418 0.416028 0.103861 0.940416 0.416028 0.0931174 0.940416 0.441961 0.0931174 0.927418 0.441961 0.103861 0.940416 0.360369 0.0907885 0.940416 0.363872 0.0939913 0.940416 0.388199 0.107525 0.940416 0.388199 0.0760318 0.940416 0.312168 0.0664626 0.940416 0.321736 0.0813999 0.940416 0.341202 0.0931174 0.940416 0.334436 0.027829 0.940416 0.284338 0.024326 0.940416 0.297409 0.0469969 0.940416 0.306799 0.0537613 0.940416 0.29508 -0.027829 0.940416 0.284338 -0.024326 0.940416 0.297409 0 0.940416 0.294206 0 0.940416 0.280674 -0.0760318 0.940416 0.312168 -0.0664626 0.940416 0.321736 -0.0469969 0.940416 0.306799 -0.0537613 0.940416 0.29508 -0.103861 0.940416 0.360369 -0.0907885 0.940416 0.363872 -0.0813999 0.940416 0.341202 -0.0931174 0.940416 0.334436 -0.103861 0.940416 0.416028 -0.0907885 0.940416 0.412526 -0.0939913 0.940416 0.388199 -0.107525 0.940416 0.388199 -0.0760318 0.940416 0.464229 -0.0664626 0.940416 0.454661 -0.0813999 0.940416 0.435195 -0.0931174 0.940416 0.441961 -0.027829 0.940416 0.492059 -0.024326 0.940416 0.478988 -0.0469969 0.940416 0.469598 -0.0537613 0.940416 0.481317 0.027829 0.940416 0.492059 0.024326 0.940416 0.478988 0 0.940416 0.482191 0 0.940416 0.495723 0.0760318 0.940416 0.464229 0.0664626 0.940416 0.454661 0.0469969 0.940416 0.469599 0.0537613 0.940416 0.481317 0.103861 0.940416 0.416028 0.0907885 0.940416 0.412526 0.0813999 0.940416 0.435195 0.0931174 0.940416 0.441961 0.0907885 0.940416 0.363872 0.0722481 0.970852 0.358334 0.0775014 0.970852 0.39846 0.0939913 0.940416 0.388199 0.0664626 0.940416 0.321736 0.0476365 0.970852 0.326211 0.0813999 0.940416 0.341202 0.024326 0.940416 0.297409 0.0102601 0.970852 0.310697 0.0469969 0.940416 0.306799 -0.024326 0.940416 0.297409 -0.0298649 0.970852 0.315949 0 0.940416 0.294206 -0.0664626 0.940416 0.321736 -0.0619879 0.970852 0.340561 -0.0469969 0.940416 0.306799 -0.0907885 0.940416 0.363872 -0.0775014 0.970852 0.377937 -0.0813999 0.940416 0.341202 -0.0907885 0.940416 0.412526 -0.0722481 0.970852 0.418063 -0.0939913 0.940416 0.388199 -0.0664626 0.940416 0.454661 -0.0476365 0.970852 0.450187 -0.0813999 0.940416 0.435195 -0.024326 0.940416 0.478988 -0.0102601 0.970852 0.465701 -0.0469969 0.940416 0.469598 0.024326 0.940416 0.478988 0.0298649 0.970852 0.460448 0 0.940416 0.482191 0.0664626 0.940416 0.454661 0.0619879 0.970852 0.435836 0.0469969 0.940416 0.469599 0.0907885 0.940416 0.412526 0.0813999 0.940416 0.435195 0.0406938 0.989569 0.399103 0.0297917 0.989569 0.358408 -0.0109046 0.989569 0.347504 -0.0406938 0.989569 0.377294 -0.0297917 0.989569 0.417989 0.0109046 0.989569 0.428894 0.0133994 0.989569 0.374798 0.0183061 0.989569 0.393104 -0.00490426 0.989569 0.369894 -0.0183061 0.989569 0.383294 -0.0133994 0.989569 0.401599 0.00490426 0.989569 0.406504 0.0183061 0.989569 0.393104 0.0133994 0.989569 0.374798 0.0133994 1 0.374798 0.0183061 1 0.393104 -0.00490426 0.989569 0.369894 -0.00490426 1 0.369894 -0.0183061 0.989569 0.383294 -0.0183061 1 0.383294 -0.0133994 0.989569 0.401599 -0.0133994 1 0.401599 0.00490426 0.989569 0.406504 0.00490426 1 0.406504 0.00490426 0.989569 0.406504 0.00490426 1 0.406504 0.0183061 1 0.393104 0.0133994 1 0.374798 0 1 0.388199 -0.00490426 1 0.369894 -0.0183061 1 0.383294 -0.0133994 1 0.401599 0.00490426 1 0.406504 0.132835 -0.174413 0.352606 0.119096 -0.174413 0.319438 0.0972429 -0.174413 0.290957 0.0687597 -0.174413 0.269102 0.0355919 -0.174413 0.255364 0 -0.174413 0.250678 -0.0355919 -0.174413 0.255364 -0.0687597 -0.174413 0.269102 -0.0972429 -0.174413 0.290957 -0.119096 -0.174413 0.319438 -0.132835 -0.174413 0.352606 -0.137522 -0.174413 0.388199 -0.132835 -0.174413 0.423792 -0.119096 -0.174413 0.456959 -0.0972429 -0.174413 0.485441 -0.0687597 -0.174413 0.507295 -0.0355919 -0.174413 0.521034 0 -0.174413 0.52572 0 -0.119362 0.52572 0.0355919 -0.174413 0.521034 0.0687597 -0.174413 0.507295 0.0972429 -0.174413 0.485441 0.119096 -0.174413 0.456959 0.132835 -0.174413 0.423792 0.137522 -0.174413 0.388199 0 -1 0.588996 0 -0.965903 0.588996 0 -0.195244 0.588996 0 -0.228127 0.588996 0 -0.240978 0.563255 0 -0.956553 0.563255 0 -0.0937649 0.529558 0 -0.0279477 0.553062 -2.44114e-06 0.0433184 0.559136 -2.44114e-06 0.190875 0.513765 0 0.751945 0.547154 0 0.797438 0.547154 -2.44114e-06 0.797438 0.513765 -2.44114e-06 0.816935 0.513765 0 0.816935 0.495723 0 0.903588 0.495723 0 0.903588 0.519686 -2.44114e-06 0.927418 0.519686 0 0.927418 0.495723 0 0.940416 0.495723 0 -0.174413 0.52572 0.193956 -1 0.336228 0.200796 -1 0.388199 0 -1 0.388199 0.193956 -1 0.440169 0.173895 -1 0.488597 0.141984 -1 0.530184 0.100399 -1 0.562094 0.0519695 -1 0.582154 0 -1 0.588996 -0.0519695 -1 0.582154 -0.100399 -1 0.562094 -0.141984 -1 0.530184 -0.173895 -1 0.488597 -0.193956 -1 0.440169 -0.200796 -1 0.388199 -0.193956 -1 0.336228 -0.173895 -1 0.2878 -0.141984 -1 0.246213 -0.100399 -1 0.214303 -0.0519695 -1 0.194243 0 -1 0.187401 0.0519695 -1 0.194243 0.100399 -1 0.214303 0.141984 -1 0.246213 0.173895 -1 0.2878 0.121286 0.751945 0.3557 0.125565 0.751945 0.388199 0.0887868 0.751945 0.29941 0.108741 0.751945 0.325415 0.0324965 0.751945 0.26691 0.0627813 0.751945 0.279455 -0.0325014 0.751945 0.26691 -2.44114e-06 0.751945 0.262632 -0.0887917 0.751945 0.29941 -0.0627862 0.751945 0.279455 -0.121291 0.751945 0.3557 -0.108746 0.751945 0.325415 -0.121291 0.751945 0.420698 -0.12557 0.751945 0.388199 -0.0887917 0.751945 0.476988 -0.108746 0.751945 0.450982 -0.0325014 0.751945 0.509487 -0.0627862 0.751945 0.496943 0.0324965 0.751945 0.509487 -2.44114e-06 0.751945 0.513765 0.0887868 0.751945 0.476988 0.0627813 0.751945 0.496943 0.121286 0.751945 0.420698 0.108741 0.751945 0.450982 -2.44114e-06 0.751945 0.513765 </float_array>
          <technique_common>
            <accessor count="1247" offset="0" source="#meshId0-positions-array" stride="3">
              <param name="X" type="float" />
              <param name="Y" type="float" />
              <param name="Z" type="float" />
            </accessor>
          </technique_common>
        </source>
        <source id="meshId0-normals" name="meshId0-normals">
          <float_array id="meshId0-normals-array" count="3741"> 0.965927 5.88504e-07 -0.258815 0.965927 5.88503e-07 -0.258815 1 -4.10622e-13 1.8658e-07 1 4.10622e-13 -1.8658e-07 0.707112 7.86926e-07 -0.707101 0.707112 7.86926e-07 -0.707101 0.866018 7.86909e-07 -0.500013 0.866018 7.86908e-07 -0.500013 0.258815 2.1556e-06 -0.965927 0.258815 2.1556e-06 -0.965927 0.500004 1.47966e-06 -0.866023 0.500004 1.47966e-06 -0.866023 -0.258815 1.63773e-06 -0.965927 -0.258815 1.63773e-06 -0.965927 0 2.23971e-06 -1 0 2.23971e-06 -1 -0.707112 1.58058e-06 -0.707101 -0.707113 1.58058e-06 -0.707101 -0.500004 1.41243e-06 -0.866023 -0.500004 1.41243e-06 -0.866023 -0.965927 6.55763e-07 -0.258815 -0.965927 6.55762e-07 -0.258815 -0.866018 1.1232e-06 -0.500013 -0.866018 1.1232e-06 -0.500013 -0.965927 -1.16692e-06 0.258814 -0.965927 -1.16692e-06 0.258815 -1 -7.39844e-08 2.29636e-07 -1 -7.3983e-08 -1.38739e-07 -0.707112 -1.23756e-06 0.707101 -0.707112 -1.23756e-06 0.707101 -0.866018 -1.21735e-06 0.500013 -0.866018 -1.21735e-06 0.500013 -0.258815 -2.6802e-06 0.965927 -0.258815 -2.6802e-06 0.965927 -0.500004 -2.4549e-06 0.866023 -0.500004 -2.4549e-06 0.866023 0.258815 -2.1556e-06 0.965927 0.258815 -2.1556e-06 0.965927 0 -2.23971e-06 1 0 -2.23971e-06 1 0.707112 -1.23756e-06 0.707101 0.707112 -1.23756e-06 0.707101 0.500004 -1.9303e-06 0.866023 0.500004 -1.9303e-06 0.866023 0.965927 -3.66554e-07 0.258814 0.965927 -3.66554e-07 0.258815 0.866018 -5.64961e-07 0.500013 0.866018 -5.64961e-07 0.500013 0.866018 8.15979e-07 -0.500013 0.965927 6.10244e-07 -0.258815 0.965927 6.10245e-07 -0.258815 0.866018 8.15979e-07 -0.500013 0.500004 1.5413e-06 -0.866023 0.707112 8.15997e-07 -0.707102 0.707112 8.15997e-07 -0.707102 0.500004 1.5413e-06 -0.866023 0 2.32246e-06 -1 0.258815 2.24221e-06 -0.965927 0.258815 2.24221e-06 -0.965927 0 2.32246e-06 -1 -0.500004 1.46461e-06 -0.866023 -0.258815 1.69823e-06 -0.965927 -0.258815 1.69823e-06 -0.965927 -0.500004 1.46461e-06 -0.866023 -0.866018 1.16469e-06 -0.500013 -0.707113 1.63897e-06 -0.707101 -0.707112 1.63897e-06 -0.707101 -0.866018 1.16469e-06 -0.500013 -1 -7.67176e-08 2.24852e-07 -0.965927 6.79987e-07 -0.258815 -0.965927 6.79989e-07 -0.258815 -1 -7.6716e-08 -1.67443e-07 -0.866018 -1.26232e-06 0.500013 -0.965927 -1.21003e-06 0.258815 -0.965927 -1.21002e-06 0.258814 -0.866018 -1.26233e-06 0.500013 -0.500004 -2.55257e-06 0.866023 -0.707112 -1.28328e-06 0.707101 -0.707112 -1.28328e-06 0.707101 -0.500004 -2.55256e-06 0.866023 0 -2.32246e-06 1 -0.258815 -2.78619e-06 0.965927 -0.258815 -2.78619e-06 0.965927 0 -2.32246e-06 1 0.500004 -2.00161e-06 0.866023 0.258815 -2.23523e-06 0.965927 0.258815 -2.23523e-06 0.965927 0.500004 -2.00161e-06 0.866023 0.866018 -5.85833e-07 0.500013 0.707112 -1.28328e-06 0.707101 0.707112 -1.28328e-06 0.707101 0.866018 -5.85833e-07 0.500013 1 -4.47122e-13 1.96148e-07 0.965927 -3.80096e-07 0.258815 0.965927 -3.80096e-07 0.258814 1 4.47122e-13 -1.96148e-07 0 1 6.12323e-17 0 1 6.12323e-17 0 1 6.12323e-17 0 1 6.12323e-17 0 1 6.12323e-17 0 1 6.12323e-17 0 1 6.12323e-17 0 1 6.12323e-17 0 1 6.12323e-17 0 1 6.12323e-17 0 1 6.12323e-17 0 1 6.12323e-17 0 1 6.12323e-17 0 1 6.12323e-17 0 1 6.12323e-17 0 1 6.12323e-17 0 1 6.12323e-17 0 1 6.12323e-17 0 1 6.12323e-17 0 1 6.12323e-17 0 1 6.12323e-17 0 1 6.12323e-17 0 1 6.12323e-17 0 1 6.12323e-17 0 1 6.12323e-17 0 1 6.12323e-17 0 1 6.12323e-17 0 1 6.12323e-17 0 1 6.12323e-17 0 1 6.12323e-17 0 1 6.12323e-17 0 1 6.12323e-17 0 1 6.12323e-17 0 1 6.12323e-17 0 1 6.12323e-17 0 1 6.12323e-17 0 1 6.12323e-17 0 1 6.12323e-17 0 1 6.12323e-17 0 1 6.12323e-17 0 1 6.12323e-17 0 1 6.12323e-17 0 1 6.12323e-17 0 1 6.12323e-17 0 1 6.12323e-17 0 1 6.12323e-17 0 1 6.12323e-17 0 1 6.12323e-17 0.446674 -0.894697 1.32655e-07 0.431447 -0.8947 -0.115608 0.431448 -0.8947 -0.115607 0.446674 -0.894697 -7.18735e-08 0.386825 -0.894699 -0.223338 0.315847 -0.894698 -0.315843 0.315846 -0.894698 -0.315844 0.386825 -0.894699 -0.223338 0.223334 -0.894699 -0.386827 0.115607 -0.894698 -0.431452 0.115606 -0.894698 -0.431452 0.223337 -0.894699 -0.386825 1.59188e-07 -0.894697 -0.446674 -0.115607 -0.894698 -0.431452 -0.115607 -0.894698 -0.431453 1.33483e-07 -0.894697 -0.446674 -0.223334 -0.894699 -0.386827 -0.315847 -0.894698 -0.315843 -0.315846 -0.894698 -0.315844 -0.223337 -0.894699 -0.386826 -0.386825 -0.894699 -0.223338 -0.431447 -0.8947 -0.115608 -0.431447 -0.8947 -0.115607 -0.386825 -0.894699 -0.223337 -0.446674 -0.894697 2.07826e-07 -0.431448 -0.8947 0.115608 -0.431448 -0.8947 0.115607 -0.446674 -0.894697 -2.56691e-09 -0.386826 -0.894699 0.223338 -0.315848 -0.894697 0.315844 -0.315847 -0.894697 0.315844 -0.386826 -0.894699 0.223337 -0.223335 -0.894698 0.386829 -0.115608 -0.894697 0.431454 -0.115607 -0.894697 0.431455 -0.223338 -0.894698 0.386827 1.61399e-07 -0.894696 0.446676 0.115608 -0.894697 0.431454 0.115607 -0.894697 0.431454 1.38616e-07 -0.894696 0.446676 0.223335 -0.894698 0.386829 0.315848 -0.894697 0.315844 0.315847 -0.894697 0.315845 0.223338 -0.894698 0.386827 0.386826 -0.894699 0.223339 0.431448 -0.8947 0.115608 0.431448 -0.8947 0.115607 0.386826 -0.894699 0.223338 0.866027 -7.38896e-08 -0.499998 0.965922 -5.5325e-08 -0.258833 0.965922 -5.5325e-08 -0.258833 0.866027 -7.38896e-08 -0.499998 0.5 -4.61351e-08 -0.866026 0.707107 -5.40387e-08 -0.707106 0.707107 -5.40387e-08 -0.707106 0.5 -4.61351e-08 -0.866026 4.21002e-07 -7.99556e-08 -1 0.258823 -5.14659e-08 -0.965925 0.258823 -5.14659e-08 -0.965925 4.21002e-07 -7.99556e-08 -1 -0.5 -1.13591e-07 -0.866025 -0.258822 -1.02932e-07 -0.965925 -0.258822 -1.02932e-07 -0.965925 -0.5 -1.13591e-07 -0.866025 -0.866027 -4.30105e-08 -0.499998 -0.707107 -9.66811e-08 -0.707106 -0.707107 -9.66811e-08 -0.707106 -0.866027 -4.30105e-08 -0.499998 -1 6.89269e-09 1.00467e-07 -0.965922 -1.74614e-08 -0.258834 -0.965922 -1.74614e-08 -0.258834 -1 6.8927e-09 1.19603e-07 -0.866027 1.00725e-07 0.499997 -0.965922 6.55262e-08 0.258833 -0.965922 6.55262e-08 0.258833 -0.866027 1.00725e-07 0.499997 -0.5 1.38405e-07 0.866026 -0.707107 1.13224e-07 0.707106 -0.707107 1.13224e-07 0.707106 -0.5 1.38405e-07 0.866026 4.16218e-07 1.33259e-07 1 -0.258822 1.27746e-07 0.965925 -0.258822 1.27746e-07 0.965925 4.16218e-07 1.33259e-07 1 0.5 1.38405e-07 0.866026 0.258822 1.54398e-07 0.965925 0.258822 1.54398e-07 0.965925 0.5 1.38405e-07 0.866026 0.866027 5.33035e-08 0.499998 0.707107 9.66811e-08 0.707106 0.707107 9.66811e-08 0.707106 0.866027 5.33035e-08 0.499998 1 2.16719e-14 9.56826e-08 0.965922 3.47389e-08 0.258833 0.965922 3.47389e-08 0.258833 1 2.7375e-14 1.24387e-07 0.295658 0.939919 -0.170702 0.329764 0.939919 -0.0883616 0.329764 0.939919 -0.0883607 0.295658 0.939919 -0.170701 0.341403 0.939917 1.9594e-07 0.329764 0.939919 0.0883621 0.329765 0.939919 0.0883607 0.341403 0.939917 -1.2878e-07 0.295659 0.939918 0.170703 0.24141 0.939917 0.241406 0.241409 0.939917 0.241407 0.29566 0.939918 0.170702 0.1707 0.939918 0.295662 0.0883614 0.939917 0.32977 0.0883608 0.939917 0.32977 0.170702 0.939918 0.29566 -2.2016e-09 0.939916 0.341405 -0.0883614 0.939917 0.32977 -0.0883608 0.939917 0.32977 -2.57567e-09 0.939916 0.341405 -0.170699 0.939918 0.295662 -0.24141 0.939917 0.241406 -0.241409 0.939917 0.241407 -0.170702 0.939918 0.29566 -0.295659 0.939918 0.170703 -0.329764 0.939919 0.088362 -0.329765 0.939919 0.0883608 -0.29566 0.939918 0.170702 -0.341403 0.939917 6.82487e-08 -0.329764 0.939919 -0.0883618 -0.329764 0.939919 -0.0883607 -0.341403 0.939917 -9.0146e-08 -0.295658 0.939919 -0.170702 -0.241408 0.939918 -0.241405 -0.241408 0.939918 -0.241406 -0.295659 0.939919 -0.170702 -0.170699 0.939919 -0.29566 -0.0883611 0.939918 -0.329768 -0.0883604 0.939918 -0.329768 -0.170701 0.939919 -0.295659 -2.2016e-09 0.939917 -0.341403 0.0883613 0.939918 -0.329768 0.0883606 0.939918 -0.329769 -2.57567e-09 0.939917 -0.341403 0.170699 0.939919 -0.29566 0.241408 0.939918 -0.241405 0.241408 0.939918 -0.241406 0.170701 0.939919 -0.295659 0.751216 0.628614 -0.201292 0.751217 0.628614 -0.20129 0.777709 0.628624 2.62802e-07 0.777709 0.628624 -1.20748e-07 0.549929 0.628614 -0.549929 0.549932 0.628614 -0.549927 0.673528 0.628608 -0.388859 0.673526 0.628608 -0.388863 0.201284 0.62863 -0.751206 0.201287 0.628629 -0.751205 0.388861 0.628619 -0.673517 0.388853 0.628619 -0.673522 -0.201283 0.62863 -0.751205 -0.201286 0.62863 -0.751204 3.80607e-07 0.628635 -0.7777 3.52176e-07 0.628636 -0.7777 -0.549929 0.628614 -0.549929 -0.549932 0.628614 -0.549926 -0.388861 0.62862 -0.673517 -0.388853 0.62862 -0.673521 -0.751217 0.628613 -0.201293 -0.751217 0.628613 -0.201291 -0.673529 0.628608 -0.38886 -0.673527 0.628608 -0.388863 -0.751218 0.628613 0.201292 -0.751218 0.628613 0.201291 -0.777709 0.628624 3.85141e-07 -0.777709 0.628624 -5.03115e-09 -0.549931 0.628612 0.54993 -0.549933 0.628612 0.549928 -0.67353 0.628606 0.38886 -0.673528 0.628606 0.388863 -0.201284 0.628627 0.751208 -0.201287 0.628627 0.751207 -0.388862 0.628617 0.673519 -0.388854 0.628617 0.673523 0.201284 0.628626 0.751208 0.201287 0.628626 0.751208 3.942e-07 0.628632 0.777703 3.62238e-07 0.628632 0.777703 0.549931 0.628611 0.549931 0.549933 0.628611 0.549928 0.388862 0.628616 0.673519 0.388855 0.628616 0.673524 0.751217 0.628613 0.201292 0.751218 0.628613 0.201291 0.673529 0.628606 0.38886 0.673528 0.628606 0.388863 0 1 6.12323e-17 0 1 6.12323e-17 0 1 6.12323e-17 0 1 6.12323e-17 0 1 6.12323e-17 0 1 6.12323e-17 0 1 6.12323e-17 0 1 6.12323e-17 0 1 6.12323e-17 0 1 6.12323e-17 0 1 6.12323e-17 0 1 6.12323e-17 0 1 6.12323e-17 0 1 6.12323e-17 0 1 6.12323e-17 0 1 6.12323e-17 0 1 6.12323e-17 0 1 6.12323e-17 0 1 6.12323e-17 0 1 6.12323e-17 0 1 6.12323e-17 0 1 6.12323e-17 0 1 6.12323e-17 0 1 6.12323e-17 0 1 6.12323e-17 0 1 6.12323e-17 0 1 6.12323e-17 0 1 6.12323e-17 0 1 6.12323e-17 0 1 6.12323e-17 0 1 6.12323e-17 0 1 6.12323e-17 0 1 6.12323e-17 0 1 6.12323e-17 0 1 6.12323e-17 0 1 6.12323e-17 0 1 6.12323e-17 0 1 6.12323e-17 0 1 6.12323e-17 0 1 6.12323e-17 0 1 6.12323e-17 0 1 6.12323e-17 0 1 6.12323e-17 0 1 6.12323e-17 0 1 6.12323e-17 0 1 6.12323e-17 0 1 6.12323e-17 0 1 6.12323e-17 0.997198 -0.074811 1.28725e-07 0.963215 -0.0748182 -0.258107 0.936396 -0.24537 -0.25091 0.969431 -0.245363 -5.48168e-08 0.863601 -0.0748154 -0.498595 0.705129 -0.0748107 -0.705121 0.685493 -0.245367 -0.685488 0.83955 -0.24537 -0.484716 0.498587 -0.0748202 -0.863605 0.258091 -0.0748209 -0.963219 0.250901 -0.245372 -0.936398 0.484714 -0.245375 -0.83955 0 -0.0748175 -0.997197 -0.258091 -0.074821 -0.963219 -0.250901 -0.245372 -0.936398 4.76668e-09 -0.245369 -0.96943 -0.498587 -0.0748201 -0.863605 -0.705129 -0.0748102 -0.705121 -0.685493 -0.245367 -0.685488 -0.484714 -0.245375 -0.83955 -0.863601 -0.0748149 -0.498595 -0.963215 -0.0748179 -0.258107 -0.936396 -0.24537 -0.25091 -0.83955 -0.245369 -0.484716 -0.997198 -0.0748109 1.59714e-07 -0.963215 -0.0748183 0.258107 -0.936396 -0.24537 0.25091 -0.969431 -0.245363 3.81334e-08 -0.863601 -0.0748156 0.498594 -0.705129 -0.0748112 0.705121 -0.685493 -0.245368 0.685488 -0.83955 -0.24537 0.484716 -0.498587 -0.0748213 0.863605 -0.258091 -0.0748223 0.963219 -0.2509 -0.245374 0.936398 -0.484714 -0.245377 0.839549 0 -0.0748189 0.997197 0.258091 -0.0748224 0.963219 0.2509 -0.245374 0.936398 4.76668e-09 -0.245371 0.969429 0.498582 -0.0748289 0.863607 0.705128 -0.0748287 0.705121 0.685496 -0.24538 0.685481 0.484705 -0.245381 0.839553 0.863604 -0.0748255 0.498588 0.963215 -0.0748186 0.258107 0.936396 -0.245371 0.25091 0.839555 -0.245376 0.484704 0.944348 -0.210183 -0.25304 0.977661 -0.210186 2.16833e-07 0.69132 -0.210183 -0.691303 0.846679 -0.210182 -0.488833 0.253032 -0.21019 -0.944349 0.488829 -0.210187 -0.84668 -0.253029 -0.210199 -0.944348 1.46179e-06 -0.210195 -0.97766 -0.691315 -0.210207 -0.691301 -0.488825 -0.210203 -0.846678 -0.944341 -0.210216 -0.25304 -0.846673 -0.210211 -0.488831 -0.944341 -0.210216 0.25304 -0.977654 -0.210219 4.2879e-07 -0.691315 -0.210206 0.691301 -0.846673 -0.21021 0.488831 -0.253029 -0.210197 0.944348 -0.488825 -0.210202 0.846679 0.253031 -0.210189 0.944349 1.46911e-06 -0.210193 0.97766 0.691321 -0.210177 0.691304 0.488826 -0.210183 0.846683 0.944348 -0.210183 0.253041 0.846683 -0.210178 0.488829 0.963381 0.0725082 -0.258146 0.997368 0.0725088 -1.84044e-07 0.705249 0.0725054 -0.705242 0.863743 0.0725066 -0.498689 0.258132 0.072497 -0.963386 0.498678 0.0725023 -0.86375 -0.258135 0.0724882 -0.963386 -1.42819e-06 0.0724919 -0.997369 -0.705252 0.0724816 -0.705242 -0.498681 0.0724854 -0.86375 -0.963383 0.0724757 -0.258146 -0.863746 0.0724775 -0.498688 -0.963384 0.0724761 0.258145 -0.99737 0.0724751 -4.90789e-09 -0.705252 0.072483 0.705242 -0.863746 0.0724784 0.498688 -0.258135 0.0724902 0.963386 -0.498681 0.0724872 0.863749 0.258131 0.0724991 0.963386 -1.42082e-06 0.072494 0.997369 0.70525 0.0725073 0.705241 0.498678 0.0725044 0.86375 0.963381 0.0725088 0.258146 0.863743 0.072508 0.498688 0.913798 0.324062 -0.244861 0.946036 0.324062 1.08946e-07 0.668952 0.324059 -0.668946 0.819293 0.324059 -0.473017 0.244849 0.324068 -0.913799 0.47301 0.324064 -0.819295 -0.244851 0.324078 -0.913795 -1.64873e-06 0.324073 -0.946032 -0.668947 0.324086 -0.668938 -0.473009 0.324083 -0.819288 -0.913786 0.3241 -0.244857 -0.819284 0.324092 -0.47301 -0.913786 0.3241 0.244857 -0.946023 0.324101 1.67052e-07 -0.668947 0.324087 0.668938 -0.819284 0.324093 0.47301 -0.244851 0.324078 0.913795 -0.473009 0.324083 0.819288 0.244848 0.324068 0.913799 -1.65115e-06 0.324073 0.946032 0.668952 0.324059 0.668946 0.47301 0.324064 0.819295 0.913798 0.324062 0.244861 0.819293 0.324059 0.473017 0.944905 0.327346 1.38222e-07 0.912704 0.327346 -0.244574 0.95953 0.114836 -0.257129 0.993384 0.114837 7.63124e-08 0.818317 0.32735 -0.47244 0.668153 0.32735 -0.668142 0.702435 0.114834 -0.702423 0.860298 0.114838 -0.496689 0.47245 0.327341 -0.818314 0.244568 0.32734 -0.912708 0.257104 0.114817 -0.959539 0.49669 0.114824 -0.860299 4.46123e-06 0.327338 -0.944907 -0.244559 0.327336 -0.912711 -0.257109 0.114801 -0.959539 -2.7687e-06 0.114809 -0.993388 -0.472445 0.327333 -0.818321 -0.668152 0.327337 -0.668149 -0.702441 0.114788 -0.702424 -0.496696 0.114792 -0.8603 -0.818319 0.327335 -0.472447 -0.912709 0.327329 -0.244577 -0.959537 0.114774 -0.25713 -0.860305 0.114782 -0.496689 -0.944911 0.327329 -1.00092e-07 -0.912709 0.327329 0.244577 -0.959537 0.114773 0.25713 -0.993392 0.114773 2.0032e-07 -0.818319 0.327335 0.472447 -0.668152 0.327337 0.668149 -0.702441 0.114787 0.702425 -0.860305 0.114781 0.496689 -0.472445 0.327332 0.818321 -0.24456 0.327335 0.912712 -0.257109 0.114799 0.95954 -0.496696 0.11479 0.8603 4.45646e-06 0.327338 0.944907 0.244567 0.32734 0.912708 0.257103 0.114815 0.959539 -2.7687e-06 0.114807 0.993388 0.472451 0.327341 0.818314 0.668154 0.327349 0.668142 0.702435 0.114832 0.702423 0.49669 0.114822 0.860299 0.912704 0.327345 0.244573 0.95953 0.114836 0.257129 0.860298 0.114837 0.49669 0.818317 0.327349 0.47244 4.45646e-06 0.327338 0.944907 -1.65115e-06 0.324073 0.946032 0.965924 2.67455e-07 -0.258826 0.965924 2.67455e-07 -0.258826 1 5.25357e-08 2.05717e-07 1 5.2536e-08 -7.17619e-08 0.707117 4.32972e-17 -0.707097 0.707117 4.32972e-17 -0.707097 0.866026 1.592e-07 -0.499999 0.866026 1.592e-07 -0.499999 0.258814 4.18696e-07 -0.965927 0.258814 4.18696e-07 -0.965927 0.500008 5.30285e-17 -0.866021 0.500008 5.30285e-17 -0.866021 -0.258814 4.18696e-07 -0.965927 -0.258814 4.18696e-07 -0.965927 0 8.37392e-07 -1 0 8.37392e-07 -1 -0.707117 5.92234e-07 -0.707097 -0.707117 5.92234e-07 -0.707097 -0.500007 3.37517e-07 -0.866021 -0.500007 3.37517e-07 -0.866021 -0.965924 1.58485e-17 -0.258826 -0.965924 1.58485e-17 -0.258826 -0.866026 2.54719e-07 -0.499999 -0.866026 2.54719e-07 -0.499999 -0.965924 -3.72527e-07 0.258825 -0.965924 -3.72527e-07 0.258826 -1 -5.41279e-08 6.69777e-08 -1 -5.41279e-08 6.69777e-08 -0.707116 3.37516e-07 0.707097 -0.707116 3.37515e-07 0.707097 -0.866026 -3.18399e-07 0.499999 -0.866026 -3.184e-07 0.499999 -0.258814 4.18696e-07 0.965927 -0.258814 4.18696e-07 0.965927 -0.500007 3.37517e-07 0.866021 -0.500007 3.37517e-07 0.866021 0.258813 8.11909e-07 0.965927 0.258813 8.11909e-07 0.965927 0 8.38984e-07 1 0 8.38984e-07 1 0.707117 3.31147e-07 0.707097 0.707117 3.31147e-07 0.707097 0.500008 7.2277e-07 0.866021 0.500007 7.2277e-07 0.866021 0.965924 -5.57198e-08 0.258826 0.965924 -5.57198e-08 0.258826 0.866026 -3.06162e-17 0.5 0.866026 -3.06162e-17 0.5 0 -1 -6.12323e-17 0 -1 -6.12323e-17 0 -1 -6.12323e-17 0 -1 -6.12323e-17 0 -1 -6.12323e-17 0 -1 -6.12323e-17 0 -1 -6.12323e-17 0 -1 -6.12323e-17 0 -1 -6.12323e-17 0 -1 -6.12323e-17 0 -1 -6.12323e-17 0 -1 -6.12323e-17 0 -1 -6.12323e-17 0 -1 -6.12323e-17 0 -1 -6.12323e-17 0 -1 -6.12323e-17 0 -1 -6.12323e-17 0 -1 -6.12323e-17 0 -1 -6.12323e-17 0 -1 -6.12323e-17 0 -1 -6.12323e-17 0 -1 -6.12323e-17 0 -1 -6.12323e-17 0 -1 -6.12323e-17 0 -1 -6.12323e-17 0 -1 -6.12323e-17 0 -1 -6.12323e-17 0 -1 -6.12323e-17 0 -1 -6.12323e-17 0 -1 -6.12323e-17 0 -1 -6.12323e-17 0 -1 -6.12323e-17 0 -1 -6.12323e-17 0 -1 -6.12323e-17 0 -1 -6.12323e-17 0 -1 -6.12323e-17 0 -1 -6.12323e-17 0 -1 -6.12323e-17 0 -1 -6.12323e-17 0 -1 -6.12323e-17 0 -1 -6.12323e-17 0 -1 -6.12323e-17 0 -1 -6.12323e-17 0 -1 -6.12323e-17 0 -1 -6.12323e-17 0 -1 -6.12323e-17 0 -1 -6.12323e-17 0 -1 -6.12323e-17 0 1 6.12323e-17 0 1 6.12323e-17 0 1 6.12323e-17 0 1 6.12323e-17 0 1 6.12323e-17 0 1 6.12323e-17 0 1 6.12323e-17 0 1 6.12323e-17 0 1 6.12323e-17 0 1 6.12323e-17 0 1 6.12323e-17 0 1 6.12323e-17 0 1 6.12323e-17 0 1 6.12323e-17 0 1 6.12323e-17 0 1 6.12323e-17 0 1 6.12323e-17 0 1 6.12323e-17 0 1 6.12323e-17 0 1 6.12323e-17 0 1 6.12323e-17 0 1 6.12323e-17 0 1 6.12323e-17 0 1 6.12323e-17 0 1 6.12323e-17 0 1 6.12323e-17 0 1 6.12323e-17 0 1 6.12323e-17 0 1 6.12323e-17 0 1 6.12323e-17 0 1 6.12323e-17 0 1 6.12323e-17 0 1 6.12323e-17 0 1 6.12323e-17 0 1 6.12323e-17 0 1 6.12323e-17 0 1 6.12323e-17 0 1 6.12323e-17 0 1 6.12323e-17 0 1 6.12323e-17 0 1 6.12323e-17 0 1 6.12323e-17 0 1 6.12323e-17 0 1 6.12323e-17 0 1 6.12323e-17 0 1 6.12323e-17 0 1 6.12323e-17 0 1 6.12323e-17 0.96592 1.58495e-17 -0.258842 0.96592 1.58495e-17 -0.258842 1 0 0 1 0 0 0.707117 4.32972e-17 -0.707097 0.707117 4.32972e-17 -0.707097 0.866025 3.06162e-17 -0.5 0.866025 3.06162e-17 -0.5 0.258816 5.91459e-17 -0.965927 0.258816 5.91459e-17 -0.965927 0.5 5.30288e-17 -0.866026 0.5 5.30288e-17 -0.866026 -0.258816 5.91459e-17 -0.965927 -0.258816 5.91459e-17 -0.965927 0 6.12323e-17 -1 0 6.12323e-17 -1 -0.707117 4.32972e-17 -0.707097 -0.707117 4.32972e-17 -0.707097 -0.499999 5.30288e-17 -0.866026 -0.499999 5.30288e-17 -0.866026 -0.96592 1.58495e-17 -0.258842 -0.96592 1.58495e-17 -0.258842 -0.866026 3.06161e-17 -0.5 -0.866026 3.06161e-17 -0.5 -0.96592 -1.58495e-17 0.258841 -0.96592 -1.58495e-17 0.258841 -1 -9.66713e-24 1.57876e-07 -1 -9.66713e-24 1.57876e-07 -0.707117 -4.32972e-17 0.707097 -0.707117 -4.32972e-17 0.707097 -0.866026 -3.06161e-17 0.499999 -0.866026 -3.06161e-17 0.499999 -0.258816 -5.91459e-17 0.965927 -0.258816 -5.91459e-17 0.965927 -0.499999 -5.30288e-17 0.866026 -0.499999 -5.30288e-17 0.866026 0.258815 -5.9146e-17 0.965927 0.258815 -5.9146e-17 0.965927 0 -6.12323e-17 1 0 -6.12323e-17 1 0.707117 -4.32972e-17 0.707097 0.707117 -4.32972e-17 0.707097 0.499999 -5.30288e-17 0.866026 0.499999 -5.30288e-17 0.866026 0.96592 -1.58495e-17 0.258841 0.96592 -1.58495e-17 0.258841 0.866025 -3.06162e-17 0.5 0.866025 -3.06162e-17 0.5 0 1 6.12323e-17 0 1 6.12323e-17 0 1 6.12323e-17 0 1 6.12323e-17 0 1 6.12323e-17 0 1 6.12323e-17 0 1 6.12323e-17 0 1 6.12323e-17 0 1 6.12323e-17 0 1 6.12323e-17 0 1 6.12323e-17 0 1 6.12323e-17 0 1 6.12323e-17 0 1 6.12323e-17 0 1 6.12323e-17 0 1 6.12323e-17 0 1 6.12323e-17 0 1 6.12323e-17 0 1 6.12323e-17 0 1 6.12323e-17 0 1 6.12323e-17 0 1 6.12323e-17 0 1 6.12323e-17 0 1 6.12323e-17 0 1 6.12323e-17 0 1 6.12323e-17 0 1 6.12323e-17 0 1 6.12323e-17 0 1 6.12323e-17 0 1 6.12323e-17 0 1 6.12323e-17 0 1 6.12323e-17 0 1 6.12323e-17 0 1 6.12323e-17 0 1 6.12323e-17 0 1 6.12323e-17 0 1 6.12323e-17 0 1 6.12323e-17 0 1 6.12323e-17 0 1 6.12323e-17 0 1 6.12323e-17 0 1 6.12323e-17 0 1 6.12323e-17 0 1 6.12323e-17 0 1 6.12323e-17 0 1 6.12323e-17 0 1 6.12323e-17 0 1 6.12323e-17 0.965917 1.58502e-17 -0.258853 0.965917 1.58502e-17 -0.258853 1 -2.92943e-25 4.78412e-09 1 -2.92943e-25 4.78412e-09 0.707114 4.32973e-17 -0.707099 0.707114 4.32973e-17 -0.707099 0.866025 3.06162e-17 -0.5 0.866025 3.06162e-17 -0.5 0.258824 5.91458e-17 -0.965925 0.258824 5.91458e-17 -0.965925 0.499988 5.30292e-17 -0.866032 0.499988 5.30292e-17 -0.866032 -0.258824 5.91458e-17 -0.965925 -0.258824 5.91458e-17 -0.965925 0 6.12323e-17 -1 0 6.12323e-17 -1 -0.707114 4.32973e-17 -0.707099 -0.707114 4.32973e-17 -0.707099 -0.499988 5.30292e-17 -0.866032 -0.499988 5.30292e-17 -0.866032 -0.965917 1.58502e-17 -0.258853 -0.965917 1.58502e-17 -0.258853 -0.866025 3.06162e-17 -0.500001 -0.866025 3.06162e-17 -0.500001 -0.965917 -1.58502e-17 0.258853 -0.965917 -1.58502e-17 0.258853 -1 -1.0253e-23 1.67444e-07 -1 -1.0253e-23 1.67444e-07 -0.707114 -4.32973e-17 0.707099 -0.707114 -4.32973e-17 0.707099 -0.866025 -3.06162e-17 0.5 -0.866025 -3.06162e-17 0.5 -0.258824 -5.91458e-17 0.965925 -0.258824 -5.91458e-17 0.965925 -0.499988 -5.30292e-17 0.866032 -0.499988 -5.30292e-17 0.866032 0.258823 -5.91458e-17 0.965925 0.258823 -5.91458e-17 0.965925 0 -6.12323e-17 1 0 -6.12323e-17 1 0.707115 -4.32973e-17 0.707098 0.707115 -4.32973e-17 0.707098 0.499988 -5.30292e-17 0.866032 0.499988 -5.30292e-17 0.866032 0.965917 -1.58502e-17 0.258853 0.965917 -1.58502e-17 0.258853 0.866025 -3.06162e-17 0.5 0.866025 -3.06162e-17 0.5 0.965929 9.88492e-05 -0.258807 0.965928 9.88491e-05 -0.258811 1 0.000102545 -3.44452e-07 1 0.000102545 1.81797e-07 0.707115 7.13083e-05 -0.707099 0.707106 7.13074e-05 -0.707107 0.86602 8.82301e-05 -0.500009 0.866025 8.82305e-05 -0.500001 0.258823 2.65093e-05 -0.965925 0.258807 2.65076e-05 -0.965929 0.499998 5.0578e-05 -0.866026 0.500011 5.05792e-05 -0.866019 -0.258807 -2.65076e-05 -0.965929 -0.258823 -2.65093e-05 -0.965925 -8.50616e-06 -8.7191e-10 -1 8.52051e-06 8.7191e-10 -1 -0.707106 -7.13074e-05 -0.707107 -0.707115 -7.13083e-05 -0.707099 -0.500011 -5.05792e-05 -0.866019 -0.499998 -5.0578e-05 -0.866026 -0.965928 -9.89556e-05 -0.258811 -0.965929 -9.89557e-05 -0.258807 -0.866025 -8.82305e-05 -0.500001 -0.86602 -8.82301e-05 -0.500009 -0.965928 -9.93671e-05 0.258811 -0.965929 -9.93672e-05 0.258807 -1 -0.000102545 8.13304e-08 -1 -0.000102545 8.1329e-08 -0.707106 -7.24391e-05 0.707107 -0.707115 -7.24399e-05 0.707099 -0.866025 -8.90314e-05 0.500001 -0.866021 -8.90309e-05 0.500008 -0.258807 -2.65076e-05 0.965929 -0.258823 -2.65093e-05 0.965925 -0.500011 -5.12186e-05 0.866019 -0.499998 -5.12173e-05 0.866027 0.258823 2.72588e-05 0.965925 0.258807 2.72571e-05 0.965929 -8.51572e-06 -8.7191e-10 1 8.51572e-06 8.7191e-10 1 0.707114 7.35716e-05 0.707099 0.707106 7.35708e-05 0.707108 0.499999 5.26061e-05 0.866026 0.500012 5.26073e-05 0.866019 0.965929 9.97822e-05 0.258807 0.965928 9.97822e-05 0.258811 0.86602 8.9832e-05 0.500009 0.866024 8.98324e-05 0.500002 0 -1 -6.12323e-17 0 -1 -6.12323e-17 0 -1 -6.12323e-17 0 -1 -6.12323e-17 0 -1 -6.12323e-17 0 -1 -6.12323e-17 0 -1 -6.12323e-17 0 -1 -6.12323e-17 0 -1 -6.12323e-17 0 -1 -6.12323e-17 0 -1 -6.12323e-17 0 -1 -6.12323e-17 0 -1 -6.12323e-17 0 -1 -6.12323e-17 0 -1 -6.12323e-17 0 -1 -6.12323e-17 0 -1 -6.12323e-17 0 -1 -6.12323e-17 0 -1 -6.12323e-17 0 -1 -6.12323e-17 0 -1 -6.12323e-17 0 -1 -6.12323e-17 0 -1 -6.12323e-17 0 -1 -6.12323e-17 0 -1 -6.12323e-17 0 -1 -6.12323e-17 0 -1 -6.12323e-17 0 -1 -6.12323e-17 0 -1 -6.12323e-17 0 -1 -6.12323e-17 0 -1 -6.12323e-17 0 -1 -6.12323e-17 0 -1 -6.12323e-17 0 -1 -6.12323e-17 0 -1 -6.12323e-17 0 -1 -6.12323e-17 0 -1 -6.12323e-17 0 -1 -6.12323e-17 0 -1 -6.12323e-17 0 -1 -6.12323e-17 0 -1 -6.12323e-17 0 -1 -6.12323e-17 0 -1 -6.12323e-17 0 -1 -6.12323e-17 0 -1 -6.12323e-17 0 -1 -6.12323e-17 0 -1 -6.12323e-17 0 -1 -6.12323e-17 0 1 6.12323e-17 0 1 6.12323e-17 0 1 6.12323e-17 0 1 6.12323e-17 0 1 6.12323e-17 0 1 6.12323e-17 0 1 6.12323e-17 0 1 6.12323e-17 0 1 6.12323e-17 0 1 6.12323e-17 0 1 6.12323e-17 0 1 6.12323e-17 0 1 6.12323e-17 0 1 6.12323e-17 0 1 6.12323e-17 0 1 6.12323e-17 0 1 6.12323e-17 0 1 6.12323e-17 0 1 6.12323e-17 0 1 6.12323e-17 0 1 6.12323e-17 0 1 6.12323e-17 0 1 6.12323e-17 0 1 6.12323e-17 0 1 6.12323e-17 0 1 6.12323e-17 0 1 6.12323e-17 0 1 6.12323e-17 0 1 6.12323e-17 0 1 6.12323e-17 0 1 6.12323e-17 0 1 6.12323e-17 0 1 6.12323e-17 0 1 6.12323e-17 0 1 6.12323e-17 0 1 6.12323e-17 0 1 6.12323e-17 0 1 6.12323e-17 0 1 6.12323e-17 0 1 6.12323e-17 0 1 6.12323e-17 0 1 6.12323e-17 0 1 6.12323e-17 0 1 6.12323e-17 0 1 6.12323e-17 0 1 6.12323e-17 0 1 6.12323e-17 0 1 6.12323e-17 0.965917 1.58502e-17 -0.258853 0.965917 1.58502e-17 -0.258853 1 0 0 1 0 0 0.707114 4.32973e-17 -0.707099 0.707114 4.32973e-17 -0.707099 0.866025 3.06162e-17 -0.500001 0.866025 3.06162e-17 -0.500001 0.258824 5.91458e-17 -0.965925 0.258824 5.91458e-17 -0.965925 0.499988 5.30292e-17 -0.866032 0.499988 5.30292e-17 -0.866032 -0.258824 5.91458e-17 -0.965925 -0.258824 5.91458e-17 -0.965925 0 6.12323e-17 -1 0 6.12323e-17 -1 -0.707114 4.32973e-17 -0.707099 -0.707114 4.32973e-17 -0.707099 -0.499988 5.30292e-17 -0.866032 -0.499988 5.30292e-17 -0.866032 -0.965917 1.58502e-17 -0.258853 -0.965917 1.58502e-17 -0.258853 -0.866025 3.06162e-17 -0.500001 -0.866025 3.06162e-17 -0.500001 -0.965917 -1.58502e-17 0.258853 -0.965917 -1.58502e-17 0.258853 -1 -1.08389e-23 1.77013e-07 -1 -1.08389e-23 1.77013e-07 -0.707114 -4.32973e-17 0.707099 -0.707114 -4.32973e-17 0.707099 -0.866025 -3.06162e-17 0.500001 -0.866025 -3.06162e-17 0.500001 -0.258824 -5.91458e-17 0.965925 -0.258824 -5.91458e-17 0.965925 -0.499988 -5.30292e-17 0.866032 -0.499988 -5.30292e-17 0.866032 0.258823 -5.91458e-17 0.965925 0.258823 -5.91458e-17 0.965925 0 -6.12323e-17 1 0 -6.12323e-17 1 0.707115 -4.32973e-17 0.707098 0.707115 -4.32973e-17 0.707098 0.499988 -5.30292e-17 0.866033 0.499988 -5.30292e-17 0.866033 0.965917 -1.58502e-17 0.258853 0.965917 -1.58502e-17 0.258853 0.866025 -3.06162e-17 0.500001 0.866025 -3.06162e-17 0.500001 0 1 6.12323e-17 0 1 6.12323e-17 0 1 6.12323e-17 0 1 6.12323e-17 0 1 6.12323e-17 0 1 6.12323e-17 0 1 6.12323e-17 0 1 6.12323e-17 0 1 6.12323e-17 0 1 6.12323e-17 0 1 6.12323e-17 0 1 6.12323e-17 0 1 6.12323e-17 0 1 6.12323e-17 0 1 6.12323e-17 0 1 6.12323e-17 0 1 6.12323e-17 0 1 6.12323e-17 0 1 6.12323e-17 0 1 6.12323e-17 0 1 6.12323e-17 0 1 6.12323e-17 0 1 6.12323e-17 0 1 6.12323e-17 0 1 6.12323e-17 0 1 6.12323e-17 0 1 6.12323e-17 0 1 6.12323e-17 0 1 6.12323e-17 0 1 6.12323e-17 0 1 6.12323e-17 0 1 6.12323e-17 0 1 6.12323e-17 0 1 6.12323e-17 0 1 6.12323e-17 0 1 6.12323e-17 0 1 6.12323e-17 0 1 6.12323e-17 0 1 6.12323e-17 0 1 6.12323e-17 0 1 6.12323e-17 0 1 6.12323e-17 0 1 6.12323e-17 0 1 6.12323e-17 0 1 6.12323e-17 0 1 6.12323e-17 0 1 6.12323e-17 0 1 6.12323e-17 0.851671 0.481194 -0.207624 0.65603 0.705904 -0.267066 0.706813 0.701692 0.089685 0.876378 0.481225 -0.0196204 0.633742 0.481215 -0.605643 0.431073 0.701701 -0.567267 0.749153 0.481246 -0.455162 0.246006 0.481211 -0.841378 0.096723 0.705908 -0.701668 0.421193 0.481249 -0.768762 -0.207628 0.481212 -0.851661 -0.27573 0.7017 -0.656955 -0.0196195 0.481247 -0.876365 -0.605647 0.481217 -0.633737 -0.559304 0.705908 -0.434596 -0.455169 0.481252 -0.749145 -0.841386 0.481198 -0.246006 -0.706813 0.701692 -0.0896851 -0.76877 0.481244 -0.421186 -0.851672 0.481194 0.207624 -0.65603 0.705904 0.267066 -0.876378 0.481225 0.0196204 -0.633741 0.481215 0.605644 -0.431073 0.701701 0.567267 -0.749153 0.481246 0.455161 -0.246006 0.481212 0.841378 -0.0967232 0.705908 0.701668 -0.421192 0.48125 0.768762 0.207626 0.481212 0.851661 0.275729 0.701701 0.656955 0.0196192 0.481248 0.876365 0.605647 0.481216 0.633737 0.559303 0.705908 0.434596 0.455169 0.481252 0.749145 0.841386 0.481198 0.246006 0.768769 0.481244 0.421187 0.263805 0.962064 0.0695674 0.19215 0.962064 -0.193678 -0.0716553 0.962064 -0.263245 -0.263805 0.962064 -0.0695675 -0.19215 0.962064 0.193678 0.0716551 0.962064 0.263245 0 1 6.12323e-17 0 1 6.12323e-17 0 1 6.12323e-17 0 1 6.12323e-17 0 1 6.12323e-17 0 1 6.12323e-17 0.965926 -1.58481e-17 0.258819 0.707107 4.32978e-17 -0.707107 0.707107 4.32978e-17 -0.707107 0.965926 -1.58481e-17 0.258819 -0.258819 5.91459e-17 -0.965926 -0.258819 5.91459e-17 -0.965926 -0.965926 1.58481e-17 -0.25882 -0.965926 1.58481e-17 -0.25882 -0.707107 -4.32978e-17 0.707106 -0.707107 -4.32978e-17 0.707106 0.258819 -5.91459e-17 0.965926 0.258819 -5.91459e-17 0.965926 0.258819 -5.91459e-17 0.965926 0.258819 -5.91459e-17 0.965926 0 1 6.12323e-17 0 1 6.12323e-17 0 1 6.12323e-17 0 1 6.12323e-17 0 1 6.12323e-17 0 1 6.12323e-17 0 1 6.12323e-17 0.965921 4.56194e-08 -0.258838 0.866032 3.06155e-17 -0.499989 0.707108 4.32977e-17 -0.707105 0.499986 3.22375e-07 -0.866034 0.258819 1.01506e-06 -0.965926 0 1.38536e-06 -1 -0.258819 1.01506e-06 -0.965926 -0.499985 6.02164e-07 -0.866034 -0.707108 4.92689e-07 -0.707106 -0.866032 3.46713e-07 -0.499989 -0.965921 2.25056e-07 -0.258838 -1 -9.12393e-08 1.91365e-08 -0.965921 -8.5156e-07 0.258837 -0.866032 -1.30777e-06 0.499989 -0.707108 -1.47503e-06 0.707105 -0.499985 -1.80345e-06 0.866034 -0.25882 -1.65981e-06 0.965926 0 -1.38536e-06 1 0 -0.0748189 0.997197 0.258819 -1.33743e-06 0.965926 0.499986 -1.47804e-06 0.866034 0.707109 -1.25909e-06 0.707105 0.866032 -5.5961e-07 0.499989 0.965921 -2.25056e-07 0.258838 1 -4.56196e-08 -4.78413e-08 0 -2.23971e-06 1 0 -2.23971e-06 1 0 -2.32246e-06 1 0 -2.32246e-06 1 4.16218e-07 1.33259e-07 1 4.16218e-07 1.33259e-07 1 4.76668e-09 -0.245371 0.969429 1.46911e-06 -0.210193 0.97766 -1.42082e-06 0.072494 0.997369 -2.7687e-06 0.114807 0.993388 0 8.38984e-07 1 0 8.38984e-07 1 0 -6.12323e-17 1 0 -6.12323e-17 1 0 -6.12323e-17 1 0 -6.12323e-17 1 8.51572e-06 8.7191e-10 1 -8.51572e-06 -8.7191e-10 1 0 -6.12323e-17 1 0 -6.12323e-17 1 0 -1.38536e-06 1 0 -1 -6.12323e-17 0 -1 -6.12323e-17 0 -1 -6.12323e-17 0 -1 -6.12323e-17 0 -1 -6.12323e-17 0 -1 -6.12323e-17 0 -1 -6.12323e-17 0 -1 -6.12323e-17 0 -1 -6.12323e-17 0 -1 -6.12323e-17 0 -1 -6.12323e-17 0 -1 -6.12323e-17 0 -1 -6.12323e-17 0 -1 -6.12323e-17 0 -1 -6.12323e-17 0 -1 -6.12323e-17 0 -1 -6.12323e-17 0 -1 -6.12323e-17 0 -1 -6.12323e-17 0 -1 -6.12323e-17 0 -1 -6.12323e-17 0 -1 -6.12323e-17 0 -1 -6.12323e-17 0 -1 -6.12323e-17 0 -1 -6.12323e-17 0.96592 1.58495e-17 -0.258842 1 0 0 0.707117 4.32972e-17 -0.707097 0.866025 3.06162e-17 -0.5 0.258816 5.91459e-17 -0.965927 0.499999 5.30288e-17 -0.866026 -0.258816 5.91459e-17 -0.965927 0 6.12323e-17 -1 -0.707117 4.32972e-17 -0.707097 -0.499999 5.30288e-17 -0.866026 -0.96592 1.58495e-17 -0.258842 -0.866026 3.06161e-17 -0.5 -0.96592 -1.58495e-17 0.258841 -1 -9.66713e-24 1.57876e-07 -0.707117 -4.32972e-17 0.707097 -0.866026 -3.06161e-17 0.499999 -0.258816 -5.91459e-17 0.965927 -0.499999 -5.30288e-17 0.866026 0.258815 -5.9146e-17 0.965927 0 -6.12323e-17 1 0.707117 -4.32972e-17 0.707097 0.499999 -5.30288e-17 0.866026 0.96592 -1.58495e-17 0.258841 0.866025 -3.06162e-17 0.5 0 -6.12323e-17 1 </float_array>
          <technique_common>
            <accessor count="1247" offset="0" source="#meshId0-normals-array" stride="3">
              <param name="X" type="float" />
              <param name="Y" type="float" />
              <param name="Z" type="float" />
            </accessor>
          </technique_common>
        </source>
        <source id="meshId0-tangents" name="meshId0-tangents">
          <float_array id="meshId0-tangents-array" count="3741"> 7.96203e-07 -1 6.9768e-07 1.04481e-06 -1 1.62552e-06 -8.21133e-13 -1 2.37422e-06 8.21133e-13 -1 2.37422e-06 3.50152e-07 -1 -7.62732e-07 3.13328e-07 -1 -7.99557e-07 -8.04314e-08 -1 -1.71308e-06 -2.64405e-07 -1 -2.03172e-06 -2.96279e-09 -1 -2.23243e-06 1.72977e-08 -1 -2.227e-06 -3.08267e-08 -1 -1.72637e-06 -2.09482e-07 -1 -1.82952e-06 2.29185e-08 -1 -1.70164e-06 1.44475e-07 -1 -1.73421e-06 0 -1 -2.23971e-06 0 -1 -2.23971e-06 -4.23707e-06 -1 2.00185e-06 -4.23703e-06 -1 2.00181e-06 -5.30765e-07 -1 -1.32449e-06 -1.72046e-06 -1 -6.37613e-07 -7.41607e-08 -1 -2.25693e-06 2.63818e-07 -1 -3.51831e-06 -1.40725e-06 -1 1.91013e-07 -6.28174e-07 -1 -1.15834e-06 1.37041e-06 -1 6.05855e-07 1.81607e-06 -1 2.26907e-06 7.39856e-08 -1 4.68398e-06 7.39822e-08 -1 5.80382e-06 5.50937e-07 -1 -1.19925e-06 6.31985e-07 -1 -1.1182e-06 3.6411e-07 -1 -1.80401e-06 1.42905e-07 -1 -2.18713e-06 2.5773e-07 -1 -2.70569e-06 1.76698e-07 -1 -2.7274e-06 -1.06423e-08 -1 -2.84083e-06 -1.51021e-07 -1 -2.92187e-06 -1.19466e-07 -1 -2.19963e-06 -1.19466e-07 -1 -2.19963e-06 0 -1 -2.23971e-06 0 -1 -2.23971e-06 5.54573e-07 -1 -2.30477e-06 7.16639e-07 -1 -2.46684e-06 -2.05741e-07 -1 -2.11014e-06 -6.53749e-08 -1 -2.19118e-06 -8.30417e-07 -1 1.68294e-06 -7.0705e-07 -1 1.22251e-06 -2.08543e-07 -1 -7.68698e-07 -6.6686e-07 -1 2.51017e-08 -0.000288592 -1 -0.000501472 -0.000174205 -1 -0.000652512 -0.000174234 -1 -0.000652619 -0.000284031 -1 -0.000493571 -0.000205959 -1 -0.000120691 -0.000298547 -1 -0.000299706 -0.000304239 -1 -0.000305398 -0.000204396 -1 -0.000119789 0.000127652 -1 -2.32246e-06 -4.08536e-05 -1 -1.32678e-05 -3.39587e-05 -1 -1.14204e-05 0.000121311 -1 -2.32246e-06 0.000308035 -1 -0.000179537 0.000242027 -1 -6.66081e-05 0.000246663 -1 -6.78503e-05 0.000308552 -1 -0.000179835 0.000274131 -1 -0.000477121 0.000322877 -1 -0.0003252 0.000324795 -1 -0.000327118 0.000270877 -1 -0.000471486 7.65795e-08 -1 -0.000622621 0.000153873 -1 -0.000576901 0.000155425 -1 -0.000582689 7.68196e-08 -1 -0.000619334 -0.000330338 -1 -0.000574666 -0.000161986 -1 -0.000609223 -0.000160179 -1 -0.000602484 -0.000330865 -1 -0.00057558 -0.000663832 -1 -0.000386215 -0.000502057 -1 -0.00050388 -0.000500355 -1 -0.000502178 -0.000662037 -1 -0.000385178 -0.000832305 -1 -2.32246e-06 -0.000781355 -1 -0.000212245 -0.000786621 -1 -0.000213656 -0.000825976 -1 -2.32246e-06 0.0005501 -1 -0.000319915 0.000568265 -1 -0.000154578 0.000564859 -1 -0.000153665 0.000554683 -1 -0.000322561 0.000393074 -1 -0.000681972 0.000504873 -1 -0.000506696 0.000506196 -1 -0.000508019 0.000388642 -1 -0.000674295 1.52795e-10 -1 -0.000771519 0.000205986 -1 -0.000770233 0.000208604 -1 -0.000780003 -1.50182e-10 -1 -0.000760744 0.000290568 6.12323e-17 -1 0.000155398 6.12323e-17 -1 0.000157144 6.12323e-17 -1 0.000308768 6.12323e-17 -1 7.58926e-09 6.12323e-17 -1 -0.000136772 6.12323e-17 -1 -0.000138168 6.12323e-17 -1 2.86125e-09 6.12323e-17 -1 -0.000247069 6.12323e-17 -1 -0.000337173 6.12323e-17 -1 -0.000336908 6.12323e-17 -1 -0.000250848 6.12323e-17 -1 -0.00038906 6.12323e-17 -1 -0.000404505 6.12323e-17 -1 -0.000407973 6.12323e-17 -1 -0.00038795 6.12323e-17 -1 -0.00039111 6.12323e-17 -1 -0.000315706 6.12323e-17 -1 -0.000313932 6.12323e-17 -1 -0.00037713 6.12323e-17 -1 -0.000274999 6.12323e-17 -1 -0.00027264 6.12323e-17 -1 -0.00028187 6.12323e-17 -1 -0.000279936 6.12323e-17 -1 -0.00021075 6.12323e-17 -1 -0.000222185 6.12323e-17 -1 -0.000228319 6.12323e-17 -1 -0.000231962 6.12323e-17 -1 -0.000170788 6.12323e-17 -1 -0.0001175 6.12323e-17 -1 -0.000116197 6.12323e-17 -1 -0.000175071 6.12323e-17 -1 -6.91905e-05 6.12323e-17 -1 0.000100012 6.12323e-17 -1 0.000110242 6.12323e-17 -1 -4.50016e-05 6.12323e-17 -1 0.000187698 6.12323e-17 -1 0.000349804 6.12323e-17 -1 0.000355276 6.12323e-17 -1 0.000208556 6.12323e-17 -1 0.000493293 6.12323e-17 -1 0.000535531 6.12323e-17 -1 0.000541711 6.12323e-17 -1 0.000472333 6.12323e-17 -1 0.000547746 6.12323e-17 -1 0.000473968 6.12323e-17 -1 0.000483666 6.12323e-17 -1 0.000544015 6.12323e-17 -1 -0.000103462 -5.18039e-05 -1 -0.0267842 0.115389 -0.992959 -0.0261961 0.115669 -0.992942 -9.11625e-05 -4.54329e-05 -1 -0.051961 0.220659 -0.973966 -0.0537362 0.315481 -0.947409 -0.0525317 0.315884 -0.947343 -0.0486435 0.222057 -0.97382 -0.0531612 0.38508 -0.921351 -0.0273138 0.431337 -0.901778 -0.026716 0.431407 -0.901762 -0.0494298 0.385943 -0.921197 -0.000179375 0.446674 -0.894697 0.0269956 0.431374 -0.901769 0.0263986 0.431444 -0.901753 -0.000166467 0.446674 -0.894697 0.0528517 0.385152 -0.921338 0.0534414 0.315579 -0.947393 0.0522369 0.315982 -0.947326 0.0491155 0.386016 -0.921184 0.0517404 0.220752 -0.973957 0.0266389 0.115458 -0.992955 0.0260583 0.115735 -0.992938 0.0484168 0.222152 -0.973809 3.44389e-05 -1.74294e-05 -1 -0.0265348 -0.115508 -0.992952 -0.0259491 -0.115787 -0.992935 4.00397e-05 -1.99873e-05 -1 -0.0516348 -0.220797 -0.973952 -0.0533106 -0.315624 -0.947386 -0.0520985 -0.316029 -0.947318 -0.0483008 -0.222201 -0.973804 -0.052726 -0.385183 -0.921333 -0.0268522 -0.431393 -0.901764 -0.0262496 -0.431463 -0.901748 -0.0489847 -0.386048 -0.921177 0.000325474 -0.446676 -0.894696 0.0274674 -0.431321 -0.90178 0.0268623 -0.431392 -0.901765 0.000314578 -0.446676 -0.894696 0.0533233 -0.385044 -0.921356 0.0538282 -0.315451 -0.947414 0.0526313 -0.315851 -0.947348 0.0495825 -0.385909 -0.921203 0.0519247 -0.220675 -0.973964 0.0266633 -0.115447 -0.992956 0.026088 -0.11572 -0.992939 0.0486175 -0.222068 -0.973818 -0.499998 3.62084e-05 -0.866027 -0.258833 3.27118e-05 -0.965922 -0.258833 2.6152e-05 -0.965922 -0.499998 2.25959e-05 -0.866027 -0.866026 2.83205e-05 -0.5 -0.707106 3.32734e-05 -0.707107 -0.707106 1.69607e-05 -0.707107 -0.866026 1.15247e-05 -0.5 -1 1.79494e-05 -4.20833e-07 -0.965925 1.82542e-05 -0.258823 -0.965925 6.31871e-06 -0.258823 -1 1.95627e-06 -4.20833e-07 -0.866025 7.96549e-06 0.5 -0.965925 1.59267e-05 0.258822 -0.965925 -5.46705e-06 0.258822 -0.866025 -1.13026e-05 0.5 -0.499998 4.66677e-06 0.866027 -0.707106 5.31062e-06 0.707107 -0.707106 -1.77379e-05 0.707107 -0.499998 -2.3309e-05 0.866027 1.05209e-07 2.81353e-06 1 -0.258834 3.87481e-06 0.965922 -0.258834 -2.84212e-05 0.965922 1.20238e-07 -2.98691e-05 1 0.499997 -7.40287e-06 0.866027 0.258833 -4.76975e-06 0.965922 0.258833 -3.79924e-05 0.965922 0.499997 -4.31378e-05 0.866027 0.866026 -2.19764e-05 0.5 0.707106 -1.07711e-05 0.707107 0.707106 -5.08265e-05 0.707107 0.866026 -5.46892e-05 0.5 1 -2.47771e-05 -4.20833e-07 0.965925 -3.04601e-05 0.258822 0.965925 -5.83128e-05 0.258822 1 -5.82611e-05 -4.20833e-07 0.866026 3.93421e-05 -0.5 0.965925 4.02455e-05 -0.258822 0.965925 6.17754e-05 -0.258822 0.866026 5.51718e-05 -0.5 0.499998 3.00085e-05 -0.866027 0.707106 3.54816e-05 -0.707107 0.707106 5.07712e-05 -0.707107 0.499998 4.27862e-05 -0.866027 9.01788e-08 3.2987e-05 -1 0.258833 3.08351e-05 -0.965922 0.258833 3.71322e-05 -0.965922 1.20238e-07 3.29078e-05 -1 -0.0286869 -0.169874 -0.985048 -0.0145511 -0.0885256 -0.995968 -0.0142449 -0.0886315 -0.995963 -0.0268731 -0.170436 -0.985002 0.000299202 -0.000108467 -1 0.0151951 0.0883011 -0.995978 0.0149068 0.0884004 -0.995973 0.000317726 -0.000115545 -1 0.0292253 0.169708 -0.985061 0.0301295 0.241385 -0.969962 0.0295336 0.241533 -0.969943 0.0274336 0.170263 -0.985017 0.0296908 0.295023 -0.955029 0.0154116 0.329735 -0.943948 0.0151063 0.329763 -0.943943 0.027742 0.295361 -0.954983 0.000428203 0.341405 -0.939916 -0.0146767 0.329801 -0.943936 -0.0143667 0.329828 -0.943932 0.000406005 0.341405 -0.939916 -0.0290953 0.295127 -0.955015 -0.0296433 0.241506 -0.969947 -0.0290354 0.241657 -0.969927 -0.0271351 0.295466 -0.954968 -0.0289417 0.169796 -0.985054 -0.0150149 0.088364 -0.995975 -0.0147207 0.0884654 -0.995971 -0.0271183 0.170361 -0.985009 -0.000292591 -0.000106207 -1 0.0144298 -0.0885681 -0.995966 0.0141256 -0.0886732 -0.995961 -0.000303473 -0.000110326 -1 0.0284547 -0.169947 -0.985042 0.0292872 -0.241593 -0.969936 0.0286749 -0.241746 -0.969916 0.0266305 -0.170511 -0.984996 0.0288949 -0.29516 -0.955011 0.014695 -0.329797 -0.943937 0.014378 -0.329825 -0.943932 0.0269512 -0.295496 -0.954964 -0.000211609 -0.341403 -0.939917 -0.0150878 -0.329762 -0.943943 -0.0147758 -0.32979 -0.943939 -0.000202163 -0.341403 -0.939917 -0.0292589 -0.295097 -0.955019 -0.0296259 -0.241509 -0.969946 -0.0290146 -0.241661 -0.969927 -0.0273216 -0.295432 -0.954973 0.655415 -0.746501 0.114747 0.655561 -0.746089 0.11658 0.628624 -0.777709 -0.000957383 0.628624 -0.777709 -0.000775897 0.820589 -0.52932 0.215532 0.821517 -0.525852 0.22043 0.730745 -0.645433 0.222325 0.72864 -0.653089 0.206296 0.976597 -0.188119 0.104254 0.976827 -0.185783 0.106274 0.914959 -0.349105 0.202427 0.913314 -0.359066 0.192168 0.97662 0.187896 -0.104446 0.976848 0.185563 -0.106464 1 -0.000109004 -8.76191e-05 1 -0.000114968 -9.24737e-05 0.820598 0.529287 -0.215579 0.821525 0.52582 -0.220474 0.914982 0.348957 -0.202578 0.913339 0.358925 -0.192313 0.655398 0.746549 -0.114537 0.655543 0.746139 -0.116359 0.730737 0.645464 -0.222261 0.728629 0.653124 -0.206223 0.655523 0.746194 0.116117 0.655679 0.745745 0.118106 0.628623 0.777709 0.00135048 0.628624 0.777709 0.00113416 0.820789 0.52858 0.216583 0.82171 0.525112 0.221473 0.730908 0.644789 0.223653 0.728819 0.652474 0.207608 0.97665 0.187591 0.104711 0.976876 0.185268 0.106719 0.915062 0.348434 0.203114 0.913435 0.358372 0.192888 0.976629 -0.187804 -0.104526 0.976857 -0.185463 -0.10655 1 -6.62003e-05 5.30189e-05 1 -8.36973e-05 6.71915e-05 0.820736 -0.528775 -0.216308 0.82166 -0.525302 -0.221207 0.915036 -0.348604 -0.20294 0.913402 -0.358561 -0.192693 0.655494 -0.746277 -0.115751 0.655651 -0.745827 -0.117743 0.730869 -0.644944 -0.223333 0.728775 -0.652624 -0.207289 -0.000248677 6.12323e-17 -1 -0.000234405 6.12323e-17 -1 -0.000125109 6.12323e-17 -1 -0.00014574 6.12323e-17 -1 -0.000343584 6.12323e-17 -1 -0.000331128 6.12323e-17 -1 -0.000212939 6.12323e-17 -1 -0.000247084 6.12323e-17 -1 -0.000650642 6.12323e-17 -1 -0.000622516 6.12323e-17 -1 -0.000402273 6.12323e-17 -1 -0.000431507 6.12323e-17 -1 -0.000603463 6.12323e-17 -1 -0.000592511 6.12323e-17 -1 -0.000719033 6.12323e-17 -1 -0.000691484 6.12323e-17 -1 -0.000183961 6.12323e-17 -1 -0.000174138 6.12323e-17 -1 -0.000358464 6.12323e-17 -1 -0.000378068 6.12323e-17 -1 0.00018136 6.12323e-17 -1 0.000189077 6.12323e-17 -1 8.16112e-05 6.12323e-17 -1 6.0653e-05 6.12323e-17 -1 0.000201634 6.12323e-17 -1 0.000212509 6.12323e-17 -1 0.000268558 6.12323e-17 -1 0.000248006 6.12323e-17 -1 4.92319e-05 6.12323e-17 -1 5.50813e-05 6.12323e-17 -1 0.000174135 6.12323e-17 -1 0.000160875 6.12323e-17 -1 -0.000125832 6.12323e-17 -1 -0.000122091 6.12323e-17 -1 -2.8665e-05 6.12323e-17 -1 -3.38371e-05 6.12323e-17 -1 -0.000220153 6.12323e-17 -1 -0.000210691 6.12323e-17 -1 -0.000176274 6.12323e-17 -1 -0.000180765 6.12323e-17 -1 -0.000147772 6.12323e-17 -1 -0.000146574 6.12323e-17 -1 -0.000180822 6.12323e-17 -1 -0.000182476 6.12323e-17 -1 -0.000109847 6.12323e-17 -1 -0.000103952 6.12323e-17 -1 -0.000103201 6.12323e-17 -1 -0.000103295 6.12323e-17 -1 1.35669e-07 7.55982e-09 -1 -0.258833 7.90075e-08 -0.965922 -0.258822 1.34688e-06 -0.965925 -6.36215e-08 4.74566e-09 -1 -0.499996 5.20738e-07 -0.866028 -0.707103 3.63168e-09 -0.707111 -0.707104 5.30921e-08 -0.707109 -0.500002 -1.13896e-06 -0.866024 -0.866032 -5.15698e-07 -0.499989 -0.965926 -3.65391e-08 -0.258817 -0.965928 -5.89352e-07 -0.258813 -0.866025 7.93712e-07 -0.5 -1 -5.78104e-09 1.37114e-09 -0.965926 5.73657e-08 0.258817 -0.965928 6.01513e-07 0.258813 -1 1.77962e-09 1.48302e-10 -0.866032 4.8205e-07 0.499988 -0.707103 -2.22348e-09 0.707111 -0.707104 -1.38811e-07 0.707109 -0.866025 -7.77695e-07 0.5 -0.499996 -5.18959e-07 0.866028 -0.258833 -7.545e-08 0.965922 -0.258822 -1.30328e-06 0.965925 -0.500002 1.07667e-06 0.866025 1.65723e-07 3.55756e-09 1 0.258833 8.04899e-08 0.965922 0.258822 1.31722e-06 0.965925 4.76049e-08 2.37283e-09 1 0.499996 5.0384e-07 0.866028 0.707103 1.98631e-08 0.707111 0.707104 7.53374e-08 0.707109 0.500001 -1.08676e-06 0.866025 0.866032 -4.81605e-07 0.499988 0.965926 -6.70008e-08 0.258817 0.965928 -5.7986e-07 0.258813 0.866025 8.29898e-07 0.5 0.999951 -0.00982227 -0.000736948 0.965927 4.62483e-08 -0.258816 0.965928 6.13377e-07 -0.258812 0.999479 -0.0313005 -0.00792245 0.866035 8.86426e-08 -0.499984 0.707103 -5.19552e-08 -0.70711 0.707099 -4.84947e-07 -0.707115 0.86603 2.01097e-07 -0.499991 0.49999 -2.63853e-08 -0.866031 0.258832 -7.47088e-08 -0.965922 0.258822 -1.33472e-06 -0.965925 0.49999 -2.44995e-07 -0.866031 -0.258822 1.75565e-07 -0.965925 2.16194e-07 2.96563e-09 -1 -0.707098 4.20674e-07 -0.707115 -0.500002 1.56051e-06 -0.866024 -0.965927 1.95731e-08 -0.258814 -0.866026 -6.69045e-07 -0.499998 -0.965928 -5.56055e-08 0.258811 -1 -1.48281e-08 -1.48815e-06 -0.707099 -4.06291e-07 0.707114 -0.866028 6.25154e-07 0.499996 -0.258823 -2.21088e-07 0.965925 -0.500003 -1.5706e-06 0.866024 0.258823 2.24646e-07 0.965925 4.38468e-07 1.77938e-09 1 0.7071 3.81973e-07 0.707114 0.500003 1.59729e-06 0.866024 0.965928 1.855e-07 0.258811 0.866028 -6.3583e-07 0.499996 0.965927 -7.51786e-08 -0.258813 0.999617 -0.0270442 -0.00581591 0.707098 -8.94136e-08 -0.707116 0.866029 4.07477e-07 -0.499995 0.258822 -2.12042e-07 -0.965925 0.499997 -1.18803e-06 -0.866027 -0.258827 5.41341e-07 -0.965924 -1.81407e-07 2.96463e-09 -1 -0.707103 8.99764e-08 -0.70711 -0.500005 2.12934e-07 -0.866023 -0.965927 3.83919e-08 -0.258813 -0.866029 -8.90129e-08 -0.499994 -0.965927 -4.12083e-08 0.258815 -1 -1.70466e-09 1.43519e-06 -0.707101 -7.47086e-08 0.707112 -0.866028 8.29354e-08 0.499996 -0.258827 -5.58091e-07 0.965924 -0.500003 -2.14565e-07 0.866023 0.258826 5.32743e-07 0.965924 -1.01446e-09 -9.63504e-10 1 0.707102 9.66468e-08 0.707112 0.500003 2.20049e-07 0.866024 0.965927 1.95665e-08 0.258815 0.866028 -1.01242e-07 0.499996 0.965928 -1.67501e-08 -0.258812 0.999954 0.00951879 -0.000690435 0.707103 -9.75362e-08 -0.707111 0.866029 1.02057e-07 -0.499994 0.258827 -5.39117e-07 -0.965924 0.500004 -2.179e-07 -0.866023 -0.258828 -1.7269e-06 -0.965923 1.13643e-07 -2.37375e-09 -1 -0.707104 -1.61415e-07 -0.70711 -0.499998 -1.60169e-06 -0.866027 -0.965927 4.78904e-07 -0.258816 -0.86603 9.75018e-07 -0.499992 -0.965926 -2.96125e-07 0.258819 -1 5.75635e-08 1.76236e-06 -0.707102 1.92867e-07 0.707112 -0.866029 -8.93717e-07 0.499994 -0.258827 1.74589e-06 0.965924 -0.499997 1.70791e-06 0.866027 0.258827 -1.70435e-06 0.965924 1.65272e-07 -2.13638e-08 1 0.707102 -3.27578e-07 0.707111 0.499997 -1.60288e-06 0.866027 0.965926 4.10065e-07 0.258819 0.866029 9.44159e-07 0.499994 0.965927 -4.82465e-07 -0.258815 0.999091 0.0403267 -0.0138125 0.707104 2.82476e-07 -0.70711 0.86603 -9.78579e-07 -0.499992 0.258828 1.66756e-06 -0.965923 0.499998 1.55184e-06 -0.866026 -2.31148e-07 1.07889e-06 -1 -0.258834 3.38562e-07 -0.965922 -0.258842 5.12916e-08 -0.96592 2.35704e-08 4.48282e-07 -1 -0.499987 -2.74529e-06 -0.866033 -0.707101 1.30855e-07 -0.707113 -0.707101 -4.39091e-07 -0.707113 -0.499997 2.6387e-08 -0.866027 -0.866027 -3.50135e-07 -0.499997 -0.965924 -1.85453e-07 -0.258828 -0.965927 2.64166e-07 -0.258815 -0.866027 -8.89449e-10 -0.499997 -1 1.1869e-09 -4.72385e-06 -0.965926 1.97915e-07 0.258818 -0.965926 -2.44895e-07 0.25882 -1 -3.26131e-09 2.7812e-06 -0.866031 4.10666e-07 0.49999 -0.707105 -1.61715e-07 0.707108 -0.707098 4.32865e-07 0.707115 -0.866025 2.16433e-08 0.500001 -0.499991 2.64678e-06 0.86603 -0.258837 -3.38562e-07 0.965921 -0.25884 -7.56032e-08 0.96592 -0.499994 -5.30705e-08 0.866029 -1.2047e-07 -4.03545e-08 1 0.258836 3.54585e-07 0.965921 0.25884 7.9754e-08 0.96592 1.94567e-07 -4.44725e-09 1 0.499991 -2.63847e-06 0.866031 0.707105 6.6763e-08 0.707108 0.707098 -3.91654e-07 0.707115 0.499994 5.04021e-08 0.866029 0.866031 -3.72686e-07 0.49999 0.965926 -1.89904e-08 0.258818 0.965926 2.54383e-07 0.25882 0.866025 -2.46081e-08 0.500001 0.999073 0.0406796 -0.0140971 0.965924 1.09788e-08 -0.258827 0.965927 -2.92332e-07 -0.258814 0.999886 0.0150131 -0.0017323 0.866027 2.50435e-07 -0.499997 0.7071 -7.8632e-08 -0.707113 0.707101 4.1478e-07 -0.707113 0.866027 4.15076e-08 -0.499997 0.258834 -2.46875e-07 -0.965922 0.258842 1.21558e-08 -0.96592 0.499997 -5.41675e-07 -0.866027 0.499988 1.54297e-06 -0.866033 0.999073 -0.0406826 0.0140887 0.999091 -0.0403256 0.0138157 2.21084e-05 -1 8.14741e-05 2.93148e-05 -1 0.000108368 5.25032e-08 -1 0.000159668 5.2546e-08 -1 0.00013674 -2.27595e-05 -1 -2.27601e-05 2.06604e-06 -1 2.06609e-06 3.01673e-05 -1 5.1933e-05 1.53698e-05 -1 2.6303e-05 -0.000166662 -1 -4.50894e-05 -0.000134677 -1 -3.65193e-05 -5.75193e-05 -1 -3.32094e-05 -9.12044e-05 -1 -5.2658e-05 -0.000247768 -1 6.59544e-05 -0.000232112 -1 6.17593e-05 -0.000196386 -1 -8.37392e-07 -0.00022093 -1 -8.37392e-07 -0.000194111 -1 0.000193279 -0.000197702 -1 0.00019687 -0.000229909 -1 0.000132351 -0.000237079 -1 0.000136491 -4.67725e-05 -1 0.000174553 -5.356e-05 -1 0.000199883 -0.000129932 -1 0.00022454 -0.000117819 -1 0.00020356 1.5409e-05 -1 5.60663e-05 2.56139e-05 -1 9.41502e-05 5.41391e-08 -1 0.000162829 5.41371e-08 -1 0.000132682 -4.47267e-05 -1 -4.42505e-05 -2.52574e-05 -1 -2.47807e-05 1.23239e-05 -1 2.07089e-05 -4.63922e-06 -1 -8.67218e-06 -0.000129096 -1 -3.4157e-05 -0.000120191 -1 -3.17709e-05 -7.44335e-05 -1 -4.25853e-05 -9.36279e-05 -1 -5.36674e-05 -0.000247186 -1 6.70724e-05 -0.000247502 -1 6.71571e-05 -0.000252854 -1 8.38983e-07 -0.000255384 -1 8.38984e-07 -0.000163354 -1 0.000163827 -0.000171174 -1 0.000171647 -0.000219547 -1 0.000127593 -0.000215157 -1 0.000125058 -4.54804e-05 -1 0.000169515 -4.96558e-05 -1 0.000185098 -0.000109341 -1 0.000189384 -0.000102163 -1 0.000176951 6.98049e-05 6.12323e-17 -1 0.000140163 6.12323e-17 -1 0.000152296 6.12323e-17 -1 8.90716e-05 6.12323e-17 -1 0.000180339 6.12323e-17 -1 0.00018872 6.12323e-17 -1 0.000192789 6.12323e-17 -1 0.000186638 6.12323e-17 -1 0.000169208 6.12323e-17 -1 0.000121154 6.12323e-17 -1 0.000128068 6.12323e-17 -1 0.000163056 6.12323e-17 -1 5.66497e-05 6.12323e-17 -1 -2.24371e-06 6.12323e-17 -1 -8.18113e-07 6.12323e-17 -1 5.92408e-05 6.12323e-17 -1 -6.59648e-05 6.12323e-17 -1 -7.80684e-05 6.12323e-17 -1 -7.70332e-05 6.12323e-17 -1 -5.20189e-05 6.12323e-17 -1 -8.71691e-05 6.12323e-17 -1 -7.57441e-05 6.12323e-17 -1 -7.7364e-05 6.12323e-17 -1 -8.51945e-05 6.12323e-17 -1 -5.50067e-05 6.12323e-17 -1 -4.67281e-05 6.12323e-17 -1 -4.97426e-05 6.12323e-17 -1 -6.03313e-05 6.12323e-17 -1 -1.80152e-05 6.12323e-17 -1 -9.05825e-06 6.12323e-17 -1 -1.51706e-05 6.12323e-17 -1 -2.59521e-05 6.12323e-17 -1 4.60835e-08 6.12323e-17 -1 -1.24315e-05 6.12323e-17 -1 -1.73796e-05 6.12323e-17 -1 -5.91152e-06 6.12323e-17 -1 -1.75562e-05 6.12323e-17 -1 -4.27469e-05 6.12323e-17 -1 -4.77134e-05 6.12323e-17 -1 -2.31973e-05 6.12323e-17 -1 -6.17575e-05 6.12323e-17 -1 -5.02061e-05 6.12323e-17 -1 -4.81334e-05 6.12323e-17 -1 -6.01302e-05 6.12323e-17 -1 -1.67582e-05 6.12323e-17 -1 4.32299e-05 6.12323e-17 -1 5.28633e-05 6.12323e-17 -1 -1.18096e-05 6.12323e-17 -1 3.36586e-05 6.12323e-17 -1 5.04534e-05 6.12323e-17 -1 6.48231e-05 6.12323e-17 -1 4.7155e-05 6.12323e-17 -1 3.25154e-05 6.12323e-17 -1 8.83247e-05 6.12323e-17 -1 9.74032e-05 6.12323e-17 -1 5.34332e-05 6.12323e-17 -1 0.0001211 6.12323e-17 -1 0.000166758 6.12323e-17 -1 0.000172907 6.12323e-17 -1 0.000131229 6.12323e-17 -1 0.000180075 6.12323e-17 -1 0.000132123 6.12323e-17 -1 0.000129985 6.12323e-17 -1 0.000169546 6.12323e-17 -1 9.08064e-05 6.12323e-17 -1 3.88879e-05 6.12323e-17 -1 3.99152e-05 6.12323e-17 -1 8.58763e-05 6.12323e-17 -1 -2.8903e-05 6.12323e-17 -1 -7.54397e-05 6.12323e-17 -1 -7.84847e-05 6.12323e-17 -1 -1.65423e-05 6.12323e-17 -1 -0.000131021 6.12323e-17 -1 -0.000162664 6.12323e-17 -1 -0.000166277 6.12323e-17 -1 -0.000133823 6.12323e-17 -1 -0.000153797 6.12323e-17 -1 -0.000130126 6.12323e-17 -1 -0.000132187 6.12323e-17 -1 -0.000158658 6.12323e-17 -1 -8.48743e-05 6.12323e-17 -1 -7.17276e-05 6.12323e-17 -1 -7.94757e-05 6.12323e-17 -1 -9.29645e-05 6.12323e-17 -1 -4.03438e-05 6.12323e-17 -1 9.85101e-06 6.12323e-17 -1 1.36075e-05 6.12323e-17 -1 -3.35871e-05 6.12323e-17 -1 3.59402e-05 6.12323e-17 -1 3.38816e-05 6.12323e-17 -1 3.61977e-05 6.12323e-17 -1 3.16372e-05 6.12323e-17 -1 3.33494e-05 6.12323e-17 -1 4.23452e-05 6.12323e-17 -1 4.98091e-05 6.12323e-17 -1 3.54028e-05 6.12323e-17 -1 -0.258842 -9.87374e-25 -0.96592 -0.258842 -1.11902e-24 -0.96592 0 0 -1 0 0 -1 -0.707097 -3.02795e-24 -0.707117 -0.707097 -3.6862e-24 -0.707117 -0.5 -9.54462e-24 -0.866025 -0.5 -9.74209e-24 -0.866025 -0.965927 -2.3697e-24 -0.258816 -0.965926 -2.3697e-24 -0.258816 -0.866026 1.19801e-23 -0.5 -0.866026 1.23751e-23 -0.5 -0.965927 2.633e-25 0.258816 -0.965927 0 0.258816 -1 -3.9495e-25 0 -1 -5.266e-25 0 -0.707097 1.52714e-23 0.707117 -0.707097 1.55347e-23 0.707117 -0.866026 5.0027e-24 0.499999 -0.866026 4.2128e-24 0.499999 -0.258842 -7.24074e-25 0.96592 -0.258842 -7.24074e-25 0.96592 -0.5 1.44815e-24 0.866026 -0.5 1.71145e-24 0.866026 0.258841 -1.38232e-24 0.96592 0.258841 -1.44815e-24 0.96592 1.65328e-07 3.92347e-31 1 1.65328e-07 5.02204e-31 1 0.707097 5.266e-25 0.707117 0.707097 2.633e-25 0.707117 0.499999 -2.23805e-24 0.866026 0.499999 -1.8431e-24 0.866026 0.965927 -2.8963e-24 0.258816 0.965926 -1.8431e-24 0.258816 0.866026 9.34714e-24 0.499999 0.866026 8.42559e-24 0.499999 0.965927 1.00054e-23 -0.258815 0.965927 1.0532e-23 -0.258815 1 -8.06134e-18 0 1 -8.06134e-18 0 0.707097 3.4229e-24 -0.707117 0.707097 4.2128e-24 -0.707117 0.866026 -1.09269e-23 -0.499999 0.866026 -1.18485e-23 -0.499999 0.258841 -3.09377e-24 -0.96592 0.258841 -3.09377e-24 -0.96592 0.5 -7.89899e-25 -0.866025 0.5 -7.89899e-25 -0.866025 1 3.71169e-23 -6.06164e-07 1 -2.28515e-22 3.73193e-06 1 1.73255e-20 -0.000282947 1 1.71874e-20 -0.000280692 1 -1.95307e-20 0.00031896 1 -1.97306e-20 0.000322225 1 -1.71353e-20 0.000279841 1 -1.4195e-20 0.000231822 1 -2.576e-20 0.000420692 1 -2.49952e-20 0.000408202 1 -2.4365e-20 0.000397911 1 -2.34157e-20 0.000382408 1 -2.50997e-20 0.000409909 1 -2.41182e-20 0.00039388 1 -2.29465e-20 0.000374744 1 -2.46555e-20 0.000402655 1 -1.95505e-20 0.000319283 1 -1.87446e-20 0.000306122 1 -1.73855e-20 0.000283926 1 -1.95362e-20 0.000319051 1 -2.44564e-20 0.000399403 1 -2.36319e-20 0.000385939 1 -1.6014e-20 0.000261529 1 -1.7768e-20 0.000290174 1 -3.77406e-20 0.00061635 1 -3.74356e-20 0.00061137 1 -3.17077e-20 0.000517826 1 -3.10874e-20 0.000507696 1 -3.43197e-20 0.000560483 1 -3.4313e-20 0.000560374 1 -4.00102e-20 0.000653416 1 -3.94764e-20 0.000644699 1 7.78703e-22 -1.27172e-05 1 5.91668e-22 -9.66266e-06 1 -2.08124e-20 0.000339892 1 -2.05934e-20 0.000336316 1 4.18933e-20 -0.00068417 1 4.15285e-20 -0.000678211 1 2.2e-20 -0.000359287 1 2.25486e-20 -0.000368247 1 5.76129e-20 -0.00094089 1 5.73846e-20 -0.000937161 1 5.35973e-20 -0.00087531 1 5.34941e-20 -0.000873625 1 3.72212e-20 -0.000607868 1 3.63754e-20 -0.000594056 1 5.36439e-20 -0.000876072 1 5.18012e-20 -0.000845978 -0.258853 -0.000106418 -0.965917 -0.258853 -0.000142178 -0.965917 0 -0.000174687 -1 0 -0.000141029 -1 -0.707099 -4.08901e-05 -0.707114 -0.707099 -6.61331e-05 -0.707114 -0.5 -0.000111229 -0.866025 -0.5 -7.54687e-05 -0.866025 -0.965925 2.94195e-05 -0.258824 -0.965924 2.07493e-06 -0.258824 -0.866032 -2.46648e-05 -0.499988 -0.866032 -9.94093e-06 -0.499988 -0.965924 8.44555e-05 0.258824 -0.965925 6.34219e-05 0.258824 -1 2.5646e-05 0 -1 5.71969e-05 0 -0.707099 0.000150525 0.707114 -0.707099 0.000133699 0.707114 -0.866032 9.90907e-05 0.499988 -0.866032 0.00011802 0.499988 -0.258853 0.000189332 0.965917 -0.258853 0.00017461 0.965917 -0.500001 0.000161502 0.866025 -0.500001 0.000174122 0.866025 0.258853 0.000216589 0.965917 0.258853 0.000216589 0.965917 1.65327e-07 0.000203971 1 1.65327e-07 0.000208177 1 0.707099 0.000234945 0.707114 0.707099 0.000226532 0.707114 0.5 0.000218666 0.866025 0.5 0.000227079 0.866025 0.965924 0.000228638 0.258824 0.965924 0.00023705 0.258824 0.866032 0.000239637 0.499988 0.866032 0.000237533 0.499988 0.965925 -0.000279489 -0.258823 0.965925 -0.000323672 -0.258823 1 -0.000325201 0 1 -0.000291538 0 0.707098 -0.000242792 -0.707115 0.707098 -0.000278557 -0.707115 0.866032 -0.000305328 -0.499988 0.866033 -0.000259044 -0.499988 0.258853 -0.000174082 -0.965917 0.258853 -0.000211948 -0.965917 0.5 -0.000252848 -0.866025 0.5 -0.000212876 -0.866025 -0.000223487 1 -0.000452165 -0.000229113 1 -0.000473153 -0.000102545 1 -0.000538114 -0.000102545 1 -0.000521104 -0.000336299 1 -0.00023546 -0.000357999 1 -0.000257154 -0.000317491 1 -0.00037344 -0.000304815 1 -0.000351492 -0.000255398 1 -4.09902e-05 -0.000288483 1 -4.98521e-05 -0.000342957 1 -0.000139603 -0.00031399 1 -0.000122883 -6.43653e-05 1 -1.01969e-05 -0.000101966 1 -1.22433e-07 -0.000205151 1 8.73083e-10 -0.000166828 1 -5.49633e-10 6.57342e-05 1 -0.000166578 3.89905e-05 1 -0.000139838 -1.81307e-05 1 -4.79362e-05 1.53304e-05 1 -6.72533e-05 6.43013e-06 1 -0.000406345 -2.72812e-06 1 -0.000372171 4.39396e-05 1 -0.000252566 6.19516e-05 1 -0.000283758 -0.000255234 1 -0.000568642 -0.000247296 1 -0.000539022 -0.000102545 1 -0.000474535 -0.000102545 1 -0.000507669 -0.000607822 1 -0.000505376 -0.00059443 1 -0.000491996 -0.000420112 1 -0.000549591 -0.000433005 1 -0.000571912 -0.000879274 1 -0.000208146 -0.000866195 1 -0.000204655 -0.000742382 1 -0.000369484 -0.000758277 1 -0.000378648 0.00055977 1 -0.000178213 0.000565389 1 -0.000179707 0.000584212 1 5.84987e-09 0.000586586 1 -5.86968e-09 0.000347346 1 -0.000451401 0.000354045 1 -0.000458089 0.000472161 1 -0.000333345 0.00046393 1 -0.000328605 4.17667e-05 1 -0.00054143 4.57424e-05 1 -0.00055626 0.000204769 1 -0.000534324 0.000197296 1 -0.00052139 -0.000193715 6.12323e-17 -1 -0.000141583 6.12323e-17 -1 -0.000154266 6.12323e-17 -1 -0.000206919 6.12323e-17 -1 -3.41598e-05 6.12323e-17 -1 5.63042e-06 6.12323e-17 -1 -1.09584e-06 6.12323e-17 -1 -5.1342e-05 6.12323e-17 -1 4.57422e-05 6.12323e-17 -1 2.64065e-06 6.12323e-17 -1 -2.61958e-06 6.12323e-17 -1 2.92565e-05 6.12323e-17 -1 -5.5524e-05 6.12323e-17 -1 -0.000179383 6.12323e-17 -1 -0.000177083 6.12323e-17 -1 -6.85178e-05 6.12323e-17 -1 -0.000308409 6.12323e-17 -1 -0.000310632 6.12323e-17 -1 -0.000309579 6.12323e-17 -1 -0.000285321 6.12323e-17 -1 -0.000281495 6.12323e-17 -1 -0.000182614 6.12323e-17 -1 -0.000179196 6.12323e-17 -1 -0.000272659 6.12323e-17 -1 -6.93083e-05 6.12323e-17 -1 5.27398e-05 6.12323e-17 -1 4.68095e-05 6.12323e-17 -1 -7.0898e-05 6.12323e-17 -1 0.000210066 6.12323e-17 -1 0.000321844 6.12323e-17 -1 0.00032142 6.12323e-17 -1 0.000206371 6.12323e-17 -1 0.000367202 6.12323e-17 -1 0.000307668 6.12323e-17 -1 0.000314093 6.12323e-17 -1 0.000356637 6.12323e-17 -1 0.000216572 6.12323e-17 -1 5.89279e-05 6.12323e-17 -1 6.65916e-05 6.12323e-17 -1 0.000200181 6.12323e-17 -1 -0.000113551 6.12323e-17 -1 -0.000163948 6.12323e-17 -1 -0.000157543 6.12323e-17 -1 -7.91256e-05 6.12323e-17 -1 -0.000252543 6.12323e-17 -1 -0.000249366 6.12323e-17 -1 -0.000251146 6.12323e-17 -1 -0.000233345 6.12323e-17 -1 0.000245656 6.12323e-17 -1 6.17671e-05 6.12323e-17 -1 6.61693e-05 6.12323e-17 -1 0.000254959 6.12323e-17 -1 -0.000149509 6.12323e-17 -1 -0.000345201 6.12323e-17 -1 -0.000349895 6.12323e-17 -1 -0.000148874 6.12323e-17 -1 -0.000463792 6.12323e-17 -1 -0.000541419 6.12323e-17 -1 -0.000549617 6.12323e-17 -1 -0.00047563 6.12323e-17 -1 -0.000546714 6.12323e-17 -1 -0.000417998 6.12323e-17 -1 -0.000425108 6.12323e-17 -1 -0.000524735 6.12323e-17 -1 -0.000271123 6.12323e-17 -1 -0.000131718 6.12323e-17 -1 -0.000135204 6.12323e-17 -1 -0.000266706 6.12323e-17 -1 -1.31802e-05 6.12323e-17 -1 -8.88758e-06 6.12323e-17 -1 -1.93748e-05 6.12323e-17 -1 -4.30768e-05 6.12323e-17 -1 5.41137e-05 6.12323e-17 -1 7.14624e-05 6.12323e-17 -1 7.34682e-05 6.12323e-17 -1 2.97987e-05 6.12323e-17 -1 9.69762e-05 6.12323e-17 -1 0.000189942 6.12323e-17 -1 0.000217726 6.12323e-17 -1 0.000122004 6.12323e-17 -1 0.000193936 6.12323e-17 -1 0.000327962 6.12323e-17 -1 0.000353494 6.12323e-17 -1 0.00024819 6.12323e-17 -1 0.000349696 6.12323e-17 -1 0.000414504 6.12323e-17 -1 0.000423032 6.12323e-17 -1 0.000365126 6.12323e-17 -1 0.000473527 6.12323e-17 -1 0.000483049 6.12323e-17 -1 0.00048753 6.12323e-17 -1 0.000459275 6.12323e-17 -1 0.000466193 6.12323e-17 -1 0.000404854 6.12323e-17 -1 0.000411043 6.12323e-17 -1 0.000468556 6.12323e-17 -1 -0.258853 -3.36675e-05 -0.965917 -0.258853 -8.26162e-05 -0.965917 0 -6.49919e-05 -1 0 -1.45638e-05 -1 -0.707099 -0.000256977 -0.707114 -0.707099 -0.000302263 -0.707114 -0.500001 -0.000165868 -0.866025 -0.500001 -0.000117659 -0.866025 -0.965924 -0.00075229 -0.258824 -0.965924 -0.000791747 -0.258824 -0.866032 -0.00053535 -0.499988 -0.866032 -0.00049079 -0.499988 -0.965924 -0.00111694 0.258824 -0.965924 -0.00115056 0.258824 -0.999999 -0.00102545 0 -1 -0.000991105 0 -0.707099 -0.000827023 0.707114 -0.707099 -0.000860607 0.707114 -0.866032 -0.00112637 0.499988 -0.866032 -0.0010913 0.499988 -0.258853 -3.48931e-05 0.965917 -0.258853 -6.91273e-05 0.965917 -0.500001 -0.00047744 0.866025 -0.500001 -0.000446814 0.866025 0.258853 0.000626399 0.965917 0.258853 0.000586414 0.965917 1.80357e-07 0.000273087 1 1.80357e-07 0.000313832 1 0.707099 0.00123289 0.707114 0.707099 0.0011995 0.707114 0.5 0.000877979 0.866025 0.5 0.000916469 0.866025 0.965923 0.00144868 0.258824 0.965923 0.00143853 0.258824 0.866032 0.00137677 0.499987 0.866032 0.00139563 0.499987 0.965925 -0.000524754 -0.258823 0.965925 -0.00053281 -0.258823 1 -0.000589225 0 1 -0.000586295 0 0.707098 -0.000217511 -0.707115 0.707098 -0.000241662 -0.707115 0.866032 -0.000393214 -0.499988 0.866032 -0.000376376 -0.499988 0.258853 -3.48633e-05 -0.965917 0.258853 -8.45802e-05 -0.965917 0.5 -0.000140101 -0.866025 0.500001 -0.000102067 -0.866025 0.999999 -6.40645e-20 0.00104625 0.999999 -6.32296e-20 0.00103262 0.999999 -6.52921e-20 0.0010663 0.999999 -6.38091e-20 0.00104208 1 -6.27205e-20 0.0010243 1 -6.15245e-20 0.00100477 0.999999 -6.13552e-20 0.00100201 0.999999 -6.18318e-20 0.00100979 1 -5.95947e-20 0.000973255 1 -5.7994e-20 0.000947114 1 -5.34576e-20 0.00087303 1 -5.63254e-20 0.000919864 1 -5.19384e-20 0.000848218 1 -5.07576e-20 0.000828934 1 -5.03719e-20 0.000822635 1 -5.32709e-20 0.00086998 1 -2.91269e-20 0.000475678 1 -2.84707e-20 0.000464962 1 -4.19166e-20 0.00068455 1 -4.17145e-20 0.000681249 1 5.64685e-21 -9.22201e-05 1 6.6858e-21 -0.000109187 1 -1.40927e-20 0.000230151 1 -1.20679e-20 0.000197083 1 5.1617e-20 -0.00084297 1 5.06604e-20 -0.000827346 1 3.10446e-20 -0.000506997 1 2.92777e-20 -0.000478141 0.999999 8.38162e-20 -0.00136882 0.999999 8.3112e-20 -0.00135732 0.999999 7.18754e-20 -0.00117381 0.999999 7.04412e-20 -0.00115039 0.999999 7.58728e-20 -0.0012391 0.999999 7.54127e-20 -0.00123158 0.999999 8.32947e-20 -0.00136031 0.999999 8.42426e-20 -0.00137579 1 2.32486e-20 -0.000379678 1 2.31634e-20 -0.000378288 1 5.19513e-20 -0.000848428 1 5.25533e-20 -0.00085826 1 -3.48758e-20 0.000569566 1 -3.46479e-20 0.000565843 1 -6.18437e-21 0.000100998 1 -7.24627e-21 0.000118341 1 -6.08311e-20 0.000993447 0.999999 -6.0643e-20 0.000990375 1 -5.14282e-20 0.000839886 1 -5.17555e-20 0.000845231 -0.104268 -0.232671 -0.96695 -0.120765 -0.251114 -0.960394 0.0362551 0.0906819 -0.99522 -0.0162638 -0.0111454 -0.999806 -0.202954 -0.652079 -0.730481 -0.175682 -0.551377 -0.815548 -0.225131 -0.461254 -0.858231 -0.0627125 -0.858334 -0.509245 -0.0602389 -0.69953 -0.71206 -0.202945 -0.776114 -0.597043 0.157385 -0.842858 -0.514607 0.103622 -0.657767 -0.746059 0.0213155 -0.876134 -0.481597 0.253085 -0.638572 -0.726756 0.152567 -0.427652 -0.890975 0.227288 -0.750682 -0.620336 0.130526 -0.260786 -0.956532 0.0362775 -0.0906596 -0.995221 0.206283 -0.436791 -0.875592 -0.104263 0.232679 -0.966949 -0.12076 0.251119 -0.960394 -0.0162463 0.0111771 -0.999805 -0.202969 0.652068 -0.730487 -0.175693 0.551371 -0.81555 -0.225132 0.461252 -0.858232 -0.0627198 0.858332 -0.509247 -0.060255 0.699528 -0.712061 -0.202961 0.776107 -0.597047 0.157355 0.842865 -0.514604 0.103589 0.657777 -0.746056 0.0212962 0.876134 -0.481598 0.253048 0.638602 -0.726742 0.152532 0.427676 -0.89097 0.22725 0.750702 -0.620326 0.130501 0.260826 -0.956525 0.206257 0.436826 -0.875581 0.0132971 0.0684882 -0.997563 -0.0197837 -0.193518 -0.980897 0.0203811 -0.262456 -0.964729 0.0133175 -0.0684827 -0.997563 -0.0197902 0.193517 -0.980897 0.0203542 0.262458 -0.964729 -0.00445062 6.12317e-17 -0.99999 -0.0137366 6.12266e-17 -0.999906 0.0240825 6.12146e-17 -0.99971 -0.013729 6.12266e-17 -0.999906 -0.004449 6.12317e-17 -0.99999 0.0240581 6.12146e-17 -0.999711 0.258819 -3.63354e-22 -0.965926 -0.707107 2.11061e-21 -0.707107 -0.707107 2.10903e-21 -0.707107 0.258819 -3.63354e-22 -0.965926 -0.965926 -3.14485e-21 0.258819 -0.965926 -3.14538e-21 0.258819 -0.25882 3.89684e-22 0.965926 -0.25882 3.89815e-22 0.965926 0.707106 -2.15379e-21 0.707107 0.707106 -2.15274e-21 0.707107 0.965926 3.41495e-17 -0.258819 0.965926 3.41495e-17 -0.258819 0.965926 -3.41432e-17 -0.258819 0.965926 -3.41432e-17 -0.258819 -0.500029 5.30277e-17 -0.866009 -0.50002 5.30281e-17 -0.866014 -0.500017 5.30282e-17 -0.866015 -0.499994 5.3029e-17 -0.866029 -0.500043 5.30272e-17 -0.866001 -0.500029 5.30277e-17 -0.866009 -0.499989 5.30291e-17 -0.866032 -0.258838 5.08889e-15 -0.965921 -0.499989 3.55455e-24 -0.866032 -0.707105 3.6862e-24 -0.707108 -0.866034 -4.52345e-14 -0.499986 -0.965926 -4.8401e-13 -0.258819 -1 2.12602e-13 0 -0.965926 -9.9516e-14 0.258819 -0.866034 2.37481e-13 0.499985 -0.707106 -2.23911e-13 0.707108 -0.499989 1.28918e-13 0.866032 -0.258838 -3.27951e-14 0.965921 1.50298e-08 1.6963e-15 1 0.258837 -1.22133e-13 0.965921 0.499989 2.80454e-13 0.866032 0.707105 3.16642e-13 0.707108 0.866034 -4.25205e-13 0.499985 0.965926 7.68987e-13 0.258819 1 1.82393e-07 0 0.999951 0.00982229 0.000736951 0.965926 5.42815e-14 -0.258819 0.866034 3.84494e-13 -0.499986 0.707105 -5.51862e-13 -0.707109 0.499989 2.84978e-13 -0.866032 0.258838 -5.20197e-14 -0.965921 -4.50894e-08 -1.55494e-15 -1 0 -1 -2.23971e-06 0 -1 -2.23971e-06 0.000554005 -1 -2.32246e-06 0.000565109 -1 -2.32246e-06 1 3.70621e-05 -4.20833e-07 1 6.39202e-05 -4.20833e-07 0.999479 0.0313005 0.00792245 0.999617 0.0270448 0.00581303 0.999954 -0.00951859 0.000693291 0.999886 -0.0150125 0.00173779 -0.000133649 -1 8.38983e-07 -0.000133649 -1 8.38983e-07 1 8.06134e-18 0 1 8.06134e-18 0 1 0.000225496 0 1 0.000229702 0 -0.000918786 1 6.95582e-09 -0.000912959 1 -6.90488e-09 0.999999 0.00145878 0 0.999999 0.00145298 0 1 -1.82393e-07 0 -1.08307e-05 6.12323e-17 -1 -5.96853e-06 6.12323e-17 -1 -3.54528e-07 6.12323e-17 -1 -6.92444e-06 6.12323e-17 -1 -4.50704e-06 6.12323e-17 -1 2.97744e-06 6.12323e-17 -1 -3.00445e-07 6.12323e-17 -1 -1.3624e-08 6.12323e-17 -1 1.45073e-06 6.12323e-17 -1 1.40972e-06 6.12323e-17 -1 1.39311e-06 6.12323e-17 -1 1.24289e-06 6.12323e-17 -1 5.54508e-06 6.12323e-17 -1 5.09434e-06 6.12323e-17 -1 2.98427e-06 6.12323e-17 -1 6.57627e-06 6.12323e-17 -1 2.4721e-06 6.12323e-17 -1 -2.0487e-06 6.12323e-17 -1 -1.58432e-06 6.12323e-17 -1 -1.46138e-06 6.12323e-17 -1 -1.45071e-06 6.12323e-17 -1 -1.25948e-06 6.12323e-17 -1 6.14637e-07 6.12323e-17 -1 9.83398e-07 6.12323e-17 -1 -4.90316e-06 6.12323e-17 -1 -0.258842 -7.89899e-25 -0.96592 0 0 -1 -0.707097 -4.96155e-24 -0.707117 -0.5 -6.05589e-24 -0.866025 -0.965926 9.54461e-25 -0.258816 -0.866026 1.13219e-23 -0.499999 -0.965927 5.84196e-24 0.258816 -1 2.8963e-24 0 -0.707097 1.56334e-23 0.707117 -0.866026 6.05589e-24 0.499999 -0.258842 3.70265e-26 0.96592 -0.5 4.73939e-24 0.866026 0.258841 -1.66208e-24 0.96592 1.65328e-07 0 1 0.707097 -5.75145e-24 0.707117 0.499999 -3.02795e-24 0.866026 0.965926 -4.87104e-24 0.258816 0.866026 -2.633e-25 0.499999 0.965927 6.0888e-24 -0.258815 1 -8.06134e-18 0 0.707097 -9.38005e-25 -0.707117 0.866026 -1.55347e-23 -0.499999 0.258841 -3.00326e-24 -0.96592 0.500001 -2.633e-24 -0.866025 1 8.06134e-18 0 </float_array>
          <technique_common>
            <accessor count="1247" offset="0" source="#meshId0-tangents-array" stride="3">
              <param name="X" type="float" />
              <param name="Y" type="float" />
              <param name="Z" type="float" />
            </accessor>
          </technique_common>
        </source>
        <source id="meshId0-bitangents" name="meshId0-bitangents">
          <float_array id="meshId0-bitangents-array" count="3741"> -0.258815 -8.79977e-07 -0.965927 -0.258815 -1.84054e-06 -0.965927 1.8658e-07 -2.37422e-06 -1 -1.8658e-07 -2.37422e-06 -1 -0.707101 2.91744e-07 -0.707112 -0.707101 3.43822e-07 -0.707112 -0.500013 1.52378e-06 -0.866018 -0.500013 1.89171e-06 -0.866018 -0.965927 5.8065e-07 -0.258815 -0.965927 5.59675e-07 -0.258815 -0.866023 8.89886e-07 -0.500004 -0.866023 1.09618e-06 -0.500004 -0.965927 -4.62548e-07 0.258815 -0.965927 -5.88392e-07 0.258815 -1 0 -0 -1 0 -0 -0.707101 4.41157e-06 0.707112 -0.707101 4.41151e-06 0.707113 -0.866023 -2.02597e-07 0.500004 -0.866023 1.17115e-06 0.500004 -0.258815 -2.16084e-06 0.965927 -0.258815 -3.46671e-06 0.965927 -0.500013 8.69066e-07 0.866018 -0.500013 -6.8905e-07 0.866018 0.258814 9.39895e-07 0.965927 0.258815 2.66178e-06 0.965927 2.29636e-07 4.68398e-06 1 -1.38739e-07 5.80382e-06 1 0.707101 -4.58434e-07 0.707112 0.707101 -3.43814e-07 0.707112 0.500013 -1.38024e-06 0.866018 0.500013 -1.82264e-06 0.866018 0.965927 -4.51324e-07 0.258815 0.965927 -5.35214e-07 0.258815 0.866023 -1.42964e-06 0.500004 0.866023 -1.59174e-06 0.500004 0.965927 4.53901e-07 -0.258815 0.965927 4.53901e-07 -0.258815 1 0 0 1 0 0 0.707101 2.02187e-06 -0.707112 0.707101 2.25107e-06 -0.707112 0.866023 8.769e-07 -0.500004 0.866023 1.03898e-06 -0.500004 0.258814 -1.84052e-06 -0.965927 0.258815 -1.36385e-06 -0.965927 0.500013 5.61432e-07 -0.866018 0.500013 -3.55177e-07 -0.866018 -0.500013 0.000578583 -0.866018 -0.258814 0.000675365 -0.965927 -0.258815 0.000675476 -0.965927 -0.500013 0.00056946 -0.866018 -0.866023 0.000238711 -0.500004 -0.707101 0.000423029 -0.707112 -0.707101 0.000431078 -0.707112 -0.866023 0.000236907 -0.500004 -1 -0.000127652 -2.96465e-10 -0.965927 4.28955e-05 -0.258815 -0.965927 3.57573e-05 -0.258815 -1 -0.000121311 -2.8174e-10 -0.866023 -0.000356535 0.500004 -0.965927 -0.00025102 0.258815 -0.965927 -0.00025582 0.258815 -0.866023 -0.000357131 0.500004 -0.500013 -0.000550264 0.866018 -0.707101 -0.00045826 0.707113 -0.707101 -0.000460973 0.707112 -0.500013 -0.000543758 0.866018 2.249e-07 -0.000622621 1 -0.258815 -0.000597069 0.965927 -0.258815 -0.000603061 0.965927 -1.67396e-07 -0.000619334 1 0.500013 -0.000662844 0.866018 0.258815 -0.000630389 0.965927 0.258814 -0.000623412 0.965927 0.500013 -0.0006639 0.866018 0.866023 -0.000768003 0.500003 0.707101 -0.000711305 0.707112 0.707101 -0.000708898 0.707112 0.866023 -0.00076593 0.500004 1 -0.000832305 -1.93299e-09 0.965927 -0.000809664 0.258815 0.965927 -0.000815116 0.258815 1 -0.000825976 -1.91829e-09 0.866023 0.000636359 -0.500004 0.965927 0.00058891 -0.258815 0.965927 0.000585383 -0.258815 0.866023 0.00064165 -0.500004 0.500013 0.000787143 -0.866018 0.707101 0.000715287 -0.707112 0.707101 0.000717158 -0.707112 0.500013 0.000778278 -0.866018 1.96148e-07 0.000771519 -1 0.258815 0.000797301 -0.965927 0.258814 0.000807416 -0.965927 -1.96148e-07 0.000760744 -1 -1 1.77922e-20 -0.000290568 -1 9.51536e-21 -0.000155398 -1 9.62227e-21 -0.000157144 -1 1.89066e-20 -0.000308768 -1 4.64708e-25 -7.58926e-09 -1 -8.3749e-21 0.000136772 -1 -8.46033e-21 0.000138168 -1 1.75201e-25 -2.86125e-09 -1 -1.51286e-20 0.000247069 -1 -2.06459e-20 0.000337173 -1 -2.06297e-20 0.000336908 -1 -1.536e-20 0.000250848 -1 -2.38231e-20 0.00038906 -1 -2.47688e-20 0.000404505 -1 -2.49811e-20 0.000407973 -1 -2.37551e-20 0.00038795 -1 -2.39486e-20 0.00039111 -1 -1.93314e-20 0.000315706 -1 -1.92228e-20 0.000313932 -1 -2.30925e-20 0.00037713 -1 -1.68388e-20 0.000274999 -1 -1.66944e-20 0.00027264 -1 -1.72596e-20 0.00028187 -1 -1.71412e-20 0.000279936 -1 -1.29047e-20 0.00021075 -1 -1.36049e-20 0.000222185 -1 -1.39805e-20 0.000228319 -1 -1.42036e-20 0.000231962 -1 -1.04577e-20 0.000170788 -1 -7.1948e-21 0.0001175 -1 -7.11501e-21 0.000116197 -1 -1.072e-20 0.000175071 -1 -4.2367e-21 6.91905e-05 -1 6.12396e-21 -0.000100012 -1 6.75039e-21 -0.000110242 -1 -2.75555e-21 4.50016e-05 -1 1.14932e-20 -0.000187698 -1 2.14193e-20 -0.000349804 -1 2.17544e-20 -0.000355276 -1 1.27704e-20 -0.000208556 -1 3.02055e-20 -0.000493293 -1 3.27918e-20 -0.000535531 -1 3.31702e-20 -0.000541711 -1 2.8922e-20 -0.000472333 -1 3.35398e-20 -0.000547746 -1 2.90222e-20 -0.000473968 -1 2.9616e-20 -0.000483666 -1 3.33113e-20 -0.000544015 0.894697 0.446674 -0.000115707 0.90174 0.431506 0.0258204 0.901758 0.431431 0.0264674 0.894697 0.446674 -0.000101857 0.920688 0.388359 0.0388671 0.947287 0.316208 0.0515659 0.947355 0.315806 0.0527705 0.920869 0.387562 0.0423759 0.973291 0.226333 0.0384381 0.992919 0.116037 0.0254281 0.992936 0.115776 0.0259707 0.973487 0.224858 0.0419705 1 8.02646e-05 -0.000160415 0.992928 -0.115899 -0.0257172 0.992944 -0.115638 -0.026259 1 7.44759e-05 -0.000148878 0.973308 -0.226211 -0.0387312 0.947304 -0.31611 -0.0518607 0.947372 -0.315708 -0.0530653 0.973503 -0.224733 -0.0422681 0.9207 -0.388306 -0.0391004 0.901745 -0.431487 -0.0259804 0.901762 -0.431413 -0.0266191 0.920881 -0.387507 -0.0426155 0.894697 -0.446674 3.85976e-05 0.901748 -0.431474 0.026095 0.901765 -0.4314 0.0267393 0.894697 -0.446674 4.47512e-05 0.920706 -0.388282 0.0392124 0.947311 -0.316067 0.0519922 0.947379 -0.315662 0.0532043 0.920887 -0.38748 0.0427385 0.973315 -0.226161 0.038851 0.992932 -0.115837 0.0258479 0.992948 -0.115574 0.0263949 0.973509 -0.224682 0.0423926 1 0.000145526 0.000291128 0.992915 0.116104 -0.0252889 0.992932 0.11584 -0.0258381 1 0.000140639 0.00028139 0.973282 0.226398 -0.0382854 0.947282 0.31624 -0.0514747 0.947349 0.31584 -0.0526716 0.973479 0.224919 -0.0418268 0.92069 0.388351 -0.038906 0.901744 0.431491 -0.0259536 0.901761 0.431418 -0.0265863 0.92087 0.387556 -0.0424038 1.81681e-05 1 3.13205e-05 8.52035e-06 1 3.15827e-05 6.82245e-06 1 2.52465e-05 1.13619e-05 1 1.95317e-05 2.45493e-05 1 1.41203e-05 2.3566e-05 1 2.34896e-05 1.20312e-05 1 1.19548e-05 1.00038e-05 1 5.7224e-06 1.79494e-05 1 -7.99481e-08 1.76455e-05 1 4.67488e-06 6.11672e-06 1 1.58571e-06 1.95627e-06 1 -7.99548e-08 6.84152e-06 1 -4.08112e-06 1.53573e-05 1 -4.22161e-06 -5.3074e-06 1 1.31557e-06 -9.84514e-06 1 5.55293e-06 2.29613e-06 1 -4.06305e-06 3.68681e-06 1 -3.82354e-06 -1.26109e-05 1 1.24742e-05 -1.16917e-05 1 2.01647e-05 6.89241e-09 1 -2.81353e-06 9.86066e-07 1 -3.74729e-06 -7.37324e-06 1 2.74482e-05 6.89627e-09 1 2.98691e-05 3.78864e-06 1 6.36072e-06 1.29786e-06 1 4.59025e-06 9.89701e-06 1 3.66808e-05 2.1656e-05 1 3.73081e-05 1.91013e-05 1 1.08683e-05 7.69637e-06 1 7.53627e-06 3.60198e-05 1 3.58597e-05 4.74315e-05 1 2.72247e-05 2.47771e-05 1 -1.3327e-07 2.94553e-05 1 7.76036e-06 5.63589e-05 1 1.49693e-05 5.82611e-05 1 -1.33284e-07 -3.41405e-05 1 1.95512e-05 -3.89141e-05 1 1.02673e-05 -5.97104e-05 1 1.58397e-05 -4.78494e-05 1 2.7466e-05 -1.50504e-05 1 2.59615e-05 -2.51577e-05 1 2.5021e-05 -3.5969e-05 1 3.58323e-05 -2.14392e-05 1 3.70273e-05 -3.17796e-12 1 3.2987e-05 -8.01471e-06 1 2.97753e-05 -9.64461e-06 1 3.58578e-05 -4.12069e-12 1 3.29078e-05 -0.954863 0.296135 -0.0232613 -0.943951 0.32972 -0.0155157 -0.943956 0.329691 -0.0158384 -0.954916 0.295811 -0.0251323 -0.939917 0.341403 -0.000318257 -0.943941 0.329781 0.0148364 -0.943945 0.329754 0.0151401 -0.939917 0.341403 -0.000338083 -0.954846 0.296231 0.0227064 -0.969955 0.241432 0.0299534 -0.969974 0.241283 0.0305492 -0.954899 0.295913 0.0245546 -0.984876 0.171801 0.0224533 -0.995969 0.0884909 0.0146503 -0.995974 0.0883892 0.0149394 -0.984932 0.17122 0.0243435 -1 0.000146188 -0.000402476 -0.99598 -0.0882475 -0.0153468 -0.995985 -0.0881443 -0.0156404 -1 0.00013861 -0.000381612 -0.984894 -0.171623 -0.0230308 -0.96997 -0.241311 -0.0304395 -0.969989 -0.241159 -0.0310474 -0.984949 -0.171038 -0.024932 -0.954855 -0.296181 -0.022999 -0.943944 -0.329764 -0.0150265 -0.943949 -0.329737 -0.0153365 -0.954908 -0.295856 -0.0248797 -0.939917 -0.341403 0.000311271 -0.943953 -0.329709 0.0156437 -0.943958 -0.32968 0.0159643 -0.939917 -0.341403 0.000322905 -0.95487 -0.296093 0.023501 -0.969982 -0.241221 0.030795 -0.97 -0.241068 0.0314072 -0.954922 -0.295768 0.0253827 -0.9849 -0.171562 0.0232245 -0.99598 -0.0882533 0.0153291 -0.995985 -0.0881476 0.0156294 -0.984954 -0.170982 0.0251096 -1 7.22418e-05 0.000198896 -0.995974 0.0883835 -0.014957 -0.995979 0.0882795 -0.0152524 -1 6.90166e-05 0.000190017 -0.984889 0.171671 -0.0228717 -0.969971 0.241305 -0.0304563 -0.96999 0.241152 -0.0310675 -0.984944 0.171093 -0.0247506 -0.0781339 -0.21813 -0.972787 -0.0768964 -0.219535 -0.972569 -0.00060163 0.000744731 -1 -0.000487841 0.000603346 -1 -0.155602 -0.569793 -0.806922 -0.150615 -0.572995 -0.8056 -0.111227 -0.433899 -0.894069 -0.124283 -0.422287 -0.897902 -0.0757785 -0.75461 -0.651783 -0.0727537 -0.755189 -0.651458 -0.107879 -0.694956 -0.710914 -0.121038 -0.689862 -0.713751 0.07549 -0.754665 -0.651753 0.0724692 -0.755242 -0.651428 -0.000139853 -0.7777 -0.628635 -0.000147543 -0.7777 -0.628636 0.155554 -0.569824 -0.80691 0.150569 -0.573024 -0.805588 0.107684 -0.69503 -0.710871 0.120852 -0.689935 -0.713712 0.0782755 -0.217969 -0.972812 0.077046 -0.219366 -0.972596 0.11128 -0.433853 -0.894085 0.124342 -0.422233 -0.897919 -0.0772104 0.219181 -0.972624 -0.0758687 0.220706 -0.972385 0.000848646 0.00105052 -0.999999 0.000712961 0.00088204 -0.999999 -0.154535 0.570483 -0.80664 -0.149553 0.573676 -0.805313 -0.110143 0.434858 -0.893738 -0.123219 0.42324 -0.897599 -0.0750959 0.754743 -0.651708 -0.0720883 0.755317 -0.651383 -0.106996 0.695295 -0.710716 -0.120119 0.690225 -0.713555 0.0753722 0.754691 -0.651736 0.0723409 0.75527 -0.651409 8.48135e-05 0.777703 -0.628632 0.00010733 0.777703 -0.628632 0.154816 0.570302 -0.806714 0.149825 0.573503 -0.805386 0.10722 0.69521 -0.710765 0.120369 0.690128 -0.713607 0.0774572 0.2189 -0.972668 0.0761133 0.220427 -0.972429 0.110405 0.434627 -0.893818 0.123479 0.423009 -0.897673 -1 -1.52271e-20 0.000248677 -1 -1.43532e-20 0.000234405 -1 -7.66071e-21 0.000125109 -1 -8.92401e-21 0.00014574 -1 -2.10385e-20 0.000343584 -1 -2.02757e-20 0.000331128 -1 -1.30388e-20 0.000212939 -1 -1.51295e-20 0.000247084 -1 -3.98403e-20 0.000650642 -1 -3.81181e-20 0.000622516 -1 -2.46321e-20 0.000402273 -1 -2.64222e-20 0.000431507 -1 -3.69515e-20 0.000603463 -1 -3.62808e-20 0.000592511 -1 -4.40281e-20 0.000719033 -1 -4.23412e-20 0.000691484 -1 -1.12644e-20 0.000183961 -1 -1.06629e-20 0.000174138 -1 -2.19496e-20 0.000358464 -1 -2.315e-20 0.000378068 -1 1.11051e-20 -0.00018136 -1 1.15776e-20 -0.000189077 -1 4.99725e-21 -8.16112e-05 -1 3.71392e-21 -6.0653e-05 -1 1.23465e-20 -0.000201634 -1 1.30124e-20 -0.000212509 -1 1.64444e-20 -0.000268558 -1 1.5186e-20 -0.000248006 -1 3.01458e-21 -4.92319e-05 -1 3.37275e-21 -5.50813e-05 -1 1.06627e-20 -0.000174135 -1 9.85075e-21 -0.000160875 -1 -7.705e-21 0.000125832 -1 -7.47594e-21 0.000122091 -1 -1.75523e-21 2.8665e-05 -1 -2.07192e-21 3.38371e-05 -1 -1.34805e-20 0.000220153 -1 -1.29011e-20 0.000210691 -1 -1.07937e-20 0.000176274 -1 -1.10686e-20 0.000180765 -1 -9.04841e-21 0.000147772 -1 -8.97506e-21 0.000146574 -1 -1.10721e-20 0.000180822 -1 -1.11734e-20 0.000182476 -1 -6.72621e-21 0.000109847 -1 -6.36522e-21 0.000103952 -1 -6.31926e-21 0.000103201 -1 -6.32501e-21 0.000103295 0.074811 0.997198 1.76882e-08 0.0722685 0.997197 -0.0193653 0.237009 0.969429 -0.0635058 0.245363 0.969431 -1.10098e-08 0.0647925 0.997198 -0.0374069 0.0528994 0.997198 -0.0528988 0.173501 0.96943 -0.1735 0.212496 0.969429 -0.122686 0.0374088 0.997197 -0.064797 0.0193649 0.997197 -0.0722715 0.0635048 0.969429 -0.237012 0.122688 0.969428 -0.2125 -5.86742e-09 0.997197 -0.0748175 -0.0193649 0.997197 -0.0722715 -0.0635048 0.969429 -0.237012 1.68883e-09 0.96943 -0.245369 -0.0374087 0.997197 -0.0647968 -0.0528991 0.997198 -0.0528985 -0.173501 0.96943 -0.1735 -0.122688 0.969428 -0.2125 -0.064792 0.997197 -0.0374067 -0.0722683 0.997197 -0.0193652 -0.237009 0.96943 -0.0635059 -0.212495 0.96943 -0.122686 -0.0748109 0.997198 8.85031e-09 -0.0722686 0.997197 0.0193653 -0.23701 0.96943 0.0635058 -0.245363 0.969431 9.38018e-09 -0.0647926 0.997197 0.037407 -0.0528998 0.997198 0.0528992 -0.173502 0.96943 0.173501 -0.212496 0.969429 0.122686 -0.0374093 0.997197 0.0647979 -0.0193652 0.997197 0.0722728 -0.0635054 0.969429 0.237014 -0.122689 0.969428 0.212502 0.00984988 0.997149 0.0748153 0.0193652 0.997197 0.072273 0.0635052 0.969428 0.237014 0.0322876 0.968924 0.245244 0.0374132 0.997196 0.0648044 0.0529121 0.997196 0.0529116 0.173512 0.969427 0.173508 0.122688 0.969427 0.212507 0.0648013 0.997197 0.0374119 0.072269 0.997197 0.0193654 0.23701 0.969429 0.063506 0.212503 0.969428 0.122685 0.203022 0.977662 -0.0543999 0.210186 0.977661 4.83403e-08 0.148624 0.977662 -0.14862 0.182023 0.977662 -0.10509 0.0544001 0.977661 -0.203028 0.105092 0.977661 -0.182027 -0.0544018 0.977659 -0.203037 2.98305e-07 0.97766 -0.210195 -0.148641 0.977657 -0.148637 -0.1051 0.977658 -0.182042 -0.203053 0.977655 -0.0544085 -0.182048 0.977656 -0.105105 -0.203052 0.977655 0.0544084 -0.210219 0.977654 9.04347e-08 -0.14864 0.977657 0.148637 -0.182048 0.977656 0.105104 -0.0544016 0.977659 0.203036 -0.1051 0.977658 0.182041 0.0543997 0.977661 0.203027 0.0276625 0.977286 0.210113 0.14862 0.977663 0.148616 0.10509 0.977662 0.182025 0.203021 0.977662 0.0543999 0.18202 0.977663 0.105087 -0.0700372 0.997368 0.0187676 -0.0725088 0.997368 1.61105e-08 -0.0512693 0.997368 0.0512688 -0.0627922 0.997368 0.0362538 -0.0187631 0.997369 0.0700268 -0.0362508 0.997368 0.062789 0.018761 0.997369 0.0700183 1.02339e-07 0.997369 0.0724919 0.0512525 0.99737 0.0512519 0.0362425 0.997369 0.0627743 0.0700059 0.99737 0.0187592 0.0627671 0.99737 0.0362392 0.0700063 0.99737 -0.0187592 0.0724751 0.99737 1.03449e-09 0.0512536 0.99737 -0.0512529 0.0627679 0.99737 -0.0362396 0.0187616 0.997369 -0.0700203 0.0362434 0.997369 -0.0627759 -0.0187636 0.997368 -0.0700289 -0.0095438 0.997323 -0.0724907 -0.0512707 0.997368 -0.0512702 -0.0362519 0.997368 -0.0627908 -0.0700379 0.997368 -0.0187678 -0.0627934 0.997368 -0.0362545 -0.31302 0.946036 0.0838747 -0.324062 0.946036 -3.90731e-08 -0.229145 0.946037 0.229143 -0.280644 0.946037 0.162028 -0.0838735 0.946034 0.313026 -0.162028 0.946035 0.28065 0.0838772 0.94603 0.313035 6.25591e-07 0.946032 0.324073 0.229165 0.946027 0.229162 0.162039 0.946029 0.280666 0.313056 0.946023 0.0838841 0.280674 0.946025 0.162044 0.313056 0.946023 -0.0838842 0.324101 0.946023 -3.33544e-08 0.229166 0.946027 -0.229162 0.280674 0.946025 -0.162044 0.0838771 0.94603 -0.313035 0.162039 0.946029 -0.280666 -0.0838733 0.946034 -0.313026 -0.0426266 0.945172 -0.323779 -0.229146 0.946037 -0.229143 -0.162029 0.946035 -0.28065 -0.313019 0.946036 -0.0838749 -0.280644 0.946037 -0.162028 -0.327346 0.944905 1.09511e-06 -0.31619 0.944905 0.0847286 -0.110923 0.993384 0.0297244 -0.114837 0.993384 4.4261e-07 -0.283497 0.944903 0.163669 -0.231473 0.944903 0.23147 -0.0812008 0.993385 0.0811989 -0.0994525 0.993384 0.0574185 -0.16367 0.944906 0.283486 -0.0847248 0.944907 0.316186 -0.0297161 0.993387 0.110905 -0.0574115 0.993386 0.0994404 -1.54518e-06 0.944907 0.327338 0.0847207 0.944908 0.316182 0.0297124 0.993389 0.110889 3.16067e-07 0.993388 0.114809 0.163663 0.944909 0.28348 0.231463 0.944908 0.231462 0.0811688 0.99339 0.0811663 0.0573959 0.99339 0.0994123 0.283483 0.944908 0.163663 0.316174 0.944911 0.084725 0.110862 0.993392 0.0297082 0.0994043 0.993391 0.0573903 0.327329 0.944911 7.75648e-08 0.316174 0.94491 -0.084725 0.110862 0.993392 -0.0297081 0.114773 0.993392 -1.79132e-08 0.283483 0.944908 -0.163662 0.231463 0.944908 -0.231462 0.0811678 0.99339 -0.0811653 0.0994035 0.993391 -0.0573898 0.163663 0.944909 -0.28348 0.0847204 0.944908 -0.316182 0.0297119 0.993389 -0.110887 0.057395 0.99339 -0.0994108 -0.043053 0.944031 -0.327034 -0.0847243 0.944907 -0.316185 -0.0297155 0.993387 -0.110903 -0.0151127 0.993274 -0.114794 -0.16367 0.944906 -0.283486 -0.231473 0.944903 -0.231469 -0.0811998 0.993385 -0.0811978 -0.0574107 0.993386 -0.0994389 -0.31619 0.944905 -0.0847284 -0.110922 0.993384 -0.0297243 -0.0994514 0.993384 -0.0574185 -0.283496 0.944903 -0.163669 0.043053 0.944031 -0.327035 0.0426266 0.945172 -0.323778 -0.258826 -8.442e-05 -0.965924 -0.258826 -0.000112263 -0.965924 2.05726e-07 -0.000159668 -1 -7.17547e-08 -0.00013674 -1 -0.707097 3.21872e-05 -0.707117 -0.707097 -2.92186e-06 -0.707117 -0.499999 -6.0059e-05 -0.866026 -0.499999 -3.04639e-05 -0.866026 -0.965927 0.000172653 -0.258814 -0.965927 0.00013954 -0.258814 -0.866021 6.64179e-05 -0.500008 -0.866021 0.000105314 -0.500008 -0.965927 0.000256396 0.258814 -0.965927 0.000240187 0.258814 -1 0.000196386 1.64452e-10 -1 0.00022093 1.85005e-10 -0.707097 0.000273926 0.707117 -0.707097 0.000279004 0.707117 -0.866021 0.000265282 0.500007 -0.866021 0.000273562 0.500007 -0.258826 0.00018071 0.965924 -0.258826 0.000206935 0.965924 -0.499999 0.000259424 0.866026 -0.499999 0.000235198 0.866026 0.258825 5.8144e-05 0.965924 0.258826 9.75715e-05 0.965924 6.69689e-08 0.000162829 1 6.69706e-08 0.000132682 1 0.707097 -6.29164e-05 0.707116 0.707097 -3.53823e-05 0.707116 0.499999 2.40964e-05 0.866026 0.499999 -9.82994e-06 0.866026 0.965927 -0.000133538 0.258814 0.965927 -0.000124318 0.258814 0.866021 -8.5754e-05 0.500007 0.866021 -0.000107918 0.500007 0.965927 -0.000256123 -0.258813 0.965927 -0.00025645 -0.258813 1 -0.000252854 2.12141e-10 1 -0.000255384 2.14263e-10 0.707097 -0.000231352 -0.707117 0.707097 -0.000242411 -0.707117 0.866021 -0.000253929 -0.500008 0.866021 -0.000248861 -0.500007 0.258826 -0.00017551 -0.965924 0.258826 -0.000191642 -0.965924 0.5 -0.000218682 -0.866026 0.5 -0.000204326 -0.866026 1 -4.27432e-21 6.98049e-05 1 -8.58249e-21 0.000140163 1 -9.32544e-21 0.000152296 1 -5.45406e-21 8.90716e-05 1 -1.10426e-20 0.000180339 1 -1.15557e-20 0.00018872 1 -1.18049e-20 0.000192789 1 -1.14283e-20 0.000186638 1 -1.0361e-20 0.000169208 1 -7.41852e-21 0.000121154 1 -7.84189e-21 0.000128068 1 -9.98427e-21 0.000163056 1 -3.46879e-21 5.66497e-05 1 1.37388e-22 -2.24371e-06 1 5.0095e-23 -8.18113e-07 1 -3.62746e-21 5.92408e-05 1 4.03918e-21 -6.59648e-05 1 4.78031e-21 -7.80684e-05 1 4.71692e-21 -7.70332e-05 1 3.18524e-21 -5.20189e-05 1 5.33757e-21 -8.71691e-05 1 4.63799e-21 -7.57441e-05 1 4.73718e-21 -7.7364e-05 1 5.21666e-21 -8.51945e-05 1 3.36819e-21 -5.50067e-05 1 2.86127e-21 -4.67281e-05 1 3.04586e-21 -4.97426e-05 1 3.69423e-21 -6.03313e-05 1 1.10312e-21 -1.80152e-05 1 5.54658e-22 -9.05825e-06 1 9.28929e-22 -1.51706e-05 1 1.58911e-21 -2.59521e-05 1 -2.8218e-24 4.60835e-08 1 7.61209e-22 -1.24315e-05 1 1.06419e-21 -1.73796e-05 1 3.61976e-22 -5.91152e-06 1 1.07501e-21 -1.75562e-05 1 2.61749e-21 -4.27469e-05 1 2.92161e-21 -4.77134e-05 1 1.42042e-21 -2.31973e-05 1 3.78156e-21 -6.17575e-05 1 3.07424e-21 -5.02061e-05 1 2.94732e-21 -4.81334e-05 1 3.68191e-21 -6.01302e-05 1 1.02614e-21 -1.67582e-05 1 -2.64707e-21 4.32299e-05 1 -3.23694e-21 5.28633e-05 1 7.23127e-22 -1.18096e-05 -1 2.06099e-21 -3.36586e-05 -1 3.08938e-21 -5.04534e-05 -1 3.96927e-21 -6.48231e-05 -1 2.88741e-21 -4.7155e-05 -1 1.991e-21 -3.25154e-05 -1 5.40833e-21 -8.83247e-05 -1 5.96422e-21 -9.74032e-05 -1 3.27184e-21 -5.34332e-05 -1 7.41521e-21 -0.0001211 -1 1.0211e-20 -0.000166758 -1 1.05875e-20 -0.000172907 -1 8.03547e-21 -0.000131229 -1 1.10264e-20 -0.000180075 -1 8.09021e-21 -0.000132123 -1 7.95931e-21 -0.000129985 -1 1.03817e-20 -0.000169546 -1 5.56029e-21 -9.08064e-05 -1 2.3812e-21 -3.88879e-05 -1 2.4441e-21 -3.99152e-05 -1 5.25841e-21 -8.58763e-05 -1 -1.7698e-21 2.8903e-05 -1 -4.61935e-21 7.54397e-05 -1 -4.8058e-21 7.84847e-05 -1 -1.01293e-21 1.65423e-05 -1 -8.02271e-21 0.000131021 -1 -9.96029e-21 0.000162664 -1 -1.01815e-20 0.000166277 -1 -8.19428e-21 0.000133823 -1 -9.41736e-21 0.000153797 -1 -7.96789e-21 0.000130126 -1 -8.09409e-21 0.000132187 -1 -9.71502e-21 0.000158658 -1 -5.19705e-21 8.48743e-05 -1 -4.39205e-21 7.17276e-05 -1 -4.86648e-21 7.94757e-05 -1 -5.69243e-21 9.29645e-05 -1 -2.47035e-21 4.03438e-05 -1 6.032e-22 -9.85101e-06 -1 8.33219e-22 -1.36075e-05 -1 -2.05662e-21 3.35871e-05 -1 2.2007e-21 -3.59402e-05 -1 2.07465e-21 -3.38816e-05 -1 2.21647e-21 -3.61977e-05 -1 1.93722e-21 -3.16372e-05 -1 2.04206e-21 -3.33494e-05 -1 2.59289e-21 -4.23452e-05 -1 3.04993e-21 -4.98091e-05 -1 2.16779e-21 -3.54028e-05 -1.53093e-17 1 4.10251e-18 -1.53093e-17 1 4.10251e-18 -0 1 0 -0 1 0 -3.06162e-17 1 3.06153e-17 -3.06162e-17 1 3.06153e-17 -2.65144e-17 1 1.53081e-17 -2.65144e-17 1 1.53081e-17 -1.53079e-17 1 5.71306e-17 -1.53079e-17 1 5.71306e-17 -2.65144e-17 1 4.59243e-17 -2.65144e-17 1 4.59243e-17 1.53079e-17 1 5.71306e-17 1.53079e-17 1 5.71306e-17 -3.9495e-25 1 6.12323e-17 -5.266e-25 1 6.12323e-17 3.06162e-17 1 3.06153e-17 3.06162e-17 1 3.06153e-17 2.65143e-17 1 4.59243e-17 2.65143e-17 1 4.59243e-17 1.53093e-17 1 4.10251e-18 1.53093e-17 1 4.10251e-18 2.65144e-17 1 1.53081e-17 2.65144e-17 1 1.53081e-17 -1.53093e-17 1 4.1025e-18 -1.53093e-17 1 4.1025e-18 -9.66713e-24 1 1.2059e-30 -9.66713e-24 1 1.09604e-30 -3.06162e-17 1 3.06153e-17 -3.06162e-17 1 3.06153e-17 -2.65144e-17 1 1.5308e-17 -2.65144e-17 1 1.5308e-17 -1.53079e-17 1 5.71306e-17 -1.53079e-17 1 5.71306e-17 -2.65143e-17 1 4.59243e-17 -2.65143e-17 1 4.59243e-17 1.53079e-17 1 5.71307e-17 1.53079e-17 1 5.71307e-17 8.06134e-18 1 6.12323e-17 8.06134e-18 1 6.12323e-17 3.06162e-17 1 3.06153e-17 3.06162e-17 1 3.06153e-17 2.65144e-17 1 4.59243e-17 2.65144e-17 1 4.59243e-17 1.53093e-17 1 4.10249e-18 1.53093e-17 1 4.10249e-18 2.65144e-17 1 1.53081e-17 2.65144e-17 1 1.53081e-17 -6.06164e-07 6.12323e-17 -1 3.73193e-06 6.12323e-17 -1 -0.000282947 6.12323e-17 -1 -0.000280692 6.12323e-17 -1 0.00031896 6.12323e-17 -1 0.000322225 6.12323e-17 -1 0.000279841 6.12323e-17 -1 0.000231822 6.12323e-17 -1 0.000420692 6.12323e-17 -1 0.000408202 6.12323e-17 -1 0.000397911 6.12323e-17 -1 0.000382408 6.12323e-17 -1 0.000409909 6.12323e-17 -1 0.00039388 6.12323e-17 -1 0.000374744 6.12323e-17 -1 0.000402655 6.12323e-17 -1 0.000319283 6.12323e-17 -1 0.000306122 6.12323e-17 -1 0.000283926 6.12323e-17 -1 0.000319051 6.12323e-17 -1 0.000399403 6.12323e-17 -1 0.000385939 6.12323e-17 -1 0.000261529 6.12323e-17 -1 0.000290174 6.12323e-17 -1 0.00061635 6.12323e-17 -1 0.00061137 6.12323e-17 -1 0.000517826 6.12323e-17 -1 0.000507696 6.12323e-17 -1 0.000560483 6.12323e-17 -1 0.000560374 6.12323e-17 -1 0.000653416 6.12323e-17 -1 0.000644699 6.12323e-17 -1 -1.27172e-05 6.12323e-17 -1 -9.66266e-06 6.12323e-17 -1 0.000339892 6.12323e-17 -1 0.000336316 6.12323e-17 -1 -0.00068417 6.12323e-17 -1 -0.000678211 6.12323e-17 -1 -0.000359287 6.12323e-17 -1 -0.000368247 6.12323e-17 -1 -0.00094089 6.12323e-17 -1 -0.000937161 6.12323e-17 -1 -0.00087531 6.12323e-17 -1 -0.000873625 6.12323e-17 -1 -0.000607868 6.12323e-17 -1 -0.000594056 6.12323e-17 -1 -0.000876072 6.12323e-17 -1 -0.000845978 6.12323e-17 -1 -2.75466e-05 1 -0.000102791 -3.68033e-05 1 -0.000137333 8.35726e-13 1 -0.000174687 6.747e-13 1 -0.000141029 -2.89134e-05 1 -2.8914e-05 -4.67626e-05 1 -4.67636e-05 -5.56146e-05 1 -9.63272e-05 -3.77344e-05 1 -6.53578e-05 2.8417e-05 1 7.61448e-06 2.00423e-06 1 5.37042e-07 -2.13606e-05 1 -1.23321e-05 -8.60917e-06 1 -4.97035e-06 8.15777e-05 1 -2.18591e-05 6.12608e-05 1 -1.64151e-05 2.5646e-05 1 6.12323e-17 5.71969e-05 1 6.12323e-17 0.000106436 1 -0.000106439 9.45387e-05 1 -9.45407e-05 8.58157e-05 1 -4.95441e-05 0.000102209 1 -5.90084e-05 4.90092e-05 1 -0.000182879 4.51983e-05 1 -0.000168658 8.07513e-05 1 -0.000139865 8.7061e-05 1 -0.000150794 -5.60647e-05 1 -0.000209207 -5.60647e-05 1 -0.000209207 -3.41538e-11 1 -0.000203971 -3.48581e-11 1 -0.000208177 -0.000166129 1 -0.000166133 -0.000160181 1 -0.000160184 -0.000109333 1 -0.000189371 -0.00011354 1 -0.000196656 -0.000220847 1 -5.91769e-05 -0.000228973 1 -6.13543e-05 -0.000207533 1 -0.000119815 -0.000205711 1 -0.000118764 0.000269966 1 -7.23382e-05 0.000312643 1 -8.37737e-05 0.000325201 1 6.12323e-17 0.000291538 1 6.12323e-17 0.000171678 1 -0.000171682 0.000196967 1 -0.000196972 0.000264424 1 -0.00015266 0.00022434 1 -0.000129519 4.50616e-05 1 -0.000168148 5.48634e-05 1 -0.000204724 0.000126424 1 -0.000218972 0.000106438 1 -0.000184356 0.258807 0.000494599 0.965929 0.258811 0.000516328 0.965928 2.89271e-07 0.000538114 1 -2.35234e-07 0.000521104 1 0.707099 0.000404294 0.707115 0.707107 0.000434979 0.707106 0.500009 0.000482154 0.86602 0.500001 0.000456809 0.866025 0.965925 0.000257304 0.258823 0.965929 0.000291556 0.258807 0.866026 0.000366811 0.499998 0.866019 0.000333364 0.500011 0.965929 5.95334e-05 -0.258807 0.965925 9.84594e-05 -0.258823 1 0.000205151 -8.50616e-06 1 0.000166828 8.52051e-06 0.707107 -0.000164269 -0.707106 0.707099 -0.000126451 -0.707115 0.866019 -8.26715e-06 -0.500011 0.866026 -4.69031e-05 -0.499998 0.258811 -0.000394164 -0.965928 0.258807 -0.000358785 -0.965929 0.500001 -0.000240698 -0.866025 0.500009 -0.000276716 -0.86602 -0.258811 -0.000615325 -0.965928 -0.258807 -0.000584659 -0.965929 -3.26692e-08 -0.000474535 -1 -2.92701e-08 -0.000507669 -1 -0.707107 -0.00078715 -0.707106 -0.707099 -0.000768219 -0.707114 -0.500001 -0.000686015 -0.866025 -0.500008 -0.000711794 -0.866021 -0.965929 -0.000903186 -0.258807 -0.965924 -0.000889649 -0.258823 -0.866019 -0.000827663 -0.500011 -0.866026 -0.000846011 -0.499998 -0.965925 0.000586821 0.258823 -0.965929 0.000592635 0.258807 -1 0.000584212 -8.51572e-06 -1 0.000586586 8.51572e-06 -0.707099 0.0005648 0.707114 -0.707108 0.000574266 0.707106 -0.866026 0.000575576 0.499999 -0.866019 0.000566078 0.500012 -0.258807 0.000533793 0.965929 -0.258811 0.000549146 0.965928 -0.500009 0.000565122 0.86602 -0.500002 0.000550185 0.866024 1 1.18617e-20 -0.000193715 1 8.66944e-21 -0.000141583 1 9.44604e-21 -0.000154266 1 1.26701e-20 -0.000206919 1 2.09169e-21 -3.41598e-05 1 -3.44764e-22 5.63042e-06 1 6.71007e-23 -1.09584e-06 1 3.14379e-21 -5.1342e-05 1 -2.8009e-21 4.57422e-05 1 -1.61693e-22 2.64065e-06 1 1.60403e-22 -2.61958e-06 1 -1.79145e-21 2.92565e-05 1 3.39986e-21 -5.5524e-05 1 1.0984e-20 -0.000179383 1 1.08432e-20 -0.000177083 1 4.19551e-21 -6.85178e-05 1 1.88846e-20 -0.000308409 1 1.90207e-20 -0.000310632 1 1.89562e-20 -0.000309579 1 1.74709e-20 -0.000285321 1 1.72366e-20 -0.000281495 1 1.11819e-20 -0.000182614 1 1.09726e-20 -0.000179196 1 1.66955e-20 -0.000272659 1 4.24391e-21 -6.93083e-05 1 -3.22938e-21 5.27398e-05 1 -2.86626e-21 4.68095e-05 1 4.34125e-21 -7.0898e-05 1 -1.28628e-20 0.000210066 1 -1.97073e-20 0.000321844 1 -1.96813e-20 0.00032142 1 -1.26366e-20 0.000206371 1 -2.24847e-20 0.000367202 1 -1.88392e-20 0.000307668 1 -1.92327e-20 0.000314093 1 -2.18377e-20 0.000356637 1 -1.32612e-20 0.000216572 1 -3.6083e-21 5.89279e-05 1 -4.07756e-21 6.65916e-05 1 -1.22576e-20 0.000200181 1 6.953e-21 -0.000113551 1 1.00389e-20 -0.000163948 1 9.64672e-21 -0.000157543 1 4.84504e-21 -7.91256e-05 1 1.54638e-20 -0.000252543 1 1.52692e-20 -0.000249366 1 1.53783e-20 -0.000251146 1 1.42882e-20 -0.000233345 -1 1.50421e-20 -0.000245656 -1 3.78214e-21 -6.17671e-05 -1 4.0517e-21 -6.61693e-05 -1 1.56118e-20 -0.000254959 -1 -9.15479e-21 0.000149509 -1 -2.11375e-20 0.000345201 -1 -2.14249e-20 0.000349895 -1 -9.11589e-21 0.000148874 -1 -2.8399e-20 0.000463792 -1 -3.31524e-20 0.000541419 -1 -3.36543e-20 0.000549617 -1 -2.9124e-20 0.00047563 -1 -3.34766e-20 0.000546714 -1 -2.5595e-20 0.000417998 -1 -2.60303e-20 0.000425108 -1 -3.21307e-20 0.000524735 -1 -1.66015e-20 0.000271123 -1 -8.06542e-21 0.000131718 -1 -8.27887e-21 0.000135204 -1 -1.6331e-20 0.000266706 -1 -8.07055e-22 1.31802e-05 -1 -5.44207e-22 8.88758e-06 -1 -1.18637e-21 1.93748e-05 -1 -2.63769e-21 4.30768e-05 -1 3.31351e-21 -5.41137e-05 -1 4.37581e-21 -7.14624e-05 -1 4.49863e-21 -7.34682e-05 -1 1.82464e-21 -2.97987e-05 -1 5.93808e-21 -9.69762e-05 -1 1.16306e-20 -0.000189942 -1 1.33319e-20 -0.000217726 -1 7.4706e-21 -0.000122004 -1 1.18751e-20 -0.000193936 -1 2.00819e-20 -0.000327962 -1 2.16453e-20 -0.000353494 -1 1.51973e-20 -0.00024819 -1 2.14127e-20 -0.000349696 -1 2.5381e-20 -0.000414504 -1 2.59033e-20 -0.000423032 -1 2.23575e-20 -0.000365126 -1 2.89952e-20 -0.000473527 -1 2.95782e-20 -0.000483049 -1 2.98526e-20 -0.00048753 -1 2.81225e-20 -0.000459275 -1 2.85461e-20 -0.000466193 -1 2.47902e-20 -0.000404854 -1 2.51691e-20 -0.000411043 -1 2.86908e-20 -0.000468556 -8.71495e-06 1 -3.252e-05 -2.13855e-05 1 -7.98004e-05 0 1 -6.49919e-05 0 1 -1.45638e-05 -0.000181708 1 -0.000181712 -0.00021373 1 -0.000213734 -8.29343e-05 1 -0.000143646 -5.88295e-05 1 -0.000101896 -0.000726655 1 -0.000194711 -0.000764768 1 -0.000204923 -0.000463631 1 -0.000267669 -0.00042504 1 -0.000245389 -0.00107888 0.999999 0.000289091 -0.00111135 0.999999 0.000297792 -0.00102545 0.999999 6.12323e-17 -0.000991105 1 6.12323e-17 -0.000584787 1 0.0005848 -0.000608535 1 0.000608548 -0.000975474 0.999999 0.000563172 -0.000945105 0.999999 0.000545639 -9.0322e-06 1 3.37038e-05 -1.78938e-05 1 6.67712e-05 -0.00023872 1 0.000413474 -0.000223407 1 0.000386952 -0.000162145 1 -0.000605049 -0.000151795 1 -0.000566427 -4.83398e-11 1 -0.000273087 -5.55523e-11 1 -0.000313832 -0.000871774 0.999999 -0.000871792 -0.000848169 0.999999 -0.000848187 -0.00043899 1 -0.000760352 -0.000458235 1 -0.000793685 -0.00139931 0.999999 -0.000374953 -0.00138951 0.999999 -0.000372326 -0.00119233 0.999999 -0.00068837 -0.00120866 0.999999 -0.000697797 0.000506873 1 -0.000135818 0.000514655 1 -0.000137904 0.000589225 1 6.12323e-17 0.000586295 1 6.12323e-17 0.000153802 1 -0.000153806 0.000170878 1 -0.000170883 0.000340537 1 -0.000196602 0.000325954 1 -0.000188183 9.02447e-06 1 -3.3675e-05 2.18938e-05 1 -8.16974e-05 7.00504e-05 1 -0.000121331 5.10335e-05 1 -8.83925e-05 0.00104625 6.12323e-17 -0.999999 0.00103262 6.12323e-17 -0.999999 0.0010663 6.12323e-17 -0.999999 0.00104208 6.12323e-17 -0.999999 0.0010243 6.12323e-17 -1 0.00100477 6.12323e-17 -1 0.00100201 6.12323e-17 -0.999999 0.00100979 6.12323e-17 -0.999999 0.000973255 6.12323e-17 -1 0.000947114 6.12323e-17 -1 0.00087303 6.12323e-17 -1 0.000919864 6.12323e-17 -1 0.000848218 6.12323e-17 -1 0.000828934 6.12323e-17 -1 0.000822635 6.12323e-17 -1 0.00086998 6.12323e-17 -1 0.000475678 6.12323e-17 -1 0.000464962 6.12323e-17 -1 0.00068455 6.12323e-17 -1 0.000681249 6.12323e-17 -1 -9.22201e-05 6.12323e-17 -1 -0.000109187 6.12323e-17 -1 0.000230151 6.12323e-17 -1 0.000197083 6.12323e-17 -1 -0.00084297 6.12323e-17 -1 -0.000827346 6.12323e-17 -1 -0.000506997 6.12323e-17 -1 -0.000478141 6.12323e-17 -1 -0.00136882 6.12323e-17 -0.999999 -0.00135732 6.12323e-17 -0.999999 -0.00117381 6.12323e-17 -0.999999 -0.00115039 6.12323e-17 -0.999999 -0.0012391 6.12323e-17 -0.999999 -0.00123158 6.12323e-17 -0.999999 -0.00136031 6.12323e-17 -0.999999 -0.00137579 6.12323e-17 -0.999999 -0.000379678 6.12323e-17 -1 -0.000378288 6.12323e-17 -1 -0.000848428 6.12323e-17 -1 -0.00085826 6.12323e-17 -1 0.000569566 6.12323e-17 -1 0.000565843 6.12323e-17 -1 0.000100998 6.12323e-17 -1 0.000118341 6.12323e-17 -1 0.000993447 6.12323e-17 -1 0.000990375 6.12323e-17 -0.999999 0.000839886 6.12323e-17 -1 0.000845231 6.12323e-17 -1 -0.513599 0.845172 -0.147986 -0.74501 0.6623 -0.0794899 -0.706471 0.706686 0.0386553 -0.48135 0.876526 -0.00194102 -0.746446 0.585854 -0.315585 -0.885049 0.45122 -0.114408 -0.622965 0.745417 -0.237206 -0.967237 0.178042 -0.180977 -0.993487 0.11114 -0.0251374 -0.883974 0.407487 -0.229227 -0.965464 -0.240886 0.099265 -0.955634 -0.273785 0.108655 -0.99958 -0.0281289 0.00693125 -0.754413 -0.600547 0.26496 -0.814802 -0.564631 0.131489 -0.860907 -0.452629 0.232305 -0.524436 -0.836923 0.156612 -0.706469 -0.706689 0.0386238 -0.605343 -0.760012 0.236519 -0.5136 -0.84517 -0.147996 -0.745011 -0.662298 -0.0794969 -0.48135 -0.876526 -0.00197723 -0.746442 -0.585866 -0.315571 -0.885047 -0.451226 -0.114398 -0.622965 -0.745419 -0.237205 -0.967237 -0.178049 -0.180973 -0.993486 -0.111152 -0.0251261 -0.88397 -0.4075 -0.229215 -0.965469 0.240858 0.0992802 -0.955637 0.273763 0.108679 -0.999581 0.0281118 0.00694034 -0.754426 0.600515 0.264997 -0.814809 0.564612 0.131528 -0.860917 0.452596 0.232331 -0.524442 0.83691 0.156659 -0.605353 0.759992 0.236558 -0.964484 0.264087 0.0052749 -0.981166 0.192311 -0.0181512 -0.997221 -0.0744932 -0.000801492 -0.964484 -0.264089 0.00525379 -0.981166 -0.192312 -0.0181447 -0.997222 0.0744859 -0.000775578 -0.99999 -2.72522e-19 0.00445062 -0.999906 -8.41126e-19 0.0137366 -0.99971 1.47463e-18 -0.0240825 -0.999906 -8.40659e-19 0.013729 -0.99999 -2.72423e-19 0.004449 -0.999711 1.47314e-18 -0.0240581 1.53082e-17 1 4.10145e-18 -3.06147e-17 1 3.06177e-17 -3.06147e-17 1 3.06177e-17 1.53082e-17 1 4.10145e-18 1.5305e-17 1 5.71314e-17 1.5305e-17 1 5.71314e-17 1.53082e-17 1 4.10144e-18 1.53082e-17 1 4.10144e-18 -3.06147e-17 1 3.06177e-17 -3.06147e-17 1 3.06177e-17 -1.76778e-17 1 6.59691e-17 -1.76778e-17 1 6.59691e-17 4.82878e-17 1 4.82937e-17 4.82878e-17 1 4.82937e-17 -0.866009 -3.0618e-17 0.500029 -0.866014 -3.06174e-17 0.50002 -0.866015 -3.06172e-17 0.500017 -0.866029 -3.06158e-17 0.499994 -0.866001 -3.06188e-17 0.500043 -0.866009 -3.06179e-17 0.500029 -0.866032 -3.06155e-17 0.499989 -4.40647e-08 1 1.1808e-08 -2.6514e-17 1 1.53074e-17 -3.06162e-17 1 3.06161e-17 -1.61183e-07 1 2.79188e-07 -2.62717e-07 1 9.80468e-07 2.12602e-13 1 1.38536e-06 2.62716e-07 1 9.80468e-07 3.01073e-07 1 5.21495e-07 3.48384e-07 1 3.48383e-07 3.00265e-07 1 1.73353e-07 2.17386e-07 1 5.82531e-08 -9.12393e-08 1 -3.24987e-16 -8.2254e-07 1 2.20416e-07 -1.13257e-06 1 6.53871e-07 -1.043e-06 1 1.043e-06 -9.01699e-07 1 1.56185e-06 -4.29591e-07 1 1.60325e-06 -1.82393e-07 1 1.38536e-06 -0.0098499 0.997149 0.0748153 3.46153e-07 1 1.29186e-06 7.38996e-07 1 1.28003e-06 8.9031e-07 1 8.90305e-07 4.8464e-07 1 2.79799e-07 2.17386e-07 1 5.82528e-08 4.56196e-08 1 -3.6119e-15 1 0 0 1 0 0 1 0.000554005 1.28665e-09 1 0.000565109 1.31244e-09 -3.70621e-05 1 -1.33244e-07 -6.39202e-05 1 -1.33233e-07 -0.0322876 0.968924 0.245244 -0.0276625 0.977286 0.210113 0.0095438 0.997323 -0.0724906 0.0151127 0.993275 -0.114794 1 -0.000133649 1.1213e-10 1 -0.000133649 1.1213e-10 -8.06134e-18 1 6.12323e-17 -8.06134e-18 1 6.12323e-17 -0.000225496 1 6.12323e-17 -0.000229702 1 6.12323e-17 -1 -0.000918786 8.51572e-06 -1 -0.000912959 -8.51572e-06 -0.00145878 0.999999 6.12323e-17 -0.00145298 0.999999 6.12323e-17 1.82393e-07 1 1.38536e-06 1 6.63187e-22 -1.08307e-05 1 3.65467e-22 -5.96853e-06 1 2.17086e-23 -3.54528e-07 1 4.24e-22 -6.92444e-06 1 2.75976e-22 -4.50704e-06 1 -1.82316e-22 2.97744e-06 1 1.83969e-23 -3.00445e-07 1 8.34229e-25 -1.3624e-08 1 -8.88314e-23 1.45073e-06 1 -8.63207e-23 1.40972e-06 1 -8.53037e-23 1.39311e-06 1 -7.61053e-23 1.24289e-06 1 -3.39538e-22 5.54508e-06 1 -3.11938e-22 5.09434e-06 1 -1.82734e-22 2.98427e-06 1 -4.02681e-22 6.57627e-06 1 -1.51373e-22 2.4721e-06 1 1.25447e-22 -2.0487e-06 1 9.70115e-23 -1.58432e-06 1 8.9484e-23 -1.46138e-06 1 8.88306e-23 -1.45071e-06 1 7.71209e-23 -1.25948e-06 1 -3.76356e-23 6.14637e-07 1 -6.02158e-23 9.83398e-07 1 3.00232e-22 -4.90316e-06 -1.53093e-17 1 4.10251e-18 -0 1 0 -3.06162e-17 1 3.06153e-17 -2.65144e-17 1 1.53081e-17 -1.53079e-17 1 5.71306e-17 -2.65144e-17 1 4.59243e-17 1.53079e-17 1 5.71306e-17 2.8963e-24 1 6.12323e-17 3.06162e-17 1 3.06153e-17 2.65143e-17 1 4.59243e-17 1.53093e-17 1 4.10251e-18 2.65144e-17 1 1.53081e-17 -1.53093e-17 1 4.1025e-18 -9.66713e-24 1 1.59824e-30 -3.06162e-17 1 3.06153e-17 -2.65144e-17 1 1.5308e-17 -1.53079e-17 1 5.71306e-17 -2.65143e-17 1 4.59243e-17 1.53079e-17 1 5.71307e-17 8.06134e-18 1 6.12323e-17 3.06162e-17 1 3.06153e-17 2.65144e-17 1 4.59243e-17 1.53093e-17 1 4.10249e-18 2.65144e-17 1 1.53081e-17 -8.06134e-18 1 6.12323e-17 </float_array>
          <technique_common>
            <accessor count="1247" offset="0" source="#meshId0-bitangents-array" stride="3">
              <param name="X" type="float" />
              <param name="Y" type="float" />
              <param name="Z" type="float" />
            </accessor>
          </technique_common>
        </source>
        <source id="meshId0-tex0" name="meshId0-tex0">
          <float_array id="meshId0-tex0-array" count="2494"> 0.399428 0.450963 0.385498 0.450963 0.385498 0.429549 0.399428 0.429549 0.399428 0.493791 0.385498 0.493791 0.385498 0.472377 0.399428 0.472377 0.399428 0.536617 0.385498 0.536617 0.385498 0.515204 0.399428 0.515204 0.399428 0.579443 0.385498 0.579443 0.385498 0.55803 0.399428 0.55803 0.399428 0.622269 0.385498 0.622269 0.385498 0.600857 0.399428 0.600857 0.399428 0.665096 0.385498 0.665096 0.385498 0.643682 0.399428 0.643682 0.399428 0.707923 0.385498 0.707923 0.385498 0.686509 0.399428 0.686509 0.399428 0.750751 0.385498 0.750751 0.385498 0.729337 0.399428 0.729337 0.399428 0.79358 0.385498 0.79358 0.385498 0.772165 0.399428 0.772165 0.399428 0.322478 0.385498 0.322478 0.385498 0.301064 0.399428 0.301064 0.399428 0.365307 0.385498 0.365307 0.385498 0.343893 0.399428 0.343893 0.399428 0.408136 0.385498 0.408135 0.385498 0.386721 0.399428 0.386721 0.361469 0.472959 0.361454 0.451541 0.374891 0.451532 0.374904 0.472952 0.361489 0.515788 0.36148 0.494375 0.374914 0.494369 0.374921 0.515784 0.361492 0.558606 0.361492 0.537198 0.374923 0.537198 0.374921 0.558608 0.361482 0.601414 0.361488 0.58001 0.374916 0.580014 0.374908 0.601418 0.361463 0.644213 0.361474 0.622814 0.374898 0.62282 0.374887 0.64422 0.361438 0.687009 0.361451 0.665612 0.374874 0.66562 0.37486 0.687017 0.361412 0.7298 0.361425 0.708405 0.374846 0.708413 0.374833 0.729809 0.361382 0.772586 0.361397 0.751194 0.374818 0.751203 0.374801 0.772596 0.361347 0.81537 0.361365 0.793978 0.374784 0.793989 0.374766 0.815381 0.361372 0.344438 0.361358 0.323016 0.374796 0.323008 0.374809 0.344429 0.361403 0.387281 0.361386 0.365859 0.374824 0.365849 0.37484 0.38727 0.361438 0.430123 0.36142 0.408703 0.374858 0.408692 0.374875 0.430112 0.943573 0.551863 0.926328 0.544715 0.929051 0.534557 0.948834 0.542758 0.90782 0.542276 0.889312 0.544715 0.886589 0.534557 0.90782 0.531761 0.872066 0.551862 0.857259 0.563232 0.849821 0.555799 0.866806 0.542757 0.845899 0.578048 0.838762 0.595299 0.828603 0.592582 0.83679 0.572792 0.836332 0.613809 0.838774 0.632315 0.82862 0.635039 0.825817 0.613813 0.845921 0.649556 0.857284 0.664358 0.849854 0.671792 0.836819 0.654815 0.87209 0.675713 0.889327 0.682849 0.886609 0.693 0.866837 0.684815 0.907823 0.685281 0.926317 0.682843 0.929038 0.692992 0.907825 0.695788 0.943551 0.675702 0.958351 0.664346 0.965781 0.671777 0.948805 0.684802 0.96971 0.649546 0.976855 0.632309 0.987006 0.635033 0.97881 0.654803 0.979298 0.613808 0.97687 0.595301 0.987028 0.592585 0.98981 0.613813 0.969736 0.57805 0.958379 0.563233 0.965818 0.555801 0.978845 0.572797 0.908709 0.510484 0.927106 0.508064 0.930134 0.519442 0.908708 0.52226 0.944267 0.501031 0.958998 0.489795 0.96728 0.498139 0.950119 0.511238 0.970341 0.475173 0.977494 0.458127 0.988827 0.461193 0.980493 0.481083 0.979915 0.439813 0.977498 0.421495 0.988835 0.418433 0.991656 0.439815 0.970347 0.404441 0.959002 0.389807 0.967291 0.381461 0.980505 0.398531 0.944266 0.378561 0.927099 0.371521 0.930129 0.360138 0.950124 0.36835 0.908693 0.369097 0.890289 0.371523 0.887257 0.36014 0.908693 0.357316 0.873123 0.378565 0.858389 0.389811 0.8501 0.381467 0.867264 0.368354 0.847048 0.404444 0.8399 0.421497 0.828565 0.418436 0.83689 0.398537 0.837486 0.439811 0.83991 0.458122 0.828579 0.461189 0.825747 0.439815 0.847066 0.475166 0.858412 0.489787 0.850131 0.498133 0.836915 0.481077 0.873147 0.501024 0.89031 0.50806 0.887281 0.519438 0.867294 0.511232 0.154589 0.296235 0.135926 0.296236 0.135919 0.00399555 0.154583 0.00399512 0.191915 0.296234 0.173252 0.296235 0.173247 0.00399472 0.191911 0.0039945 0.229241 0.296233 0.210578 0.296234 0.210575 0.00399433 0.229239 0.00399427 0.266567 0.296233 0.247904 0.296233 0.247902 0.00399429 0.266566 0.00399446 0.303893 0.296233 0.28523 0.296233 0.28523 0.00399472 0.303894 0.00399512 0.341219 0.296232 0.322556 0.296232 0.322558 0.00399563 0.341222 0.00399618 0.378545 0.296232 0.359882 0.296232 0.359886 0.00399679 0.37855 0.00399756 0.41587 0.296233 0.397207 0.296233 0.397213 0.00399842 0.415877 0.00399945 0.453196 0.296234 0.434533 0.296233 0.43454 0.0040005 0.453204 0.00400163 0.0426089 0.296239 0.0239458 0.29624 0.0239347 0.00400042 0.0425984 0.00399934 0.0799354 0.296238 0.0612723 0.296238 0.0612626 0.00399836 0.0799263 0.00399747 0.117262 0.296237 0.0985988 0.296237 0.0985905 0.00399676 0.117255 0.0039961 0.945131 0.203288 0.927951 0.196194 0.930845 0.185384 0.950718 0.193595 0.909521 0.193757 0.891087 0.196183 0.8882 0.185369 0.909525 0.182565 0.873899 0.203267 0.859141 0.214569 0.85124 0.206644 0.868316 0.193568 0.847794 0.229288 0.840648 0.24644 0.829844 0.243532 0.838112 0.223678 0.838218 0.26486 0.840634 0.283283 0.829826 0.286183 0.827028 0.264855 0.847769 0.300442 0.859112 0.315171 0.851205 0.323095 0.838082 0.306047 0.873871 0.326482 0.891065 0.333574 0.888174 0.344393 0.868282 0.336184 0.909507 0.336003 0.927946 0.333563 0.930843 0.344379 0.90951 0.3472 0.945135 0.326462 0.959885 0.315147 0.967793 0.323065 0.950727 0.336159 0.97122 0.30042 0.978352 0.283268 0.989153 0.286167 0.980904 0.306021 0.980769 0.264857 0.978346 0.24645 0.989143 0.243548 0.991951 0.264855 0.971212 0.229308 0.959878 0.214592 0.967778 0.206675 0.980889 0.223706 0.98215 0.804255 0.971995 0.800888 0.974434 0.78399 0.985007 0.783979 0.961771 0.838893 0.954432 0.829976 0.965131 0.816575 0.974175 0.822968 0.927472 0.858593 0.924805 0.846601 0.940679 0.840205 0.945844 0.851019 0.888223 0.8586 0.890886 0.846606 0.907846 0.848754 0.907848 0.861149 0.853918 0.838906 0.861257 0.829988 0.875011 0.840215 0.869848 0.851031 0.833538 0.804262 0.843696 0.800897 0.850558 0.816586 0.841512 0.822979 0.833465 0.763692 0.843619 0.767076 0.841261 0.783994 0.830685 0.783979 0.853898 0.729072 0.86123 0.738004 0.850508 0.751395 0.841468 0.744985 0.888234 0.709398 0.890895 0.7214 0.875003 0.727786 0.869845 0.716959 0.927501 0.709404 0.924838 0.721404 0.907867 0.719254 0.907868 0.706852 0.961823 0.729084 0.95449 0.73801 0.940724 0.727791 0.945884 0.716969 0.982235 0.763698 0.972085 0.767077 0.965204 0.7514 0.974242 0.744996 0.925816 0.552614 0.923631 0.560777 0.909099 0.558866 0.909098 0.550417 0.954785 0.569328 0.94881 0.575307 0.937176 0.566385 0.9414 0.559063 0.971527 0.598293 0.96336 0.600488 0.957741 0.586939 0.965061 0.582708 0.971551 0.631754 0.963382 0.62957 0.965286 0.615028 0.973742 0.615022 0.954834 0.660732 0.948856 0.654756 0.957778 0.643121 0.965101 0.647346 0.925866 0.677455 0.92368 0.66929 0.937225 0.663681 0.941451 0.671002 0.892416 0.677448 0.894606 0.669282 0.909143 0.6712 0.909141 0.679653 0.863447 0.660717 0.869426 0.654739 0.881059 0.663667 0.876831 0.670989 0.84672 0.631747 0.854885 0.629557 0.860499 0.643104 0.853177 0.647333 0.846714 0.5983 0.854878 0.600486 0.852969 0.61502 0.844516 0.615022 0.863429 0.569339 0.869404 0.575313 0.860484 0.586943 0.853165 0.582718 0.892381 0.55262 0.894569 0.560781 0.88103 0.566391 0.876804 0.559073 0.0937031 0.323013 0.108067 0.323013 0.108067 0.333209 0.0937031 0.333209 0.12238 0.323013 0.136659 0.323013 0.136659 0.333209 0.12238 0.333209 0.150916 0.323013 0.16516 0.323013 0.16516 0.333209 0.150916 0.333209 0.179405 0.323013 0.193662 0.323013 0.193662 0.333209 0.179405 0.333209 0.207948 0.323013 0.222264 0.323013 0.222264 0.333209 0.207948 0.333209 0.236612 0.323013 0.251 0.323013 0.251 0.333209 0.236612 0.333209 0.265437 0.323013 0.279919 0.323013 0.279919 0.333209 0.265437 0.333209 0.294452 0.323013 0.309058 0.323013 0.309058 0.333209 0.294452 0.333209 0.323763 0.323013 0.338597 0.323013 0.338597 0.333209 0.323763 0.333209 0.00564743 0.323013 0.0206589 0.323013 0.0206589 0.333209 0.00564743 0.333209 0.0355075 0.323013 0.0502007 0.323013 0.0502007 0.333209 0.0355075 0.333209 0.0647842 0.323013 0.0792787 0.323013 0.0792787 0.333209 0.0647842 0.333209 0.108067 0.359079 0.0937031 0.359079 0.136659 0.359079 0.12238 0.359079 0.16516 0.359079 0.150916 0.359079 0.193662 0.359079 0.179405 0.359079 0.222264 0.359079 0.207948 0.359079 0.251 0.359079 0.236612 0.359079 0.279919 0.359079 0.265437 0.359079 0.309058 0.359079 0.294452 0.359079 0.338597 0.359079 0.323763 0.359079 0.0206589 0.359079 0.00564743 0.359079 0.0502007 0.359079 0.0355075 0.359079 0.0792787 0.359079 0.0647842 0.359079 0.108067 0.383498 0.0937031 0.383498 0.136659 0.383498 0.12238 0.383498 0.16516 0.383498 0.150916 0.383498 0.193662 0.383498 0.179405 0.383498 0.222264 0.383498 0.207948 0.383498 0.251 0.383498 0.236612 0.383498 0.279919 0.383498 0.265437 0.383498 0.309058 0.383498 0.294452 0.383498 0.338597 0.383498 0.323763 0.383498 0.0206589 0.383498 0.00564743 0.383498 0.0502007 0.383498 0.0355075 0.383498 0.0792787 0.383498 0.0647842 0.383498 0.108067 0.406684 0.0937031 0.406684 0.136659 0.406684 0.12238 0.406684 0.16516 0.406684 0.150916 0.406684 0.193662 0.406684 0.179405 0.406684 0.222264 0.406684 0.207948 0.406684 0.251 0.406684 0.236612 0.406684 0.279919 0.406684 0.265437 0.406684 0.309058 0.406684 0.294452 0.406684 0.338597 0.406684 0.323763 0.406684 0.0206589 0.406684 0.00564743 0.406684 0.0502007 0.406684 0.0355075 0.406684 0.0792787 0.406684 0.0647842 0.406684 0.0937031 0.426989 0.108067 0.426989 0.108067 0.442866 0.0937031 0.442866 0.12238 0.426989 0.136659 0.426989 0.136659 0.442866 0.12238 0.442866 0.150916 0.426989 0.16516 0.426989 0.16516 0.442866 0.150916 0.442866 0.179405 0.426989 0.193662 0.426989 0.193662 0.442866 0.179405 0.442866 0.207948 0.426989 0.222264 0.426989 0.222264 0.442866 0.207948 0.442866 0.236612 0.426989 0.251 0.426989 0.251 0.442866 0.236612 0.442866 0.265437 0.426989 0.279919 0.426989 0.279919 0.442866 0.265437 0.442866 0.294452 0.426989 0.309058 0.426989 0.309058 0.442866 0.294452 0.442866 0.323763 0.426989 0.338597 0.426989 0.338597 0.442866 0.323763 0.442866 0.00564743 0.426989 0.0206589 0.426989 0.0206589 0.442866 0.00564743 0.442866 0.0355075 0.426989 0.0502007 0.426989 0.0502007 0.442866 0.0355075 0.442866 0.0792787 0.426989 0.0792787 0.442866 0.0647842 0.442866 0.0647842 0.426989 0.353568 0.426989 0.353568 0.406684 0.424483 0.420142 0.405903 0.42014 0.405906 0.403192 0.424485 0.403195 0.424482 0.454036 0.405902 0.454036 0.405902 0.437088 0.424482 0.437089 0.424485 0.487929 0.405905 0.487932 0.405902 0.470984 0.424482 0.470982 0.424492 0.521823 0.405912 0.521828 0.405908 0.50488 0.424488 0.504876 0.424501 0.555717 0.405922 0.555722 0.405917 0.538776 0.424496 0.538771 0.42451 0.589611 0.405931 0.589615 0.405927 0.572669 0.424506 0.572664 0.424515 0.623505 0.405936 0.623507 0.405934 0.606561 0.424513 0.606558 0.424515 0.657398 0.405936 0.657398 0.405937 0.640452 0.424515 0.640452 0.424511 0.69129 0.405933 0.691288 0.405935 0.674342 0.424513 0.674344 0.424504 0.318461 0.405925 0.318457 0.405929 0.30151 0.424508 0.301515 0.424495 0.352355 0.405916 0.35235 0.40592 0.335404 0.4245 0.335408 0.424488 0.386248 0.405909 0.386245 0.405912 0.369297 0.424491 0.369301 0.909316 0.494182 0.92341 0.492325 0.927159 0.506312 0.909317 0.508663 0.936542 0.486883 0.947818 0.478227 0.958058 0.488464 0.943784 0.499422 0.956469 0.466948 0.961907 0.453814 0.975893 0.45756 0.96901 0.474187 0.963761 0.43972 0.961905 0.425627 0.975891 0.42188 0.97824 0.43972 0.956466 0.412493 0.947813 0.401215 0.958052 0.39098 0.969005 0.405255 0.936537 0.392561 0.923405 0.38712 0.927153 0.373137 0.943777 0.380024 0.909312 0.385264 0.895219 0.387119 0.891472 0.373134 0.909313 0.370786 0.882086 0.392558 0.870808 0.401212 0.86057 0.390974 0.874846 0.38002 0.862154 0.41249 0.856714 0.425624 0.842727 0.421877 0.849614 0.405251 0.854858 0.439719 0.856714 0.453815 0.842726 0.457564 0.840377 0.43972 0.862154 0.466951 0.870808 0.478231 0.860568 0.488472 0.849612 0.474192 0.882087 0.486886 0.895222 0.492327 0.891474 0.506315 0.874847 0.499428 0.935716 0.221722 0.923348 0.216598 0.926878 0.203427 0.942534 0.209913 0.910076 0.21485 0.896803 0.216597 0.893275 0.203425 0.910077 0.201214 0.884433 0.22172 0.873811 0.229868 0.86417 0.220223 0.877617 0.209908 0.865659 0.240487 0.860534 0.252855 0.847362 0.249323 0.853851 0.233666 0.858785 0.266128 0.860532 0.279402 0.847359 0.28293 0.845148 0.266126 0.865655 0.291772 0.873806 0.302393 0.864164 0.312036 0.853845 0.29859 0.884428 0.310542 0.896798 0.315664 0.89327 0.328835 0.877611 0.322352 0.910071 0.317409 0.923344 0.31566 0.926875 0.328829 0.910073 0.331044 0.935712 0.310535 0.946332 0.302385 0.955974 0.312025 0.942531 0.322342 0.954481 0.291764 0.959604 0.279397 0.972774 0.282925 0.966289 0.298581 0.961352 0.266126 0.959605 0.252856 0.972774 0.249327 0.974986 0.266126 0.954483 0.24049 0.946335 0.22987 0.955976 0.220229 0.966291 0.233672 0.549632 0.85005 0.549589 0.858012 0.536238 0.858012 0.536287 0.85005 0.576344 0.85005 0.576317 0.858012 0.562949 0.858012 0.562984 0.85005 0.603088 0.85005 0.60308 0.858012 0.589694 0.858012 0.589712 0.85005 0.629866 0.85005 0.629876 0.858012 0.616474 0.858012 0.616473 0.85005 0.656674 0.85005 0.656702 0.858012 0.643286 0.858012 0.643266 0.85005 0.683509 0.85005 0.683554 0.858012 0.670125 0.858012 0.670088 0.85005 0.710365 0.85005 0.710423 0.858012 0.696986 0.858012 0.696935 0.85005 0.737235 0.85005 0.737301 0.858012 0.723861 0.858012 0.723798 0.85005 0.764112 0.85005 0.764181 0.858012 0.750741 0.858012 0.750672 0.85005 0.469654 0.85005 0.469585 0.858012 0.456268 0.858012 0.456337 0.85005 0.496293 0.85005 0.496229 0.858012 0.482905 0.858012 0.482972 0.85005 0.52295 0.85005 0.522895 0.858012 0.509558 0.858012 0.509619 0.85005 0.959668 0.628296 0.95255 0.626388 0.954046 0.615021 0.961415 0.615019 0.946383 0.651296 0.941172 0.64608 0.948158 0.636983 0.954541 0.64067 0.923371 0.66457 0.921467 0.657447 0.932067 0.65306 0.935751 0.659448 0.89681 0.664558 0.898722 0.657438 0.910093 0.65894 0.910089 0.666313 0.873819 0.651273 0.879032 0.646064 0.888128 0.653046 0.884439 0.659428 0.860558 0.628284 0.867673 0.626381 0.872056 0.636968 0.865674 0.64065 0.860572 0.601757 0.867684 0.603667 0.866182 0.615023 0.858818 0.615019 0.87385 0.578793 0.879055 0.584003 0.872076 0.593087 0.8657 0.589402 0.896833 0.565532 0.898741 0.572649 0.888151 0.577032 0.884468 0.570652 0.923373 0.565522 0.921472 0.57264 0.910106 0.57115 0.910102 0.563783 0.946369 0.578773 0.941166 0.583987 0.932065 0.577018 0.935743 0.570635 0.959659 0.601746 0.952545 0.603658 0.94815 0.593072 0.954527 0.589383 0.537706 0.79039 0.537702 0.825778 0.526238 0.825776 0.526244 0.790389 0.560632 0.790392 0.56063 0.825781 0.549166 0.825779 0.549169 0.790391 0.583558 0.790392 0.583558 0.825781 0.572094 0.825781 0.572095 0.790392 0.606484 0.790391 0.606486 0.825781 0.595022 0.825781 0.595021 0.790391 0.629411 0.790388 0.629416 0.825778 0.617951 0.82578 0.617947 0.790389 0.652338 0.790384 0.652344 0.825775 0.64088 0.825777 0.640874 0.790386 0.675266 0.790379 0.675273 0.82577 0.663809 0.825773 0.663802 0.790382 0.698194 0.790374 0.698202 0.825765 0.686738 0.825768 0.68673 0.790377 0.721123 0.790369 0.721131 0.82576 0.709666 0.825763 0.709659 0.790371 0.468933 0.790377 0.468923 0.825761 0.457462 0.825757 0.457471 0.790373 0.491857 0.790382 0.491849 0.825768 0.480386 0.825765 0.480395 0.79038 0.514781 0.790387 0.514775 0.825774 0.503311 0.825771 0.503319 0.790385 0.435217 0.539701 0.444946 0.539705 0.444938 0.553718 0.43521 0.553713 0.435229 0.511671 0.44496 0.511674 0.444953 0.525691 0.435223 0.525687 0.435238 0.483636 0.444971 0.483637 0.444966 0.497657 0.435234 0.497654 0.435243 0.455595 0.444977 0.455595 0.444975 0.469617 0.435241 0.469616 0.435241 0.42755 0.444977 0.427548 0.444978 0.441571 0.435243 0.441573 0.435233 0.399503 0.444969 0.399499 0.444974 0.413524 0.435238 0.413527 0.435219 0.371455 0.444956 0.37145 0.444963 0.385474 0.435227 0.385479 0.4352 0.343407 0.444936 0.343401 0.444946 0.357425 0.43521 0.357431 0.435176 0.31536 0.444912 0.315353 0.444924 0.329377 0.435188 0.329384 0.435171 0.623761 0.444896 0.623768 0.444888 0.637777 0.435163 0.63777 0.435188 0.595744 0.444913 0.59575 0.444905 0.609759 0.435179 0.609753 0.435203 0.567725 0.44493 0.56773 0.444921 0.581741 0.435195 0.581735 0.908277 0.831524 0.920737 0.829886 0.923513 0.84025 0.908274 0.842253 0.932349 0.825076 0.942321 0.817424 0.94991 0.825013 0.937714 0.83437 0.949974 0.807449 0.954785 0.795832 0.965154 0.798611 0.959269 0.812816 0.956426 0.783365 0.954787 0.770898 0.965156 0.768121 0.967161 0.783366 0.949978 0.75928 0.942327 0.749301 0.949919 0.741714 0.959275 0.753914 0.932356 0.741645 0.920744 0.736831 0.923523 0.726465 0.937725 0.732352 0.908282 0.735188 0.895819 0.736829 0.893041 0.726463 0.908282 0.724457 0.884206 0.741643 0.874235 0.749298 0.866642 0.741711 0.878838 0.732348 0.866584 0.759278 0.861776 0.770897 0.851407 0.768121 0.857286 0.753913 0.860138 0.783363 0.861779 0.795828 0.851414 0.798606 0.849405 0.783366 0.866589 0.807441 0.874238 0.817415 0.86665 0.825001 0.857295 0.812807 0.884208 0.825068 0.895817 0.829881 0.893038 0.840244 0.878841 0.834359 0.930086 0.40375 0.920056 0.399593 0.922456 0.39064 0.934724 0.395723 0.909291 0.398176 0.898527 0.399596 0.896125 0.390644 0.90929 0.388907 0.888498 0.403756 0.879887 0.41037 0.873328 0.40382 0.883859 0.39573 0.873281 0.418989 0.86913 0.429023 0.860176 0.426629 0.86525 0.414359 0.867716 0.439789 0.869135 0.450552 0.860184 0.452952 0.858448 0.439792 0.873288 0.460579 0.879893 0.469189 0.873343 0.47574 0.865264 0.465213 0.888501 0.475794 0.898525 0.479947 0.896127 0.488895 0.883869 0.483818 0.909282 0.481365 0.92004 0.47995 0.922436 0.488899 0.909281 0.490628 0.930067 0.475797 0.938679 0.469193 0.945229 0.475748 0.934697 0.483824 0.94529 0.460582 0.949448 0.450553 0.958401 0.452957 0.953314 0.46522 0.950869 0.439787 0.949457 0.429019 0.958414 0.426624 0.96014 0.439792 0.945306 0.418983 0.938699 0.410364 0.945257 0.403812 0.953338 0.414351 0.536899 0.835523 0.536899 0.840823 0.525455 0.840822 0.525455 0.835524 0.559801 0.835524 0.5598 0.840829 0.548348 0.840825 0.548348 0.835523 0.58272 0.835534 0.582716 0.840842 0.571256 0.840834 0.571259 0.835528 0.605652 0.835556 0.605646 0.840866 0.594179 0.840853 0.594185 0.835544 0.628595 0.835579 0.628591 0.840893 0.617116 0.84088 0.617122 0.835568 0.651548 0.835589 0.651547 0.840905 0.640067 0.840901 0.64007 0.835586 0.674513 0.83558 0.674516 0.840899 0.66303 0.840904 0.663029 0.835586 0.697493 0.835558 0.6975 0.84088 0.686007 0.840892 0.686002 0.835571 0.720486 0.835526 0.720493 0.84085 0.708996 0.840866 0.708989 0.835542 0.468292 0.835516 0.46829 0.840807 0.456863 0.840801 0.456866 0.835509 0.49115 0.835523 0.491148 0.840816 0.479718 0.840813 0.47972 0.835521 0.514016 0.835524 0.514016 0.84082 0.50258 0.840819 0.502581 0.835525 0.950716 0.794422 0.945375 0.792985 0.946694 0.783042 0.952227 0.783048 0.939325 0.814103 0.935421 0.810191 0.94153 0.802245 0.946314 0.805015 0.919633 0.825446 0.918208 0.82011 0.927466 0.816284 0.930224 0.821072 0.896921 0.825425 0.898354 0.820093 0.908279 0.821408 0.908274 0.82693 0.877267 0.814059 0.881172 0.810159 0.889109 0.816256 0.886346 0.821034 0.865922 0.794399 0.871254 0.79297 0.875083 0.802217 0.870303 0.804975 0.86591 0.77169 0.871248 0.773115 0.869946 0.783045 0.864424 0.783048 0.877251 0.75199 0.881165 0.755894 0.875073 0.763854 0.870284 0.761096 0.89693 0.740592 0.898368 0.745931 0.88911 0.74978 0.88634 0.744996 0.919676 0.740572 0.918247 0.745914 0.908306 0.744612 0.908301 0.739082 0.939379 0.751949 0.935464 0.755859 0.927511 0.74975 0.930277 0.744961 0.950741 0.771668 0.945395 0.773095 0.941565 0.763822 0.946358 0.76106 0.922134 0.222353 0.92216 0.23793 0.906517 0.235838 0.91058 0.22067 0.942503 0.233854 0.9348 0.247381 0.933251 0.226704 0.954515 0.254106 0.940895 0.262021 0.95004 0.243193 0.954597 0.277828 0.938931 0.277757 0.956394 0.2661 0.942673 0.298131 0.929192 0.290241 0.95005 0.288993 0.922401 0.309798 0.914661 0.296361 0.93325 0.305494 0.899045 0.309844 0.899019 0.294268 0.910598 0.311528 0.878677 0.298344 0.886379 0.284817 0.887928 0.305493 0.866665 0.278093 0.880284 0.270178 0.87114 0.289005 0.866583 0.254373 0.882248 0.254442 0.864786 0.2661 0.878505 0.234069 0.891986 0.241958 0.871128 0.243207 0.898776 0.2224 0.887927 0.226705 0.906643 0.251309 0.921458 0.255284 0.925423 0.270092 0.914535 0.28089 0.899721 0.276915 0.895756 0.262107 0.915268 0.261118 0.908593 0.259589 0.917273 0.267632 0.912586 0.27261 0.905911 0.27108 0.903906 0.264567 0.0157023 0.695985 0.0234418 0.695985 0.0234418 0.700245 0.0157023 0.700245 0.0311813 0.695985 0.0311813 0.700245 0.0389208 0.695985 0.0389208 0.700245 0.0466603 0.695985 0.0466603 0.700245 0.0543998 0.695985 0.0543998 0.700245 0.0079628 0.695985 0.0079628 0.700245 0.0102621 0.708845 0.0177379 0.706842 0.0157348 0.714318 0.0232106 0.712314 0.0212076 0.71979 0.0137318 0.721793 0.00825904 0.716321 0.108067 0.301201 0.12238 0.301201 0.136659 0.301201 0.150916 0.301201 0.16516 0.301201 0.179405 0.301201 0.193662 0.301201 0.207948 0.301201 0.222264 0.301201 0.236612 0.301201 0.251 0.301201 0.265437 0.301201 0.279919 0.301201 0.294452 0.301201 0.309058 0.301201 0.323763 0.301201 0.338597 0.301201 0.353568 0.301201 0.353568 0.323013 0.0206589 0.301201 0.0355075 0.301201 0.0502007 0.301201 0.0647842 0.301201 0.0792787 0.301201 0.0937031 0.301201 0.399428 0.814994 0.385498 0.814994 0.361347 0.301595 0.374784 0.301588 0.00528266 0.29624 0.00527101 0.00400163 0.353568 0.333209 0.353568 0.359079 0.353568 0.383498 0.353568 0.442866 0.424508 0.708235 0.405931 0.708233 0.77755 0.85005 0.777621 0.858012 0.732587 0.790366 0.732595 0.825757 0.435163 0.301337 0.444899 0.301329 0.731984 0.835509 0.731991 0.840833 0.00564743 0.301201 0.93168 0.168257 0.910456 0.17105 0.910456 0.089045 0.889231 0.168256 0.869453 0.160063 0.852469 0.147031 0.839437 0.130048 0.831245 0.110269 0.828451 0.0890451 0.831245 0.0678209 0.839437 0.0480423 0.852469 0.0310592 0.869453 0.018027 0.889231 0.00983377 0.910456 0.00704029 0.93168 0.00983364 0.951458 0.0180265 0.968442 0.0310588 0.981475 0.0480421 0.989667 0.0678208 0.992461 0.0890451 0.989667 0.110269 0.981475 0.130048 0.968442 0.147032 0.951458 0.160064 0.108067 0.687199 0.0937031 0.687199 0.136659 0.687199 0.12238 0.687199 0.16516 0.687199 0.150916 0.687199 0.193662 0.687199 0.179405 0.687199 0.222264 0.687199 0.207948 0.687199 0.251 0.687199 0.236612 0.687199 0.279919 0.687199 0.265437 0.687199 0.309058 0.687199 0.294452 0.687199 0.338597 0.687199 0.323763 0.687199 0.0206589 0.687199 0.00564743 0.687199 0.0502007 0.687199 0.0355075 0.687199 0.0792787 0.687199 0.0647842 0.687199 0.353568 0.687199 </float_array>
          <technique_common>
            <accessor count="1247" offset="0" source="#meshId0-tex0-array" stride="2">
              <param name="S" type="float" />
              <param name="T" type="float" />
            </accessor>
          </technique_common>
        </source>
        <vertices id="meshId0-vertices">
          <input semantic="POSITION" source="#meshId0-positions" />
          <input semantic="NORMAL" source="#meshId0-normals" />
          <input semantic="TANGENT" source="#meshId0-tangents" />
          <input semantic="BINORMAL" source="#meshId0-bitangents" />
          <input semantic="TEXCOORD" source="#meshId0-tex0"  />
        </vertices>
        <polylist count="1404" material="defaultMaterial">
          <input offset="0" semantic="VERTEX" source="#meshId0-vertices" />
          <vcount>3 3 3 3 3 3 3 3 3 3 3 3 3 3 3 3 3 3 3 3 3 3 3 3 3 3 3 3 3 3 3 3 3 3 3 3 3 3 3 3 3 3 3 3 3 3 3 3 3 3 3 3 3 3 3 3 3 3 3 3 3 3 3 3 3 3 3 3 3 3 3 3 3 3 3 3 3 3 3 3 3 3 3 3 3 3 3 3 3 3 3 3 3 3 3 3 3 3 3 3 3 3 3 3 3 3 3 3 3 3 3 3 3 3 3 3 3 3 3 3 3 3 3 3 3 3 3 3 3 3 3 3 3 3 3 3 3 3 3 3 3 3 3 3 3 3 3 3 3 3 3 3 3 3 3 3 3 3 3 3 3 3 3 3 3 3 3 3 3 3 3 3 3 3 3 3 3 3 3 3 3 3 3 3 3 3 3 3 3 3 3 3 3 3 3 3 3 3 3 3 3 3 3 3 3 3 3 3 3 3 3 3 3 3 3 3 3 3 3 3 3 3 3 3 3 3 3 3 3 3 3 3 3 3 3 3 3 3 3 3 3 3 3 3 3 3 3 3 3 3 3 3 3 3 3 3 3 3 3 3 3 3 3 3 3 3 3 3 3 3 3 3 3 3 3 3 3 3 3 3 3 3 3 3 3 3 3 3 3 3 3 3 3 3 3 3 3 3 3 3 3 3 3 3 3 3 3 3 3 3 3 3 3 3 3 3 3 3 3 3 3 3 3 3 3 3 3 3 3 3 3 3 3 3 3 3 3 3 3 3 3 3 3 3 3 3 3 3 3 3 3 3 3 3 3 3 3 3 3 3 3 3 3 3 3 3 3 3 3 3 3 3 3 3 3 3 3 3 3 3 3 3 3 3 3 3 3 3 3 3 3 3 3 3 3 3 3 3 3 3 3 3 3 3 3 3 3 3 3 3 3 3 3 3 3 3 3 3 3 3 3 3 3 3 3 3 3 3 3 3 3 3 3 3 3 3 3 3 3 3 3 3 3 3 3 3 3 3 3 3 3 3 3 3 3 3 3 3 3 3 3 3 3 3 3 3 3 3 3 3 3 3 3 3 3 3 3 3 3 3 3 3 3 3 3 3 3 3 3 3 3 3 3 3 3 3 3 3 3 3 3 3 3 3 3 3 3 3 3 3 3 3 3 3 3 3 3 3 3 3 3 3 3 3 3 3 3 3 3 3 3 3 3 3 3 3 3 3 3 3 3 3 3 3 3 3 3 3 3 3 3 3 3 3 3 3 3 3 3 3 3 3 3 3 3 3 3 3 3 3 3 3 3 3 3 3 3 3 3 3 3 3 3 3 3 3 3 3 3 3 3 3 3 3 3 3 3 3 3 3 3 3 3 3 3 3 3 3 3 3 3 3 3 3 3 3 3 3 3 3 3 3 3 3 3 3 3 3 3 3 3 3 3 3 3 3 3 3 3 3 3 3 3 3 3 3 3 3 3 3 3 3 3 3 3 3 3 3 3 3 3 3 3 3 3 3 3 3 3 3 3 3 3 3 3 3 3 3 3 3 3 3 3 3 3 3 3 3 3 3 3 3 3 3 3 3 3 3 3 3 3 3 3 3 3 3 3 3 3 3 3 3 3 3 3 3 3 3 3 3 3 3 3 3 3 3 3 3 3 3 3 3 3 3 3 3 3 3 3 3 3 3 3 3 3 3 3 3 3 3 3 3 3 3 3 3 3 3 3 3 3 3 3 3 3 3 3 3 3 3 3 3 3 3 3 3 3 3 3 3 3 3 3 3 3 3 3 3 3 3 3 3 3 3 3 3 3 3 3 3 3 3 3 3 3 3 3 3 3 3 3 3 3 3 3 3 3 3 3 3 3 3 3 3 3 3 3 3 3 3 3 3 3 3 3 3 3 3 3 3 3 3 3 3 3 3 3 3 3 3 3 3 3 3 3 3 3 3 3 3 3 3 3 3 3 3 3 3 3 3 3 3 3 3 3 3 3 3 3 3 3 3 3 3 3 3 3 3 3 3 3 3 3 3 3 3 3 3 3 3 3 3 3 3 3 3 3 3 3 3 3 3 3 3 3 3 3 3 3 3 3 3 3 3 3 3 3 3 3 3 3 3 3 3 3 3 3 3 3 3 3 3 3 3 3 3 3 3 3 3 3 3 3 3 3 3 3 3 3 3 3 3 3 3 3 3 3 3 3 3 3 3 3 3 3 3 3 3 3 3 3 3 3 3 3 3 3 3 3 3 3 3 3 3 3 3 3 3 3 3 3 3 3 3 3 3 3 3 3 3 3 3 3 3 3 3 3 3 3 3 3 3 3 3 3 3 3 3 3 3 3 3 3 3 3 3 3 3 3 3 3 3 3 3 3 3 3 3 3 3 3 3 3 3 3 3 3 3 3 3 3 3 3 3 3 3 3 3 3 3 3 3 3 3 3 3 3 3 3 3 3 3 3 3 3 3 3 3 3 3 3 3 3 3 3 3 3 3 3 3 3 3 3 3 3 3 3 3 3 3 3 3 3 3 3 3 3 3 3 3 3 3 3 3 3 3 3 3 3 3 3 3 3 3 3 3 3 3 3 3 3 3 3 3 3 3 3 3 3 3 3 3 3 3 3 3 3 3 3 3 3 3 3 3 3 3 3 3 3 3 3 3 3 3 3 3 3 3 3 3 3 3 3 3 3 3 3 3 3 3 3 3 3 3 3 3 3 3 3 3 3 3 3 3 3 3 3 3 3 3 3 3 3 3 3 3 3 3 3 3 3 3 3 3 3 3 3 3 3 3 3 3 3 3 3 3 3 3 3 3 3 3 3 3 3 3 3 3 3 3 3 3 3 3 3 3 3 3 3 3 3 3 3 3 3 3 3 3 3 3 3 3 3 3 3 3 3 3 3 3 3 3 3 3 3 3 3 3 3 3 3 3 3 3 3 3 3 3 3 3 3 3 3 3 3 3 3 3 3 3 3 3 3 3 3 3 3 3 3 3 3 3 3 3 3 3 3 3 3 3 3 3 3 3 3 3 3 3 3 3 3 3 3 3 3 3 3 3 3 3 3 3 3 3 3 3 3 3 3 3 3 3 3 3 3 3 3 3 3 3 3 3 3 3 3 3 3 3 3 3 3 3 3 3 3 3 3 3 3 3 3 3 3 3 3 3 3 3 3 3 3 3 3 3 </vcount>
          <p>3 0 1 1 2 3 7 4 5 5 6 7 11 8 9 9 10 11 15 12 13 13 14 15 19 16 17 17 18 19 23 20 21 21 22 23 27 24 25 25 26 27 31 28 29 29 30 31 35 32 33 33 34 35 39 36 37 37 38 39 43 40 41 41 42 43 47 44 45 45 46 47 51 48 49 49 50 51 55 52 53 53 54 55 59 56 57 57 58 59 63 60 61 61 62 63 67 64 65 65 66 67 71 68 69 69 70 71 75 72 73 73 74 75 79 76 77 77 78 79 83 80 81 81 82 83 87 84 85 85 86 87 91 88 89 89 90 91 95 92 93 93 94 95 99 96 97 97 98 99 103 100 101 101 102 103 107 104 105 105 106 107 111 108 109 109 110 111 115 112 113 113 114 115 119 116 117 117 118 119 123 120 121 121 122 123 127 124 125 125 126 127 131 128 129 129 130 131 135 132 133 133 134 135 139 136 137 137 138 139 143 140 141 141 142 143 147 144 145 145 146 147 151 148 149 149 150 151 155 152 153 153 154 155 159 156 157 157 158 159 163 160 161 161 162 163 167 164 165 165 166 167 171 168 169 169 170 171 175 172 173 173 174 175 179 176 177 177 178 179 183 180 181 181 182 183 187 184 185 185 186 187 191 188 189 189 190 191 195 192 193 193 194 195 199 196 197 197 198 199 203 200 201 201 202 203 207 204 205 205 206 207 211 208 209 209 210 211 215 212 213 213 214 215 219 216 217 217 218 219 223 220 221 221 222 223 227 224 225 225 226 227 231 228 229 229 230 231 235 232 233 233 234 235 239 236 237 237 238 239 243 240 241 241 242 243 247 244 245 245 246 247 251 248 249 249 250 251 255 252 253 253 254 255 259 256 257 257 258 259 263 260 261 261 262 263 267 264 265 265 266 267 271 268 269 269 270 271 275 272 273 273 274 275 279 276 277 277 278 279 283 280 281 281 282 283 287 284 285 285 286 287 291 288 289 289 290 291 295 292 293 293 294 295 299 296 297 297 298 299 303 300 301 301 302 303 307 304 305 305 306 307 311 308 309 309 310 311 315 312 313 313 314 315 319 316 317 317 318 319 323 320 321 321 322 323 327 324 325 325 326 327 331 328 329 329 330 331 335 332 333 333 334 335 339 336 337 337 338 339 343 340 341 341 342 343 347 344 345 345 346 347 351 348 349 349 350 351 355 352 353 353 354 355 359 356 357 357 358 359 363 360 361 361 362 363 367 364 365 365 366 367 371 368 369 369 370 371 375 372 373 373 374 375 379 376 377 377 378 379 383 380 381 381 382 383 387 384 385 385 386 387 391 388 389 389 390 391 395 392 393 393 394 395 399 396 397 397 398 399 403 400 401 401 402 403 407 404 405 405 406 407 411 408 409 409 410 411 415 412 413 413 414 415 419 416 417 417 418 419 423 420 421 421 422 423 427 424 425 425 426 427 431 428 429 429 430 431 433 387 386 386 432 433 435 391 390 390 434 435 437 395 394 394 436 437 439 399 398 398 438 439 441 403 402 402 440 441 443 407 406 406 442 443 445 411 410 410 444 445 447 415 414 414 446 447 449 419 418 418 448 449 451 423 422 422 450 451 453 427 426 426 452 453 455 431 430 430 454 455 457 433 432 432 456 457 459 435 434 434 458 459 461 437 436 436 460 461 463 439 438 438 462 463 465 441 440 440 464 465 467 443 442 442 466 467 469 445 444 444 468 469 471 447 446 446 470 471 473 449 448 448 472 473 475 451 450 450 474 475 477 453 452 452 476 477 479 455 454 454 478 479 457 456 480 480 481 457 459 458 482 482 483 459 461 460 484 484 485 461 463 462 486 486 487 463 465 464 488 488 489 465 467 466 490 490 491 467 469 468 492 492 493 469 471 470 494 494 495 471 473 472 496 496 497 473 475 474 498 498 499 475 477 476 500 500 501 477 479 478 502 502 503 479 507 504 505 505 506 507 511 508 509 509 510 511 515 512 513 513 514 515 519 516 517 517 518 519 523 520 521 521 522 523 527 524 525 525 526 527 531 528 529 529 530 531 535 532 533 533 534 535 539 536 537 537 538 539 543 540 541 541 542 543 547 544 545 545 546 547 551 548 549 549 550 551 483 508 505 505 480 483 485 512 509 509 482 485 487 516 513 513 484 487 489 520 517 517 486 489 491 524 521 521 488 491 493 528 525 525 490 493 495 532 529 529 492 495 497 536 533 533 494 497 553 552 537 537 496 553 501 544 541 541 498 501 503 551 545 545 500 503 481 504 548 548 502 481 557 554 555 555 556 557 561 558 559 559 560 561 565 562 563 563 564 565 569 566 567 567 568 569 573 570 571 571 572 573 577 574 575 575 576 577 581 578 579 579 580 581 585 582 583 583 584 585 589 586 587 587 588 589 593 590 591 591 592 593 597 594 595 595 596 597 601 598 599 599 600 601 605 602 603 603 604 605 609 606 607 607 608 609 613 610 611 611 612 613 617 614 615 615 616 617 621 618 619 619 620 621 625 622 623 623 624 625 629 626 627 627 628 629 633 630 631 631 632 633 637 634 635 635 636 637 641 638 639 639 640 641 645 642 643 643 644 645 649 646 647 647 648 649 653 650 651 651 652 653 657 654 655 655 656 657 661 658 659 659 660 661 665 662 663 663 664 665 669 666 667 667 668 669 673 670 671 671 672 673 677 674 675 675 676 677 681 678 679 679 680 681 685 682 683 683 684 685 689 686 687 687 688 689 693 690 691 691 692 693 697 694 695 695 696 697 701 698 699 699 700 701 705 702 703 703 704 705 709 706 707 707 708 709 713 710 711 711 712 713 717 714 715 715 716 717 721 718 719 719 720 721 725 722 723 723 724 725 729 726 727 727 728 729 733 730 731 731 732 733 737 734 735 735 736 737 741 738 739 739 740 741 745 742 743 743 744 745 749 746 747 747 748 749 753 750 751 751 752 753 757 754 755 755 756 757 761 758 759 759 760 761 765 762 763 763 764 765 769 766 767 767 768 769 773 770 771 771 772 773 777 774 775 775 776 777 781 778 779 779 780 781 785 782 783 783 784 785 789 786 787 787 788 789 793 790 791 791 792 793 797 794 795 795 796 797 801 798 799 799 800 801 805 802 803 803 804 805 809 806 807 807 808 809 813 810 811 811 812 813 817 814 815 815 816 817 821 818 819 819 820 821 825 822 823 823 824 825 829 826 827 827 828 829 833 830 831 831 832 833 837 834 835 835 836 837 841 838 839 839 840 841 845 842 843 843 844 845 849 846 847 847 848 849 853 850 851 851 852 853 857 854 855 855 856 857 861 858 859 859 860 861 865 862 863 863 864 865 869 866 867 867 868 869 873 870 871 871 872 873 877 874 875 875 876 877 881 878 879 879 880 881 885 882 883 883 884 885 889 886 887 887 888 889 893 890 891 891 892 893 897 894 895 895 896 897 901 898 899 899 900 901 905 902 903 903 904 905 909 906 907 907 908 909 913 910 911 911 912 913 917 914 915 915 916 917 921 918 919 919 920 921 925 922 923 923 924 925 929 926 927 927 928 929 933 930 931 931 932 933 937 934 935 935 936 937 941 938 939 939 940 941 945 942 943 943 944 945 949 946 947 947 948 949 953 950 951 951 952 953 957 954 955 955 956 957 961 958 959 959 960 961 965 962 963 963 964 965 969 966 967 967 968 969 973 970 971 971 972 973 977 974 975 975 976 977 981 978 979 979 980 981 985 982 983 983 984 985 989 986 987 987 988 989 993 990 991 991 992 993 997 994 995 995 996 997 1001 998 999 999 1000 1001 1005 1002 1003 1003 1004 1005 1009 1006 1007 1007 1008 1009 1013 1010 1011 1011 1012 1013 1017 1014 1015 1015 1016 1017 1021 1018 1019 1019 1020 1021 1025 1022 1023 1023 1024 1025 1029 1026 1027 1027 1028 1029 1033 1030 1031 1031 1032 1033 1037 1034 1035 1035 1036 1037 1041 1038 1039 1039 1040 1041 1045 1042 1043 1043 1044 1045 1049 1046 1047 1047 1048 1049 1053 1050 1051 1051 1052 1053 1057 1054 1055 1055 1056 1057 1061 1058 1059 1059 1060 1061 1065 1062 1063 1063 1064 1065 1069 1066 1067 1067 1068 1069 1073 1070 1071 1071 1072 1073 1077 1074 1075 1075 1076 1077 1081 1078 1079 1079 1080 1081 1085 1082 1083 1083 1084 1085 1088 1086 1087 1087 1083 1088 1091 1089 1090 1090 1087 1091 1094 1092 1093 1093 1090 1094 1097 1095 1096 1096 1093 1097 1100 1098 1099 1099 1096 1100 1103 1101 1102 1102 1099 1103 1106 1104 1105 1105 1102 1106 1109 1107 1108 1108 1105 1109 1112 1110 1111 1111 1108 1112 1115 1113 1114 1114 1111 1115 1117 1116 1084 1084 1114 1117 1084 1083 1118 1083 1087 1119 1087 1090 1119 1090 1093 1120 1093 1096 1120 1096 1099 1121 1099 1102 1121 1102 1105 1122 1105 1108 1122 1108 1111 1123 1111 1114 1123 1114 1084 1118 1118 1119 1124 1124 1125 1118 1119 1120 1126 1126 1124 1119 1120 1121 1127 1127 1126 1120 1121 1122 1128 1128 1127 1121 1122 1123 1129 1129 1128 1122 1123 1118 1125 1125 1129 1123 1133 1130 1131 1131 1132 1133 1132 1131 1134 1134 1135 1132 1135 1134 1136 1136 1137 1135 1137 1136 1138 1138 1139 1137 1139 1138 1140 1140 1141 1139 1143 1142 1130 1130 1133 1143 1144 1145 1146 1145 1147 1146 1147 1148 1146 1148 1149 1146 1149 1150 1146 1150 1144 1146 388 385 1151 1151 1152 388 392 389 1153 1153 1154 392 396 393 1155 1155 1156 396 400 397 1157 1157 1158 400 404 401 1159 1159 1160 404 408 405 1161 1161 1162 408 412 409 1163 1163 1164 412 416 413 1165 1165 1166 416 1169 417 1167 1167 1168 1169 424 421 1170 1170 1171 424 428 425 1172 1172 1173 428 1175 384 429 429 1174 1175 0 7 6 6 1 0 4 11 10 10 5 4 8 15 14 14 9 8 12 19 18 18 13 12 16 23 22 22 17 16 20 27 26 26 21 20 24 31 30 30 25 24 28 35 34 34 29 28 32 1176 1177 1177 33 32 36 43 42 42 37 36 40 47 46 46 41 40 44 3 2 2 45 44 49 92 95 95 50 49 53 48 51 51 54 53 57 52 55 55 58 57 61 56 59 59 62 61 65 60 63 63 66 65 69 64 67 67 70 69 73 68 71 71 74 73 77 72 75 75 78 77 81 76 79 79 82 81 85 1178 1179 1179 86 85 89 84 87 87 90 89 93 88 91 91 94 93 97 100 103 103 98 97 101 104 107 107 102 101 105 108 111 111 106 105 109 112 115 115 110 109 113 116 119 119 114 113 117 120 123 123 118 117 121 124 127 127 122 121 125 128 131 131 126 125 129 132 135 135 130 129 133 136 139 139 134 133 137 140 143 143 138 137 141 96 99 99 142 141 145 148 151 151 146 145 149 152 155 155 150 149 153 156 159 159 154 153 157 160 163 163 158 157 161 164 167 167 162 161 165 168 171 171 166 165 169 172 175 175 170 169 173 176 179 179 174 173 177 180 183 183 178 177 181 184 187 187 182 181 185 188 191 191 186 185 189 144 147 147 190 189 193 236 239 239 194 193 197 192 195 195 198 197 201 196 199 199 202 201 205 200 203 203 206 205 209 204 207 207 210 209 213 208 211 211 214 213 217 212 215 215 218 217 221 216 219 219 222 221 225 220 223 223 226 225 229 1180 1181 1181 230 229 233 228 231 231 234 233 237 232 235 235 238 237 241 244 247 247 242 241 245 248 251 251 246 245 249 252 255 255 250 249 253 256 259 259 254 253 257 260 263 263 258 257 261 264 267 267 262 261 265 268 271 271 266 265 269 272 275 275 270 269 273 276 279 279 274 273 277 280 283 283 278 277 281 284 287 287 282 281 285 240 243 243 286 285 289 288 295 295 294 289 293 292 299 299 298 293 297 296 303 303 302 297 301 300 307 307 306 301 305 304 311 311 310 305 309 308 315 315 314 309 313 312 319 319 318 313 317 316 323 323 322 317 321 320 327 327 326 321 325 324 331 331 330 325 329 328 335 335 334 329 333 332 291 291 290 333 337 336 343 343 342 337 341 340 347 347 346 341 345 344 351 351 350 345 349 348 355 355 354 349 353 352 359 359 358 353 357 356 363 363 362 357 361 360 367 367 366 361 365 364 371 371 370 365 369 368 375 375 374 369 373 372 379 379 378 373 377 376 383 383 382 377 381 380 339 339 338 381 385 388 391 391 386 385 389 392 395 395 390 389 393 396 399 399 394 393 397 400 403 403 398 397 401 404 407 407 402 401 405 408 411 411 406 405 409 412 415 415 410 409 413 416 419 419 414 413 417 1169 1182 1182 418 417 421 424 427 427 422 421 425 428 431 431 426 425 429 384 387 387 430 429 386 391 435 435 432 386 390 395 437 437 434 390 394 399 439 439 436 394 398 403 441 441 438 398 402 407 443 443 440 402 406 411 445 445 442 406 410 415 447 447 444 410 414 419 449 449 446 414 418 1182 1183 1183 448 418 422 427 453 453 450 422 426 431 455 455 452 426 430 387 433 433 454 430 432 435 459 459 456 432 434 437 461 461 458 434 436 439 463 463 460 436 438 441 465 465 462 438 440 443 467 467 464 440 442 445 469 469 466 442 444 447 471 471 468 444 446 449 473 473 470 446 448 1183 1184 1184 472 448 450 453 477 477 474 450 452 455 479 479 476 452 454 433 457 457 478 454 480 456 459 459 483 480 482 458 461 461 485 482 484 460 463 463 487 484 486 462 465 465 489 486 488 464 467 467 491 488 490 466 469 469 493 490 492 468 471 471 495 492 494 470 473 473 497 494 496 472 1184 1184 553 496 498 474 477 477 501 498 500 476 479 479 503 500 502 478 457 457 481 502 505 508 511 511 506 505 509 512 515 515 510 509 513 516 519 519 514 513 517 520 523 523 518 517 521 524 527 527 522 521 525 528 531 531 526 525 529 532 535 535 530 529 533 536 539 539 534 533 537 552 1185 1185 538 537 541 544 547 547 542 541 545 551 550 550 546 545 549 548 504 504 507 549 505 504 481 481 480 505 509 508 483 483 482 509 513 512 485 485 484 513 517 516 487 487 486 517 521 520 489 489 488 521 525 524 491 491 490 525 529 528 493 493 492 529 533 532 495 495 494 533 537 536 497 497 496 537 541 540 499 499 498 541 545 544 501 501 500 545 548 551 503 503 502 548 554 561 560 560 555 554 558 565 564 564 559 558 562 569 568 568 563 562 566 573 572 572 567 566 570 577 576 576 571 570 574 581 580 580 575 574 578 585 584 584 579 578 582 589 588 588 583 582 586 1186 1187 1187 587 586 590 597 596 596 591 590 594 601 600 600 595 594 598 557 556 556 599 598 603 606 609 609 604 603 607 610 613 613 608 607 611 614 617 617 612 611 615 618 621 621 616 615 619 622 625 625 620 619 623 626 629 629 624 623 627 630 633 633 628 627 631 634 637 637 632 631 635 638 641 641 636 635 639 642 645 645 640 639 643 646 649 649 644 643 647 602 605 605 648 647 651 654 657 657 652 651 655 658 661 661 656 655 659 662 665 665 660 659 663 666 669 669 664 663 667 670 673 673 668 667 671 674 677 677 672 671 675 678 681 681 676 675 679 682 685 685 680 679 683 686 689 689 684 683 687 690 693 693 688 687 691 694 697 697 692 691 695 650 653 653 696 695 698 705 704 704 699 698 702 709 708 708 703 702 706 713 712 712 707 706 710 717 716 716 711 710 714 721 720 720 715 714 718 725 724 724 719 718 722 729 728 728 723 722 726 733 732 732 727 726 730 1188 1189 1189 731 730 734 741 740 740 735 734 738 745 744 744 739 738 742 701 700 700 743 742 747 746 753 753 752 747 751 750 757 757 756 751 755 754 761 761 760 755 759 758 765 765 764 759 763 762 769 769 768 763 767 766 773 773 772 767 771 770 777 777 776 771 775 774 781 781 780 775 779 778 785 785 784 779 783 782 789 789 788 783 787 786 793 793 792 787 791 790 749 749 748 791 794 801 800 800 795 794 798 805 804 804 799 798 802 809 808 808 803 802 806 813 812 812 807 806 810 817 816 816 811 810 814 821 820 820 815 814 818 825 824 824 819 818 822 829 828 828 823 822 826 1190 1191 1191 827 826 830 837 836 836 831 830 834 841 840 840 835 834 838 797 796 796 839 838 842 849 848 848 843 842 846 853 852 852 847 846 850 857 856 856 851 850 854 861 860 860 855 854 858 865 864 864 859 858 862 869 868 868 863 862 866 873 872 872 867 866 870 877 876 876 871 870 874 1192 1193 1193 875 874 878 885 884 884 879 878 882 889 888 888 883 882 886 845 844 844 887 886 891 894 897 897 892 891 895 898 901 901 896 895 899 902 905 905 900 899 903 906 909 909 904 903 907 910 913 913 908 907 911 914 917 917 912 911 915 918 921 921 916 915 919 922 925 925 920 919 923 926 929 929 924 923 927 930 933 933 928 927 931 934 937 937 932 931 935 890 893 893 936 935 939 942 945 945 940 939 943 946 949 949 944 943 947 950 953 953 948 947 951 954 957 957 952 951 955 958 961 961 956 955 959 962 965 965 960 959 963 966 969 969 964 963 967 970 973 973 968 967 971 974 977 977 972 971 975 978 981 981 976 975 979 982 985 985 980 979 983 938 941 941 984 983 986 993 992 992 987 986 990 997 996 996 991 990 994 1001 1000 1000 995 994 998 1005 1004 1004 999 998 1002 1009 1008 1008 1003 1002 1006 1013 1012 1012 1007 1006 1010 1017 1016 1016 1011 1010 1014 1021 1020 1020 1015 1014 1018 1194 1195 1195 1019 1018 1022 1029 1028 1028 1023 1022 1026 1033 1032 1032 1027 1026 1030 989 988 988 1031 1030 1035 1034 1041 1041 1040 1035 1039 1038 1045 1045 1044 1039 1043 1042 1049 1049 1048 1043 1047 1046 1053 1053 1052 1047 1051 1050 1057 1057 1056 1051 1055 1054 1061 1061 1060 1055 1059 1058 1065 1065 1064 1059 1063 1062 1069 1069 1068 1063 1067 1066 1073 1073 1072 1067 1071 1070 1077 1077 1076 1071 1075 1074 1081 1081 1080 1075 1079 1078 1037 1037 1036 1079 1082 1088 1083 1086 1091 1087 1089 1094 1090 1092 1097 1093 1095 1100 1096 1098 1103 1099 1101 1106 1102 1104 1109 1105 1107 1112 1108 1110 1115 1111 1113 1117 1114 1116 1085 1084 385 384 1175 1175 1151 385 389 388 1152 1152 1153 389 393 392 1154 1154 1155 393 397 396 1156 1156 1157 397 401 400 1158 1158 1159 401 405 404 1160 1160 1161 405 409 408 1162 1162 1163 409 413 412 1164 1164 1165 413 417 416 1166 1166 1167 417 421 420 1196 1196 1170 421 425 424 1171 1171 1172 425 429 428 1173 1173 1174 429 1083 1119 1118 1090 1120 1119 1096 1121 1120 1102 1122 1121 1108 1123 1122 1114 1118 1123 1197 1198 1199 1198 1200 1199 1200 1201 1199 1201 1202 1199 1202 1203 1199 1203 1204 1199 1204 1205 1199 1205 1206 1199 1206 1207 1199 1207 1208 1199 1208 1209 1199 1209 1210 1199 1210 1211 1199 1211 1212 1199 1212 1213 1199 1213 1214 1199 1214 1215 1199 1215 1216 1199 1216 1217 1199 1217 1218 1199 1218 1219 1199 1219 1220 1199 1220 1221 1199 1221 1197 1199 506 1222 1223 1223 507 506 510 1224 1225 1225 511 510 514 1226 1227 1227 515 514 518 1228 1229 1229 519 518 522 1230 1231 1231 523 522 526 1232 1233 1233 527 526 530 1234 1235 1235 531 530 534 1236 1237 1237 535 534 538 1238 1239 1239 539 538 542 1240 1241 1241 543 542 546 1242 1243 1243 547 546 549 1244 1245 1245 550 549 511 1225 1222 1222 506 511 515 1227 1224 1224 510 515 519 1229 1226 1226 514 519 523 1231 1228 1228 518 523 527 1233 1230 1230 522 527 531 1235 1232 1232 526 531 535 1237 1234 1234 530 535 539 1239 1236 1236 534 539 1185 1246 1238 1238 538 1185 547 1243 1240 1240 542 547 550 1245 1242 1242 546 550 507 1223 1244 1244 549 507 </p>
        </polylist>
      </mesh>
    </geometry>
    <geometry id="meshId1" name="meshId1_name" >
      <mesh>
        <source id="meshId1-positions" name="meshId1-positions">
          <float_array id="meshId1-positions-array" count="1479"> 0.338923 -0.191988 -0.310849 0.338923 -0.17352 -0.310849 0.345563 -0.17352 -0.243433 0.345563 -0.191988 -0.243433 0.319258 -0.191988 -0.375675 0.319258 -0.17352 -0.375675 0.287325 -0.191988 -0.435418 0.287325 -0.17352 -0.435418 0.244349 -0.191988 -0.487783 0.244349 -0.17352 -0.487783 0.191984 -0.191988 -0.530758 0.191984 -0.17352 -0.530758 0.132242 -0.191988 -0.562692 0.132242 -0.17352 -0.562692 0.067417 -0.191988 -0.582356 0.067417 -0.17352 -0.582356 0 -0.191988 -0.588996 0 -0.17352 -0.588996 -0.067417 -0.191988 -0.582356 -0.067417 -0.17352 -0.582356 -0.132242 -0.191988 -0.562692 -0.132242 -0.17352 -0.562692 -0.191984 -0.191988 -0.530758 -0.191984 -0.17352 -0.530758 -0.244349 -0.191988 -0.487783 -0.244349 -0.17352 -0.487783 -0.287325 -0.191988 -0.435418 -0.287325 -0.17352 -0.435418 -0.319258 -0.191988 -0.375674 -0.319258 -0.17352 -0.375674 -0.338923 -0.191988 -0.310849 -0.338923 -0.17352 -0.310849 -0.345563 -0.191988 -0.243433 -0.345563 -0.17352 -0.243433 -0.338923 -0.191988 -0.176017 -0.338923 -0.17352 -0.176017 -0.319258 -0.191988 -0.111192 -0.319258 -0.17352 -0.111192 -0.287325 -0.191988 -0.0514489 -0.287325 -0.17352 -0.0514489 -0.244349 -0.191988 0.000916649 -0.244349 -0.17352 0.000916649 -0.191984 -0.191988 0.0438917 -0.191984 -0.17352 0.0438917 -0.132242 -0.191988 0.0758251 -0.132242 -0.17352 0.0758251 -0.0674146 -0.191988 0.0954894 -0.0674146 -0.17352 0.0954894 0 -0.191988 0.102129 0 -0.17352 0.102129 0.067417 -0.191988 0.0954893 0.067417 -0.17352 0.0954893 0 -0.17352 0.102129 0 -0.191988 0.102129 0.132242 -0.191988 0.0758248 0.132242 -0.17352 0.0758248 0.191984 -0.191988 0.0438913 0.191984 -0.17352 0.0438913 0.244351 -0.191988 0.000916039 0.244351 -0.17352 0.000916039 0.287325 -0.191988 -0.0514494 0.287325 -0.17352 -0.0514494 0.319258 -0.191988 -0.111193 0.319258 -0.17352 -0.111193 0.338923 -0.191988 -0.176018 0.338923 -0.17352 -0.176018 0.337769 0.702284 -0.31062 0.344387 0.702284 -0.243433 0.344387 0.687004 -0.243433 0.337769 0.687004 -0.31062 0.318171 0.702284 -0.375224 0.318171 0.687004 -0.375224 0.286346 0.702284 -0.434764 0.286346 0.687004 -0.434764 0.243519 0.702284 -0.486951 0.243519 0.687004 -0.486951 0.191329 0.702284 -0.52978 0.191329 0.687004 -0.52978 0.13179 0.702284 -0.561605 0.13179 0.687004 -0.561605 0.0671876 0.702284 -0.581202 0.0671876 0.687004 -0.581202 0 0.702284 -0.587819 0 0.687004 -0.587819 -0.0671851 0.702284 -0.581202 -0.0671851 0.687004 -0.581202 -0.13179 0.702284 -0.561605 -0.13179 0.687004 -0.561605 -0.191329 0.702284 -0.52978 -0.191329 0.687004 -0.52978 -0.243519 0.702284 -0.486951 -0.243519 0.687004 -0.486951 -0.286346 0.702284 -0.434764 -0.286346 0.687004 -0.434764 -0.318171 0.702284 -0.375224 -0.318171 0.687004 -0.375224 -0.337769 0.702284 -0.31062 -0.337769 0.687004 -0.31062 -0.344387 0.702284 -0.243433 -0.344387 0.687004 -0.243433 -0.337769 0.702284 -0.176247 -0.337769 0.687004 -0.176247 -0.318171 0.702284 -0.111642 -0.318171 0.687004 -0.111642 -0.286346 0.702284 -0.0521025 -0.286346 0.687004 -0.0521025 -0.243519 0.702284 8.46008e-05 -0.243519 0.687004 8.46008e-05 -0.191329 0.702284 0.0429133 -0.191329 0.687004 0.0429133 -0.13179 0.702284 0.074738 -0.13179 0.687004 0.074738 -0.0671851 0.702284 0.0943354 -0.0671851 0.687004 0.0943354 0 0.702284 0.100953 0 0.687004 0.100953 0.0671876 0.702284 0.0943354 0 0.702284 0.100953 0 0.687004 0.100953 0.0671876 0.687004 0.0943354 0.13179 0.702284 0.0747377 0.13179 0.687004 0.0747377 0.191332 0.702284 0.0429129 0.191332 0.687004 0.0429129 0.243519 0.702284 8.40669e-05 0.243519 0.687004 8.40669e-05 0.286346 0.702284 -0.0521031 0.286346 0.687004 -0.0521031 0.318171 0.702284 -0.111643 0.318171 0.687004 -0.111643 0.337769 0.702284 -0.176247 0.337769 0.687004 -0.176247 0.326371 0.708446 -0.308352 0.332764 0.708446 -0.243433 0.326371 0.708446 -0.178515 0.307435 0.708446 -0.116091 0.276684 0.708446 -0.05856 0.235299 0.708446 -0.00813389 0.184875 0.708446 0.0332497 0.127345 0.708446 0.0640004 0.0649197 0.708446 0.0829367 0 0.708446 0.0893307 0 0.708446 0.0893307 -0.0649197 0.708446 0.0829368 -0.127342 0.708446 0.0640007 -0.184873 0.708446 0.03325 -0.235299 0.708446 -0.00813343 -0.276684 0.708446 -0.0585594 -0.307433 0.708446 -0.11609 -0.326371 0.708446 -0.178514 -0.332764 0.708446 -0.243433 -0.326371 0.708446 -0.308352 -0.307435 0.708446 -0.370777 -0.276684 0.708446 -0.428307 -0.235299 0.708446 -0.478733 -0.184873 0.708446 -0.520117 -0.127342 0.708446 -0.550867 -0.0649197 0.708446 -0.569803 0 0.708446 -0.576197 0.0649197 0.708446 -0.569803 0.127342 0.708446 -0.550867 0.184873 0.708446 -0.520117 0.235299 0.708446 -0.478733 0.276684 0.708446 -0.428307 0.307435 0.708446 -0.370777 0.332764 0.680215 -0.243433 0.326371 0.680215 -0.308352 0.307435 0.680215 -0.370777 0.276684 0.680215 -0.428307 0.235299 0.680215 -0.478733 0.184873 0.680215 -0.520117 0.127342 0.680215 -0.550867 0.0649197 0.680215 -0.569803 0 0.680215 -0.576197 -0.0649197 0.680215 -0.569803 -0.127342 0.680215 -0.550867 -0.184873 0.680215 -0.520117 -0.235299 0.680215 -0.478733 -0.276684 0.680215 -0.428307 -0.307435 0.680215 -0.370777 -0.326371 0.680215 -0.308352 -0.332764 0.680215 -0.243433 -0.326371 0.680215 -0.178514 -0.307433 0.680215 -0.11609 -0.276684 0.680215 -0.0585594 -0.235299 0.680215 -0.00813343 -0.184873 0.680215 0.03325 -0.127342 0.680215 0.0640007 -0.0649197 0.680215 0.0829368 0 0.680215 0.0893307 0 0.680215 0.0893307 0.0649197 0.680215 0.0829367 0.127345 0.680215 0.0640004 0.184875 0.680215 0.0332497 0.235299 0.680215 -0.00813389 0.276684 0.680215 -0.05856 0.307435 0.680215 -0.116091 0.326371 0.680215 -0.178515 0.310008 0.708446 -0.305098 0.316082 0.708446 -0.243433 0.292022 0.708446 -0.364392 0.262811 0.708446 -0.419038 0.223504 0.708446 -0.466936 0.175606 0.708446 -0.506245 0.120959 0.708446 -0.535454 0.0616633 0.708446 -0.553441 0 0.708446 -0.559514 -0.0616633 0.708446 -0.553441 -0.120959 0.708446 -0.535454 -0.175606 0.708446 -0.506245 -0.223504 0.708446 -0.466936 -0.262811 0.708446 -0.419038 -0.292022 0.708446 -0.364392 -0.310008 0.708446 -0.305098 -0.316082 0.708446 -0.243433 -0.310008 0.708446 -0.181769 -0.292022 0.708446 -0.122474 -0.262811 0.708446 -0.0678281 -0.223504 0.708446 -0.0199303 -0.175606 0.708446 0.0193784 -0.120959 0.708446 0.0485874 -0.0616633 0.708446 0.0665742 0 0.708446 0.0726475 0.0616657 0.708446 0.0665741 0 0.708446 0.0726475 0.120959 0.708446 0.0485871 0.175606 0.708446 0.0193781 0.223504 0.708446 -0.0199307 0.262811 0.708446 -0.0678285 0.292022 0.708446 -0.122475 0.310008 0.708446 -0.181769 0.316082 0.708446 -0.243433 0.310008 0.708446 -0.305098 0.310008 -0.156511 -0.305098 0.316082 -0.156511 -0.243433 0.292022 0.708446 -0.364392 0.292022 -0.156511 -0.364392 0.262811 0.708446 -0.419038 0.262811 -0.156511 -0.419038 0.223504 0.708446 -0.466936 0.223504 -0.156511 -0.466936 0.175606 0.708446 -0.506245 0.175606 -0.156511 -0.506245 0.120959 0.708446 -0.535454 0.120959 -0.156511 -0.535454 0.0616633 0.708446 -0.553441 0.0616633 -0.156511 -0.553441 0 0.708446 -0.559514 0 -0.156511 -0.559514 -0.0616633 0.708446 -0.553441 -0.0616633 -0.156511 -0.553441 -0.120959 0.708446 -0.535454 -0.120959 -0.156511 -0.535454 -0.175606 0.708446 -0.506245 -0.175606 -0.156511 -0.506245 -0.223504 0.708446 -0.466936 -0.223504 -0.156511 -0.466936 -0.262811 0.708446 -0.419038 -0.262811 -0.156511 -0.419038 -0.292022 0.708446 -0.364392 -0.292022 -0.156511 -0.364392 -0.310008 0.708446 -0.305098 -0.310008 -0.156511 -0.305098 -0.316082 0.708446 -0.243433 -0.316082 -0.156511 -0.243433 -0.310008 0.708446 -0.181769 -0.310008 -0.156511 -0.181769 -0.292022 0.708446 -0.122474 -0.292022 -0.156511 -0.122474 -0.262811 0.708446 -0.0678281 -0.262811 -0.156511 -0.0678281 -0.223504 0.708446 -0.0199303 -0.223504 -0.156511 -0.0199303 -0.175606 0.708446 0.0193784 -0.175606 -0.156511 0.0193784 -0.120959 0.708446 0.0485874 -0.120959 -0.156511 0.0485874 -0.0616633 0.708446 0.0665742 -0.0616633 -0.156511 0.0665742 0 0.708446 0.0726475 0 -0.156511 0.0726475 0 0.708446 0.0726475 0.0616657 0.708446 0.0665741 0.0616657 -0.156511 0.0665741 0 -0.156511 0.0726475 0.120959 0.708446 0.0485871 0.120959 -0.156511 0.0485871 0.175606 0.708446 0.0193781 0.175606 -0.156511 0.0193781 0.223504 0.708446 -0.0199307 0.223504 -0.156511 -0.0199307 0.262811 0.708446 -0.0678285 0.262811 -0.156511 -0.0678285 0.292022 0.708446 -0.122475 0.292022 -0.156511 -0.122475 0.310008 0.708446 -0.181769 0.310008 -0.156511 -0.181769 0.326371 0.680215 -0.308352 0.332764 0.680215 -0.243433 0.332764 -0.17352 -0.243433 0.326371 -0.17352 -0.308352 0.307435 0.680215 -0.370777 0.307435 -0.17352 -0.370777 0.276684 0.680215 -0.428307 0.276684 -0.17352 -0.428307 0.235299 0.680215 -0.478733 0.235299 -0.17352 -0.478733 0.184873 0.680215 -0.520117 0.184873 -0.17352 -0.520117 0.127342 0.680215 -0.550867 0.127342 -0.17352 -0.550867 0.0649197 0.680215 -0.569803 0.0649197 -0.17352 -0.569803 0 0.680215 -0.576197 0 -0.17352 -0.576197 -0.0649197 0.680215 -0.569803 -0.0649197 -0.17352 -0.569803 -0.127342 0.680215 -0.550867 -0.127342 -0.17352 -0.550867 -0.184873 0.680215 -0.520117 -0.184873 -0.17352 -0.520117 -0.235299 0.680215 -0.478733 -0.235299 -0.17352 -0.478733 -0.276684 0.680215 -0.428307 -0.276684 -0.17352 -0.428307 -0.307435 0.680215 -0.370777 -0.307435 -0.17352 -0.370777 -0.326371 0.680215 -0.308352 -0.326371 -0.17352 -0.308352 -0.332764 0.680215 -0.243433 -0.332764 -0.17352 -0.243433 -0.326371 0.680215 -0.178514 -0.326371 -0.17352 -0.178514 -0.307433 0.680215 -0.11609 -0.307433 -0.17352 -0.11609 -0.276684 0.680215 -0.0585594 -0.276684 -0.17352 -0.0585594 -0.235299 0.680215 -0.00813343 -0.235299 -0.17352 -0.00813343 -0.184873 0.680215 0.03325 -0.184873 -0.17352 0.03325 -0.127342 0.680215 0.0640007 -0.127342 -0.17352 0.0640007 -0.0649197 0.680215 0.0829368 -0.0649197 -0.17352 0.0829368 0 0.680215 0.0893307 0 -0.17352 0.0893307 0.0649197 0.680215 0.0829367 0 0.680215 0.0893307 0 -0.17352 0.0893307 0.0649197 -0.17352 0.0829367 0.127345 0.680215 0.0640004 0.127345 -0.17352 0.0640004 0.184875 0.680215 0.0332497 0.184875 -0.17352 0.0332497 0.235299 0.680215 -0.00813389 0.235299 -0.17352 -0.00813389 0.276684 0.680215 -0.05856 0.276684 -0.17352 -0.05856 0.307435 0.680215 -0.116091 0.307435 -0.17352 -0.116091 0.326371 0.680215 -0.178515 0.326371 -0.17352 -0.178515 0 -0.191988 -0.243433 0.338923 -0.191988 -0.310849 0.345563 -0.191988 -0.243433 0.319258 -0.191988 -0.375675 0.287325 -0.191988 -0.435418 0.244349 -0.191988 -0.487783 0.191984 -0.191988 -0.530758 0.132242 -0.191988 -0.562692 0.067417 -0.191988 -0.582356 0 -0.191988 -0.588996 -0.067417 -0.191988 -0.582356 -0.132242 -0.191988 -0.562692 -0.191984 -0.191988 -0.530758 -0.244349 -0.191988 -0.487783 -0.287325 -0.191988 -0.435418 -0.319258 -0.191988 -0.375674 -0.338923 -0.191988 -0.310849 -0.345563 -0.191988 -0.243433 -0.338923 -0.191988 -0.176017 -0.319258 -0.191988 -0.111192 -0.287325 -0.191988 -0.0514489 -0.244349 -0.191988 0.000916649 -0.191984 -0.191988 0.0438917 -0.132242 -0.191988 0.0758251 -0.0674146 -0.191988 0.0954894 0 -0.191988 0.102129 0.067417 -0.191988 0.0954893 0.132242 -0.191988 0.0758248 0.191984 -0.191988 0.0438913 0.244351 -0.191988 0.000916039 0.287325 -0.191988 -0.0514494 0.319258 -0.191988 -0.111193 0.338923 -0.191988 -0.176018 0.326371 -0.17352 -0.308352 0.332764 -0.17352 -0.243433 0.345563 -0.17352 -0.243433 0.338923 -0.17352 -0.310849 0.326371 -0.17352 -0.178515 0.338923 -0.17352 -0.176018 0.307435 -0.17352 -0.116091 0.319258 -0.17352 -0.111193 0.276684 -0.17352 -0.05856 0.287325 -0.17352 -0.0514494 0.235299 -0.17352 -0.00813389 0.244351 -0.17352 0.000916039 0.184875 -0.17352 0.0332497 0.191984 -0.17352 0.0438913 0.127345 -0.17352 0.0640004 0.132242 -0.17352 0.0758248 0.0649197 -0.17352 0.0829367 0.067417 -0.17352 0.0954893 0 -0.17352 0.0893307 0 -0.17352 0.102129 -0.0649197 -0.17352 0.0829368 -0.0674146 -0.17352 0.0954894 -0.127342 -0.17352 0.0640007 -0.132242 -0.17352 0.0758251 -0.184873 -0.17352 0.03325 -0.191984 -0.17352 0.0438917 -0.235299 -0.17352 -0.00813343 -0.244349 -0.17352 0.000916649 -0.276684 -0.17352 -0.0585594 -0.287325 -0.17352 -0.0514489 -0.307433 -0.17352 -0.11609 -0.319258 -0.17352 -0.111192 -0.326371 -0.17352 -0.178514 -0.338923 -0.17352 -0.176017 -0.332764 -0.17352 -0.243433 -0.345563 -0.17352 -0.243433 -0.326371 -0.17352 -0.308352 -0.338923 -0.17352 -0.310849 -0.307435 -0.17352 -0.370777 -0.319258 -0.17352 -0.375674 -0.276684 -0.17352 -0.428307 -0.287325 -0.17352 -0.435418 -0.235299 -0.17352 -0.478733 -0.244349 -0.17352 -0.487783 -0.184873 -0.17352 -0.520117 -0.191984 -0.17352 -0.530758 -0.127342 -0.17352 -0.550867 -0.132242 -0.17352 -0.562692 -0.0649197 -0.17352 -0.569803 -0.067417 -0.17352 -0.582356 0 -0.17352 -0.576197 0 -0.17352 -0.588996 0.0649197 -0.17352 -0.569803 0.067417 -0.17352 -0.582356 0.127342 -0.17352 -0.550867 0.132242 -0.17352 -0.562692 0.184873 -0.17352 -0.520117 0.191984 -0.17352 -0.530758 0.235299 -0.17352 -0.478733 0.244349 -0.17352 -0.487783 0.276684 -0.17352 -0.428307 0.287325 -0.17352 -0.435418 0.307435 -0.17352 -0.370777 0.319258 -0.17352 -0.375675 0.316082 -0.156511 -0.243433 0.310008 -0.156511 -0.305098 0 -0.156511 -0.243433 0.292022 -0.156511 -0.364392 0.262811 -0.156511 -0.419038 0.223504 -0.156511 -0.466936 0.175606 -0.156511 -0.506245 0.120959 -0.156511 -0.535454 0.0616633 -0.156511 -0.553441 0 -0.156511 -0.559514 -0.0616633 -0.156511 -0.553441 -0.120959 -0.156511 -0.535454 -0.175606 -0.156511 -0.506245 -0.223504 -0.156511 -0.466936 -0.262811 -0.156511 -0.419038 -0.292022 -0.156511 -0.364392 -0.310008 -0.156511 -0.305098 -0.316082 -0.156511 -0.243433 -0.310008 -0.156511 -0.181769 -0.292022 -0.156511 -0.122474 -0.262811 -0.156511 -0.0678281 -0.223504 -0.156511 -0.0199303 -0.175606 -0.156511 0.0193784 -0.120959 -0.156511 0.0485874 -0.0616633 -0.156511 0.0665742 0 -0.156511 0.0726475 0.0616657 -0.156511 0.0665741 0.120959 -0.156511 0.0485871 0.175606 -0.156511 0.0193781 0.223504 -0.156511 -0.0199307 0.262811 -0.156511 -0.0678285 0.292022 -0.156511 -0.122475 0.310008 -0.156511 -0.181769 </float_array>
          <technique_common>
            <accessor count="493" offset="0" source="#meshId1-positions-array" stride="3">
              <param name="X" type="float" />
              <param name="Y" type="float" />
              <param name="Z" type="float" />
            </accessor>
          </technique_common>
        </source>
        <source id="meshId1-normals" name="meshId1-normals">
          <float_array id="meshId1-normals-array" count="1479"> 0.980785 -3.68565e-07 -0.19509 0.980785 -3.68565e-07 -0.19509 1 -4.18171e-12 -1.12004e-06 1 9.8543e-12 7.48284e-07 0.923879 2.34326e-17 -0.382684 0.923879 2.34326e-17 -0.382684 0.83147 3.40189e-17 -0.55557 0.83147 3.40189e-17 -0.55557 0.707107 4.32978e-17 -0.707107 0.707107 4.32978e-17 -0.707107 0.55557 5.09128e-17 -0.83147 0.55557 5.09128e-17 -0.83147 0.382683 5.65713e-17 -0.92388 0.382683 5.65713e-17 -0.92388 0.19509 6.00558e-17 -0.980785 0.19509 6.00558e-17 -0.980785 0 6.12323e-17 -1 0 6.12323e-17 -1 -0.19509 6.00558e-17 -0.980785 -0.19509 6.00558e-17 -0.980785 -0.382683 5.65713e-17 -0.92388 -0.382683 5.65713e-17 -0.92388 -0.55557 5.09128e-17 -0.83147 -0.55557 5.09128e-17 -0.83147 -0.707107 4.32978e-17 -0.707107 -0.707107 4.32978e-17 -0.707107 -0.83147 3.40189e-17 -0.55557 -0.83147 3.40189e-17 -0.55557 -0.92388 2.34326e-17 -0.382683 -0.92388 2.34326e-17 -0.382683 -0.980785 1.19458e-17 -0.19509 -0.980785 1.19458e-17 -0.19509 -1 -1.72187e-23 2.81202e-07 -1 -1.72187e-23 2.81202e-07 -0.980785 -1.19459e-17 0.195091 -0.980785 -1.19459e-17 0.195091 -0.923879 -2.34326e-17 0.382684 -0.923879 -2.34326e-17 0.382684 -0.831469 -3.40189e-17 0.555571 -0.831469 -3.40189e-17 0.555571 -0.707106 -4.32978e-17 0.707107 -0.707106 -4.32978e-17 0.707107 -0.55557 -5.09129e-17 0.83147 -0.55557 -5.09129e-17 0.83147 -0.382683 -5.65713e-17 0.92388 -0.382683 -5.65713e-17 0.92388 -0.19509 -6.00558e-17 0.980785 -0.19509 -6.00558e-17 0.980785 8.43606e-07 -6.12323e-17 1 8.43606e-07 -6.12323e-17 1 0.195092 -6.00558e-17 0.980785 0.195092 -6.00558e-17 0.980785 8.43606e-07 -6.12323e-17 1 8.43606e-07 -6.12323e-17 1 0.382684 -5.65713e-17 0.923879 0.382684 -5.65713e-17 0.923879 0.555571 -5.09128e-17 0.831469 0.555571 -5.09128e-17 0.831469 0.707108 -4.32978e-17 0.707106 0.707108 -4.32978e-17 0.707106 0.83147 -3.40188e-17 0.555569 0.83147 -3.40188e-17 0.555569 0.92388 -2.34325e-17 0.382682 0.92388 -2.34325e-17 0.382682 0.980786 3.68568e-07 0.195089 0.980786 3.68568e-07 0.195089 0.848356 0.501813 -0.168749 0.864976 0.501813 1.25598e-07 0.874605 -0.484836 1.25429e-07 0.8578 -0.484836 -0.170627 0.799133 0.501813 -0.331012 0.80803 -0.484836 -0.334697 0.719201 0.501813 -0.480555 0.727207 -0.484836 -0.485905 0.61163 0.501813 -0.61163 0.618439 -0.484836 -0.618439 0.480555 0.501813 -0.719201 0.485904 -0.484836 -0.727208 0.331012 0.501813 -0.799134 0.334697 -0.484836 -0.80803 0.168749 0.501813 -0.848356 0.170627 -0.484836 -0.8578 -1.42725e-09 0.501813 -0.864976 0 -0.484836 -0.874605 -0.168748 0.501813 -0.848356 -0.170627 -0.484836 -0.8578 -0.331012 0.501813 -0.799134 -0.334697 -0.484836 -0.80803 -0.480555 0.501813 -0.719201 -0.485904 -0.484836 -0.727208 -0.61163 0.501813 -0.61163 -0.618439 -0.484836 -0.618439 -0.719201 0.501813 -0.480555 -0.727207 -0.484836 -0.485905 -0.799134 0.501813 -0.331012 -0.80803 -0.484836 -0.334697 -0.848356 0.501814 -0.168748 -0.8578 -0.484836 -0.170627 -0.864976 0.501813 2.44059e-07 -0.874605 -0.484836 2.49448e-07 -0.848355 0.501814 0.168749 -0.8578 -0.484836 0.170628 -0.799133 0.501814 0.331012 -0.80803 -0.484836 0.334697 -0.719201 0.501813 0.480555 -0.727207 -0.484836 0.485905 -0.61163 0.501813 0.611631 -0.618439 -0.484836 0.61844 -0.480554 0.501813 0.719202 -0.485904 -0.484836 0.727208 -0.331011 0.501813 0.799134 -0.334696 -0.484836 0.80803 -0.168748 0.501813 0.848356 -0.170626 -0.484836 0.8578 7.36459e-07 0.501813 0.864976 7.44116e-07 -0.484836 0.874605 0.16875 0.501813 0.848355 7.36459e-07 0.501813 0.864976 7.44116e-07 -0.484836 0.874605 0.170628 -0.484836 0.857799 0.331013 0.501813 0.799133 0.334698 -0.484836 0.808029 0.480556 0.501813 0.719201 0.485905 -0.484836 0.727207 0.611631 0.501813 0.61163 0.61844 -0.484836 0.618438 0.719202 0.501813 0.480554 0.727208 -0.484836 0.485904 0.799134 0.501813 0.331011 0.80803 -0.484836 0.334696 0.848356 0.501814 0.168748 0.8578 -0.484836 0.170626 0.250546 0.966821 -0.0498367 0.255454 0.966821 -1.80363e-07 0.250546 0.966821 0.0498363 0.236009 0.966821 0.0977577 0.212402 0.966821 0.141922 0.180633 0.966821 0.180633 0.141923 0.966821 0.212402 0.0977582 0.966821 0.236008 0.0498367 0.966821 0.250545 2.20852e-07 0.966821 0.255454 2.20852e-07 0.966821 0.255454 -0.0498362 0.966821 0.250545 -0.0977578 0.966821 0.236009 -0.141922 0.966821 0.212402 -0.180633 0.966821 0.180633 -0.212402 0.966821 0.141923 -0.236008 0.966821 0.0977582 -0.250545 0.966821 0.0498366 -0.255454 0.966821 6.99366e-08 -0.250545 0.966821 -0.0498363 -0.236009 0.966821 -0.097758 -0.212402 0.966821 -0.141923 -0.180633 0.966821 -0.180633 -0.141923 0.966821 -0.212402 -0.097758 0.966821 -0.236009 -0.0498366 0.966821 -0.250546 -1.22696e-09 0.966821 -0.255454 0.0498367 0.966821 -0.250546 0.097758 0.966821 -0.236009 0.141923 0.966821 -0.212402 0.180633 0.966821 -0.180633 0.212402 0.966821 -0.141923 0.236009 0.966821 -0.0977579 0.504401 -0.863469 -3.53718e-07 0.494709 -0.863469 -0.0984039 0.466006 -0.86347 -0.193026 0.419394 -0.86347 -0.28023 0.356665 -0.86347 -0.356665 0.28023 -0.86347 -0.419394 0.193026 -0.86347 -0.466006 0.0984039 -0.863469 -0.494709 0 -0.863469 -0.504401 -0.0984038 -0.863469 -0.494709 -0.193026 -0.86347 -0.466006 -0.28023 -0.86347 -0.419394 -0.356665 -0.86347 -0.356665 -0.419394 -0.86347 -0.28023 -0.466006 -0.86347 -0.193026 -0.494709 -0.86347 -0.0984033 -0.504401 -0.86347 1.44191e-07 -0.494709 -0.86347 0.0984037 -0.466005 -0.86347 0.193026 -0.419394 -0.863469 0.28023 -0.356665 -0.863469 0.356665 -0.28023 -0.86347 0.419394 -0.193025 -0.86347 0.466006 -0.098403 -0.86347 0.494709 4.37078e-07 -0.86347 0.504401 4.37078e-07 -0.86347 0.504401 0.098404 -0.86347 0.494709 0.193026 -0.86347 0.466005 0.280231 -0.86347 0.419394 0.356666 -0.86347 0.356665 0.419394 -0.863469 0.28023 0.466006 -0.863469 0.193025 0.494709 -0.863469 0.0984032 0 1 6.12323e-17 0 1 6.12323e-17 0 1 6.12323e-17 0 1 6.12323e-17 0 1 6.12323e-17 0 1 6.12323e-17 0 1 6.12323e-17 0 1 6.12323e-17 0 1 6.12323e-17 0 1 6.12323e-17 0 1 6.12323e-17 0 1 6.12323e-17 0 1 6.12323e-17 0 1 6.12323e-17 0 1 6.12323e-17 0 1 6.12323e-17 0 1 6.12323e-17 0 1 6.12323e-17 0 1 6.12323e-17 0 1 6.12323e-17 0 1 6.12323e-17 0 1 6.12323e-17 0 1 6.12323e-17 0 1 6.12323e-17 0 1 6.12323e-17 0 1 6.12323e-17 0 1 6.12323e-17 0 1 6.12323e-17 0 1 6.12323e-17 0 1 6.12323e-17 0 1 6.12323e-17 0 1 6.12323e-17 0 1 6.12323e-17 -1 -1.43002e-23 2.33541e-07 -0.980785 -1.19458e-17 0.19509 -0.980785 -1.19458e-17 0.19509 -1 -1.43002e-23 2.33541e-07 -0.92388 -2.34326e-17 0.382684 -0.92388 -2.34326e-17 0.382684 -0.83147 -3.40189e-17 0.55557 -0.83147 -3.40189e-17 0.55557 -0.707107 -4.32978e-17 0.707107 -0.707107 -4.32978e-17 0.707107 -0.55557 -5.09128e-17 0.83147 -0.55557 -5.09128e-17 0.83147 -0.382684 -5.65713e-17 0.92388 -0.382684 -5.65713e-17 0.92388 -0.19509 -6.00558e-17 0.980785 -0.19509 -6.00558e-17 0.980785 -9.53227e-09 -6.12323e-17 1 -9.53227e-09 -6.12323e-17 1 0.19509 -6.00558e-17 0.980785 0.19509 -6.00558e-17 0.980785 0.382683 -5.65713e-17 0.92388 0.382683 -5.65713e-17 0.92388 0.55557 -5.09128e-17 0.83147 0.55557 -5.09128e-17 0.83147 0.707107 -4.32978e-17 0.707107 0.707107 -4.32978e-17 0.707107 0.83147 -3.40189e-17 0.55557 0.83147 -3.40189e-17 0.55557 0.92388 -2.34326e-17 0.382683 0.92388 -2.34326e-17 0.382683 0.980785 -1.19458e-17 0.19509 0.980785 -1.19458e-17 0.19509 1 1.8386e-23 -3.00267e-07 1 1.8386e-23 -3.00267e-07 0.980785 1.19459e-17 -0.195091 0.980785 1.19459e-17 -0.195091 0.923879 2.34326e-17 -0.382684 0.923879 2.34326e-17 -0.382684 0.831469 3.40189e-17 -0.555571 0.831469 3.40189e-17 -0.555571 0.707106 4.32978e-17 -0.707107 0.707106 4.32978e-17 -0.707107 0.55557 5.09129e-17 -0.83147 0.55557 5.09129e-17 -0.83147 0.382683 5.65713e-17 -0.92388 0.382683 5.65713e-17 -0.92388 0.195089 6.00558e-17 -0.980786 0.195089 6.00558e-17 -0.980786 -9.29397e-07 6.12323e-17 -1 -9.29397e-07 6.12323e-17 -1 -9.29397e-07 6.12323e-17 -1 -0.195091 6.00558e-17 -0.980785 -0.195091 6.00558e-17 -0.980785 -9.29397e-07 6.12323e-17 -1 -0.382684 5.65713e-17 -0.923879 -0.382684 5.65713e-17 -0.923879 -0.555571 5.09128e-17 -0.831469 -0.555571 5.09128e-17 -0.831469 -0.707108 4.32978e-17 -0.707106 -0.707108 4.32978e-17 -0.707106 -0.83147 3.40188e-17 -0.555569 -0.83147 3.40188e-17 -0.555569 -0.92388 2.34325e-17 -0.382682 -0.92388 2.34325e-17 -0.382682 -0.980786 1.19458e-17 -0.195089 -0.980786 1.19458e-17 -0.195089 0.980785 1.19458e-17 -0.19509 1 1.25492e-23 -2.04944e-07 1 1.25492e-23 -2.04944e-07 0.980785 1.19458e-17 -0.19509 0.92388 2.34326e-17 -0.382684 0.92388 2.34326e-17 -0.382684 0.83147 3.40189e-17 -0.55557 0.83147 3.40189e-17 -0.55557 0.707107 4.32978e-17 -0.707107 0.707107 4.32978e-17 -0.707107 0.55557 5.09128e-17 -0.83147 0.55557 5.09128e-17 -0.83147 0.382684 5.65713e-17 -0.923879 0.382684 5.65713e-17 -0.923879 0.19509 6.00558e-17 -0.980785 0.19509 6.00558e-17 -0.980785 4.76614e-09 6.12323e-17 -1 4.76614e-09 6.12323e-17 -1 -0.19509 6.00558e-17 -0.980785 -0.19509 6.00558e-17 -0.980785 -0.382683 5.65713e-17 -0.92388 -0.382683 5.65713e-17 -0.92388 -0.55557 5.09128e-17 -0.83147 -0.55557 5.09128e-17 -0.83147 -0.707107 4.32978e-17 -0.707107 -0.707107 4.32978e-17 -0.707107 -0.83147 3.40189e-17 -0.55557 -0.83147 3.40189e-17 -0.55557 -0.92388 2.34326e-17 -0.382683 -0.92388 2.34326e-17 -0.382683 -0.980785 1.19458e-17 -0.19509 -0.980785 1.19458e-17 -0.19509 -1 -1.80942e-23 2.95501e-07 -1 -1.80942e-23 2.95501e-07 -0.980785 -1.19459e-17 0.195091 -0.980785 -1.19459e-17 0.195091 -0.923879 -2.34326e-17 0.382684 -0.923879 -2.34326e-17 0.382684 -0.831469 -3.40189e-17 0.55557 -0.831469 -3.40189e-17 0.55557 -0.707106 -4.32978e-17 0.707107 -0.707106 -4.32978e-17 0.707107 -0.55557 -5.09129e-17 0.83147 -0.55557 -5.09129e-17 0.83147 -0.382683 -5.65713e-17 0.92388 -0.382683 -5.65713e-17 0.92388 -0.195089 -6.00558e-17 0.980785 -0.195089 -6.00558e-17 0.980785 8.76969e-07 -6.12323e-17 1 8.76969e-07 -6.12323e-17 1 0.195091 -6.00558e-17 0.980785 8.76969e-07 -6.12323e-17 1 8.76969e-07 -6.12323e-17 1 0.195091 -6.00558e-17 0.980785 0.382684 -5.65713e-17 0.923879 0.382684 -5.65713e-17 0.923879 0.555571 -5.09128e-17 0.831469 0.555571 -5.09128e-17 0.831469 0.707108 -4.32978e-17 0.707106 0.707108 -4.32978e-17 0.707106 0.83147 -3.40188e-17 0.555569 0.83147 -3.40188e-17 0.555569 0.92388 -2.34325e-17 0.382682 0.92388 -2.34325e-17 0.382682 0.980786 -1.19458e-17 0.195089 0.980786 -1.19458e-17 0.195089 0 -1 -6.12323e-17 0 -1 -6.12323e-17 0 -1 -6.12323e-17 0 -1 -6.12323e-17 0 -1 -6.12323e-17 0 -1 -6.12323e-17 0 -1 -6.12323e-17 0 -1 -6.12323e-17 0 -1 -6.12323e-17 0 -1 -6.12323e-17 0 -1 -6.12323e-17 0 -1 -6.12323e-17 0 -1 -6.12323e-17 0 -1 -6.12323e-17 0 -1 -6.12323e-17 0 -1 -6.12323e-17 0 -1 -6.12323e-17 0 -1 -6.12323e-17 0 -1 -6.12323e-17 0 -1 -6.12323e-17 0 -1 -6.12323e-17 0 -1 -6.12323e-17 0 -1 -6.12323e-17 0 -1 -6.12323e-17 0 -1 -6.12323e-17 0 -1 -6.12323e-17 0 -1 -6.12323e-17 0 -1 -6.12323e-17 0 -1 -6.12323e-17 0 -1 -6.12323e-17 0 -1 -6.12323e-17 0 -1 -6.12323e-17 0 -1 -6.12323e-17 7.90792e-09 1 8.02858e-08 1.58149e-08 1 -1.58368e-12 1.58149e-08 1 6.17664e-13 7.90792e-09 1 8.02858e-08 7.90702e-09 1 -8.02863e-08 7.90702e-09 1 -8.02863e-08 0 1 6.12323e-17 0 1 6.12323e-17 0 1 6.12323e-17 0 1 6.12323e-17 0 1 6.12323e-17 0 1 6.12323e-17 0 1 6.12323e-17 0 1 6.12323e-17 0 1 6.12323e-17 0 1 6.12323e-17 0 1 6.12323e-17 0 1 6.12323e-17 0 1 6.12323e-17 0 1 6.12323e-17 0 1 6.12323e-17 0 1 6.12323e-17 0 1 6.12323e-17 0 1 6.12323e-17 0 1 6.12323e-17 0 1 6.12323e-17 0 1 6.12323e-17 0 1 6.12323e-17 0 1 6.12323e-17 0 1 6.12323e-17 0 1 6.12323e-17 0 1 6.12323e-17 0 1 6.12323e-17 0 1 6.12323e-17 0 1 6.12323e-17 0 1 6.12323e-17 0 1 6.12323e-17 0 1 6.12323e-17 0 1 6.12323e-17 0 1 6.12323e-17 0 1 6.12323e-17 0 1 6.12323e-17 0 1 6.12323e-17 0 1 6.12323e-17 0 1 6.12323e-17 0 1 6.12323e-17 0 1 6.12323e-17 0 1 6.12323e-17 0 1 6.12323e-17 0 1 6.12323e-17 0 1 6.12323e-17 0 1 6.12323e-17 0 1 6.12323e-17 0 1 6.12323e-17 0 1 6.12323e-17 0 1 6.12323e-17 0 1 6.12323e-17 0 1 6.12323e-17 0 1 6.12323e-17 0 1 6.12323e-17 0 1 6.12323e-17 0 1 6.12323e-17 0 1 6.12323e-17 0 1 6.12323e-17 0 1 6.12323e-17 0 1 6.12323e-17 0 1 6.12323e-17 0 1 6.12323e-17 0 1 6.12323e-17 0 1 6.12323e-17 0 1 6.12323e-17 0 1 6.12323e-17 0 1 6.12323e-17 0 1 6.12323e-17 0 1 6.12323e-17 0 1 6.12323e-17 0 1 6.12323e-17 0 1 6.12323e-17 0 1 6.12323e-17 0 1 6.12323e-17 0 1 6.12323e-17 0 1 6.12323e-17 0 1 6.12323e-17 0 1 6.12323e-17 0 1 6.12323e-17 0 1 6.12323e-17 0 1 6.12323e-17 0 1 6.12323e-17 0 1 6.12323e-17 0 1 6.12323e-17 0 1 6.12323e-17 0 1 6.12323e-17 0 1 6.12323e-17 0 1 6.12323e-17 0 1 6.12323e-17 0 1 6.12323e-17 0 1 6.12323e-17 </float_array>
          <technique_common>
            <accessor count="493" offset="0" source="#meshId1-normals-array" stride="3">
              <param name="X" type="float" />
              <param name="Y" type="float" />
              <param name="Z" type="float" />
            </accessor>
          </technique_common>
        </source>
        <source id="meshId1-tangents" name="meshId1-tangents">
          <float_array id="meshId1-tangents-array" count="1479"> -5.92085e-05 1 -0.00029955 -6.66153e-05 1 -0.000336787 -6.3564e-10 1 -0.000571667 3.95611e-10 1 -0.000541946 -3.96898e-05 1 -9.58195e-05 -5.13824e-05 1 -0.000124048 2.80841e-05 1 4.20308e-05 1.27791e-05 1 1.91253e-05 0.000153894 1 0.000153894 0.00013603 1 0.00013603 0.000282514 1 0.00018877 0.000267857 1 0.000178976 0.000386897 1 0.000160258 0.000376263 1 0.000155853 0.000459602 1 9.14206e-05 0.000454703 1 9.04461e-05 0.000468234 1 0 0.000472432 1 0 0.000404338 1 -8.04277e-05 0.000415235 1 -8.25953e-05 0.000305116 1 -0.000126383 0.000322107 1 -0.000133421 0.00015403 1 -0.00010292 0.000178234 1 -0.000119092 -1.32653e-05 1 1.32653e-05 1.2185e-05 1 -1.2185e-05 -0.000135213 1 0.000202361 -0.000112043 1 0.000167684 -0.000197573 1 0.000476982 -0.000178698 1 0.000431415 -0.00016073 1 0.000808047 -0.000150817 1 0.00075821 3.13021e-10 0.999999 0.00111268 2.98779e-10 0.999999 0.00106134 0.000276704 0.999999 0.00139108 0.000268071 0.999999 0.00134768 0.000617772 0.999999 0.00149143 0.000607206 0.999999 0.00146592 0.000959601 0.999999 0.00143614 0.000952195 0.999999 0.00142506 0.00124584 0.999999 0.00124583 0.00124213 0.999998 0.00124213 0.00148502 0.999998 0.000992257 0.0014825 0.999998 0.00099057 0.00165906 0.999998 0.000687202 0.00165774 0.999998 0.000686658 0.00176736 0.999998 0.000351547 0.00176671 0.999998 0.000351418 0.00180293 0.999998 -1.52795e-09 0.00180276 0.999998 -1.52547e-09 0.000733906 1 -0.000145984 0.000735379 1 -0.000146277 0.000757897 1 -6.40284e-10 0.000756402 1 -6.39046e-10 0.000684476 1 -0.00028352 0.000684481 1 -0.000283522 0.000625296 1 -0.000417811 0.000622138 1 -0.0004157 0.000553962 1 -0.000553964 0.000552885 1 -0.000552887 0.000425939 1 -0.000637464 0.000427213 1 -0.000639371 0.000287556 1 -0.000694224 0.00029076 1 -0.000701961 0.000128632 1 -0.000648572 0.000131933 1 -0.000665163 0.493214 -0.864964 -0.0926171 0.501806 -0.864963 0.00539837 -0.484829 -0.874592 0.0053872 -0.474459 -0.874592 0.0998842 0.465661 -0.864963 -0.187077 -0.445849 -0.874592 0.190543 0.420215 -0.864963 -0.274331 -0.40011 -0.874592 0.273862 0.35867 -0.864963 -0.350991 -0.339039 -0.874593 0.346613 0.283275 -0.864963 -0.414239 -0.264873 -0.874592 0.406116 0.197022 -0.864963 -0.461542 -0.180561 -0.874592 0.449984 0.103206 -0.864963 -0.491108 -0.089315 -0.874592 0.476562 0.00539319 -0.864963 -0.501806 0.00538843 -0.874592 0.484829 -0.092532 -0.864963 -0.493231 0.0998013 -0.874593 0.474476 -0.187054 -0.864963 -0.465671 0.190525 -0.874592 0.445857 -0.274306 -0.864963 -0.420232 0.273843 -0.874592 0.400123 -0.351046 -0.864963 -0.358615 0.346665 -0.874592 0.338987 -0.414226 -0.864963 -0.283294 0.406101 -0.874592 0.264897 -0.461539 -0.864963 -0.19703 0.449982 -0.874592 0.180568 -0.49111 -0.864963 -0.103195 0.476564 -0.874592 0.0893043 -0.501806 -0.864963 -0.00539216 0.484829 -0.874592 -0.00539345 -0.493213 -0.864963 0.0926234 0.474458 -0.874592 -0.0998881 -0.46568 -0.864963 0.187031 0.445868 -0.874592 -0.190499 -0.420217 -0.864964 0.274327 0.40011 -0.874592 -0.273862 -0.358668 -0.864963 0.350993 0.339038 -0.874593 -0.346614 -0.283275 -0.864963 0.414239 0.264874 -0.874592 -0.406116 -0.197021 -0.864963 0.461542 0.180556 -0.874592 -0.449986 -0.103109 -0.864964 0.491128 0.0892214 -0.874592 -0.47658 -0.0107806 -0.864926 0.501784 1.73968e-09 -0.874605 -0.484836 0.0926281 -0.864963 0.493212 -2.06063e-09 -0.864976 0.501813 -0.0107934 -0.874554 -0.484808 -0.0998882 -0.874592 -0.474458 0.186974 -0.864963 0.465703 -0.190444 -0.874593 -0.445891 0.274303 -0.864963 0.420234 -0.273844 -0.874592 -0.400122 0.351046 -0.864964 0.358615 -0.346665 -0.874592 -0.338987 0.414226 -0.864963 0.283294 -0.406101 -0.874592 -0.264897 0.461536 -0.864963 0.197035 -0.449979 -0.874592 -0.180573 0.49111 -0.864963 0.103195 -0.476564 -0.874592 -0.0893046 0.948745 -0.255453 -0.186082 0.966818 -0.255453 0.00259542 0.947735 -0.255453 0.191161 0.892226 -0.255453 0.372394 0.802437 -0.255453 0.539294 0.681822 -0.255453 0.685466 0.534994 -0.255453 0.80531 0.367555 -0.255453 0.89423 0.186073 -0.255453 0.948747 0.0107326 -0.255439 0.966766 -0.0159262 -0.255422 0.966699 -0.191127 -0.255453 0.947742 -0.372358 -0.255453 0.892241 -0.539248 -0.255453 0.802468 -0.685486 -0.255453 0.681801 -0.805314 -0.255453 0.534989 -0.894214 -0.255453 0.367594 -0.948744 -0.255453 0.186086 -0.966818 -0.255453 -0.00258957 -0.947734 -0.255453 -0.191165 -0.892227 -0.255453 -0.37239 -0.802436 -0.255453 -0.539296 -0.681819 -0.255453 -0.685468 -0.534944 -0.255453 -0.805344 -0.367585 -0.255453 -0.894218 -0.186049 -0.255453 -0.948752 0.00259858 -0.255453 -0.966818 0.191219 -0.255453 -0.947723 0.372363 -0.255453 -0.892238 0.539248 -0.255453 -0.802468 0.685487 -0.255453 -0.6818 0.805316 -0.255453 -0.534986 0.894205 -0.255453 -0.367615 -0.863425 -0.504375 -0.0101746 -0.848815 -0.504375 0.158491 -0.801572 -0.504375 0.321072 -0.72353 -0.504375 0.471286 -0.617765 -0.504375 0.603302 -0.488149 -0.504375 0.712261 -0.339821 -0.504375 0.793806 -0.178449 -0.504375 0.844844 -0.0101659 -0.504375 0.863425 0.158346 -0.504374 0.848842 0.321033 -0.504375 0.801588 0.471244 -0.504375 0.723557 0.603394 -0.504375 0.617674 0.712239 -0.504375 0.488182 0.7938 -0.504375 0.339835 0.844849 -0.504375 0.17843 0.863425 -0.504375 0.0101641 0.848813 -0.504375 -0.158502 0.801604 -0.504375 -0.320994 0.723534 -0.504375 -0.47128 0.617762 -0.504375 -0.603304 0.48815 -0.504375 -0.712261 0.33982 -0.504375 -0.793806 0.178284 -0.504375 -0.844879 0.0203253 -0.504297 -0.863291 -2.83966e-12 -0.504401 -0.86347 -0.15851 -0.504375 -0.848811 -0.320897 -0.504374 -0.801643 -0.471237 -0.504375 -0.723562 -0.603395 -0.504375 -0.617674 -0.712239 -0.504375 -0.488182 -0.793796 -0.504375 -0.339843 -0.844848 -0.504375 -0.17843 0.977762 1.28416e-17 -0.209718 0.999888 9.15107e-19 -0.0149448 0.918059 2.42752e-17 -0.396443 0.823097 3.47739e-17 -0.567901 0.696422 4.39423e-17 -0.717633 0.542997 5.14189e-17 -0.839735 0.368803 5.69159e-17 -0.929508 0.180504 6.02266e-17 -0.983574 -0.0149529 6.12255e-17 -0.999888 -0.209816 5.98694e-17 -0.977741 -0.396404 5.6216e-17 -0.918076 -0.56785 5.04023e-17 -0.823132 -0.717566 4.26477e-17 -0.69649 -0.839704 3.32519e-17 -0.543045 -0.929497 2.25843e-17 -0.36883 -0.983591 1.1047e-17 -0.180411 -0.999888 -9.15107e-19 0.0149448 -0.977761 -1.28417e-17 0.20972 -0.918039 -2.4278e-17 0.39649 -0.823096 -3.4774e-17 0.567902 -0.696421 -4.39424e-17 0.717633 -0.542996 -5.1419e-17 0.839735 -0.368803 -5.69159e-17 0.929508 -0.180504 -6.02265e-17 0.983574 0 -6.12323e-17 1 0.209697 -5.98709e-17 0.977766 0.0299178 -6.12049e-17 0.999552 0.396526 -5.62127e-17 0.918023 0.567944 -5.03983e-17 0.823067 0.717566 -4.26477e-17 0.69649 0.839707 -3.32516e-17 0.543039 0.929497 -2.25842e-17 0.368829 0.983593 -1.10465e-17 0.180403 -1.63425e-13 -1 -7.00705e-07 -6.52537e-08 -1 -3.28053e-07 4.73064e-07 -1 2.37825e-06 -8.54148e-14 -1 -3.66226e-07 1.01611e-06 -1 2.4531e-06 2.74397e-06 -1 6.62452e-06 4.09407e-06 -1 6.1272e-06 6.41656e-06 -1 9.60306e-06 8.30742e-06 -1 8.30741e-06 1.10267e-05 -1 1.10267e-05 1.31055e-05 -1 8.75684e-06 1.60249e-05 -1 1.07075e-05 1.79609e-05 -1 7.43965e-06 2.08571e-05 -1 8.63929e-06 2.22706e-05 -1 4.4299e-06 2.47711e-05 -1 4.92728e-06 2.5368e-05 -1 2.27374e-13 2.74159e-05 -1 2.27374e-13 2.6972e-05 -1 -5.36505e-06 2.88984e-05 -1 -5.74826e-06 2.73183e-05 -1 -1.13156e-05 2.90944e-05 -1 -1.20513e-05 2.62507e-05 -1 -1.75402e-05 2.73974e-05 -1 -1.83063e-05 2.3336e-05 -1 -2.3336e-05 2.40747e-05 -1 -2.40747e-05 1.89424e-05 -1 -2.83493e-05 1.95228e-05 -1 -2.9218e-05 1.34675e-05 -1 -3.25135e-05 1.38034e-05 -1 -3.33243e-05 7.04311e-06 -1 -3.54082e-05 7.17763e-06 -1 -3.60845e-05 -1.10328e-11 -1 -3.68254e-05 -1.12498e-11 -1 -3.73478e-05 -7.28934e-06 -1 -3.66459e-05 -7.32195e-06 -1 -3.68098e-05 -1.43626e-05 -1 -3.46745e-05 -1.44666e-05 -1 -3.49254e-05 -2.10166e-05 -1 -3.14536e-05 -2.11675e-05 -1 -3.16794e-05 -2.69409e-05 -1 -2.69409e-05 -2.69335e-05 -1 -2.69335e-05 -3.16702e-05 -1 -2.11613e-05 -3.15834e-05 -1 -2.11033e-05 -3.50855e-05 -1 -1.45328e-05 -3.49986e-05 -1 -1.44969e-05 -3.71536e-05 -1 -7.39028e-06 -3.71588e-05 -1 -7.3913e-06 -3.78814e-05 -1 3.52429e-11 -3.78919e-05 -1 3.52429e-11 1.75182e-06 -1 -1.63425e-12 1.53851e-06 -1 -3.0603e-07 1.45649e-06 -1 -2.89715e-07 1.41732e-06 -1 -1.32221e-12 1.37932e-06 -1 -5.71333e-07 1.30205e-06 -1 -5.3933e-07 1.15864e-06 -1 -7.7418e-07 1.43675e-06 -1 -9.6001e-07 1.25551e-06 -1 -1.25551e-06 1.31464e-06 -1 -1.31464e-06 1.01086e-06 -1 -1.51287e-06 6.85664e-07 -1 -1.02617e-06 4.66224e-07 -1 -1.12557e-06 3.38223e-07 -1 -8.16546e-07 1.69326e-07 -1 -8.51267e-07 1.36699e-07 -1 -6.87239e-07 1.17163e-17 -1 -2.33052e-18 1.25492e-23 -1 -2.57188e-30 1.25492e-23 -1 -2.57188e-30 1.17163e-17 -1 -2.33052e-18 2.16489e-17 -1 -8.96728e-18 2.16489e-17 -1 -8.96727e-18 -1.43238e-06 -1 -2.1437e-06 2.82857e-17 -1 -1.88999e-17 -7.38293e-06 -1 -7.38293e-06 -2.00839e-06 -1 -2.00839e-06 -1.63126e-05 -1 -1.08997e-05 -9.10646e-06 -1 -6.08474e-06 -2.40938e-05 -1 -9.97997e-06 -1.8469e-05 -1 -7.65009e-06 -2.93098e-05 -1 -5.83009e-06 -2.58232e-05 -1 -5.13655e-06 -3.03982e-05 -1 -2.27374e-13 -2.99983e-05 -1 -2.27374e-13 -2.72146e-05 -1 5.41332e-06 -2.97424e-05 -1 5.91613e-06 -2.04912e-05 -1 8.48772e-06 -2.54591e-05 -1 1.05455e-05 -1.05681e-05 -1 7.0614e-06 -1.81438e-05 -1 1.21233e-05 -2.424e-06 -1 2.424e-06 -8.58437e-06 -1 8.58437e-06 -2.82857e-17 -1 -1.88999e-17 -1.72876e-06 -1 2.58728e-06 -2.16489e-17 -1 -8.96726e-18 -2.16489e-17 -1 -8.96726e-18 -1.17163e-17 -1 -2.33051e-18 -1.17163e-17 -1 -2.33051e-18 1.80942e-23 -1 -5.34684e-30 1.80942e-23 -1 -5.34684e-30 1.17163e-17 -1 -2.33053e-18 1.17163e-17 -1 -2.33053e-18 2.16489e-17 -1 -8.96729e-18 2.16489e-17 -1 -8.96729e-18 4.4455e-07 -1 6.65316e-07 2.82857e-17 -1 -1.88999e-17 1.62913e-06 -1 1.62912e-06 6.23262e-07 -1 6.23261e-07 3.15092e-06 -1 2.10537e-06 1.9682e-06 -1 1.3151e-06 4.64387e-06 -1 1.92355e-06 3.57614e-06 -1 1.48128e-06 5.4885e-06 -1 1.09173e-06 4.96536e-06 -1 9.87667e-07 5.79197e-06 -1 -5.05906e-12 5.43637e-06 -1 -4.78858e-12 3.16342e-06 -1 -6.29246e-07 3.50265e-06 -1 -3.06954e-12 3.49154e-06 -1 -3.06954e-12 3.43045e-06 -1 -6.82362e-07 2.2659e-06 -1 -9.38569e-07 2.95378e-06 -1 -1.2235e-06 1.14049e-06 -1 -7.62055e-07 1.9998e-06 -1 -1.33623e-06 2.76991e-07 -1 -2.76991e-07 9.29205e-07 -1 -9.29207e-07 -2.82856e-17 -1 -1.88998e-17 1.97573e-07 -1 -2.95689e-07 -2.16488e-17 -1 -8.9672e-18 -2.16488e-17 -1 -8.9672e-18 -1.17162e-17 -1 -2.33049e-18 -1.17162e-17 -1 -2.33049e-18 1 -1.32844e-23 2.16951e-07 1 6.37125e-23 -1.0405e-06 1 -2.64042e-23 4.31214e-07 1 7.36071e-23 -1.20209e-06 1 4.96227e-23 -8.104e-07 1 -2.64667e-23 4.32235e-07 1 -1.19097e-22 1.945e-06 1 -1.32331e-23 2.16114e-07 1 -6.61626e-23 1.08052e-06 1 0 0 1 6.61626e-23 -1.08052e-06 1 -1.19097e-22 1.94501e-06 1 -3.30839e-23 5.40301e-07 1 3.96993e-23 -6.48338e-07 1 -2.97739e-23 4.86244e-07 1 -7.11265e-23 1.16158e-06 1 -4.7999e-23 7.83883e-07 1 2.64042e-23 -4.31214e-07 1 3.05702e-23 -4.99249e-07 1 -1.18271e-22 1.9315e-06 1 -2.31613e-23 3.78252e-07 1 3.10971e-22 -5.07854e-06 1 1.05861e-22 -1.72883e-06 1 -1.32366e-23 2.1617e-07 1 -1.85268e-22 3.02565e-06 1 -2.77895e-22 4.53838e-06 1 1.58797e-22 -2.59335e-06 1 -3.96981e-23 6.48319e-07 1 -6.61688e-23 1.08062e-06 1 -9.92513e-23 1.6209e-06 1 -1.65413e-22 2.7014e-06 1 1.41427e-22 -2.30968e-06 1 4.88264e-23 -7.97395e-07 1 -7.8964e-09 -0.000143406 1 -1.58149e-08 -0.000450313 1 -1.58149e-08 -0.000480705 1 -7.89356e-09 -0.000178857 1 -7.9601e-09 -0.000661167 1 -7.9617e-09 -0.000681113 1 4.5482e-20 -0.000742777 1 4.57757e-20 -0.000747574 1 4.00695e-20 -0.000654385 1 3.98628e-20 -0.000651009 1 3.13845e-20 -0.000512548 1 3.12002e-20 -0.000509537 1 2.09902e-20 -0.000342795 1 2.08824e-20 -0.000341035 1 1.13842e-20 -0.000185918 1 1.13469e-20 -0.00018531 1 3.77421e-21 -6.16376e-05 1 3.7755e-21 -6.16586e-05 1 -2.87659e-21 4.69782e-05 1 -2.83276e-21 4.62625e-05 1 -8.0114e-21 0.000130836 1 -7.71126e-21 0.000125934 1 -7.65537e-21 0.000125022 1 -6.97957e-21 0.000113985 1 -3.35484e-21 5.47887e-05 1 -2.18937e-21 3.57551e-05 1 5.6239e-21 -9.18453e-05 1 7.47815e-21 -0.000122127 1 2.0699e-20 -0.00033804 1 2.30454e-20 -0.00037636 1 3.86674e-20 -0.000631487 1 4.12815e-20 -0.000674178 1 5.88691e-20 -0.000961405 1 6.13462e-20 -0.00100186 0.999999 7.6668e-20 -0.00125208 0.999999 7.83856e-20 -0.00128013 0.999999 8.7722e-20 -0.00143261 0.999999 8.82894e-20 -0.00144187 0.999999 8.71522e-20 -0.0014233 0.999999 8.71468e-20 -0.00142321 0.999999 8.21924e-20 -0.0013423 0.999999 8.20624e-20 -0.00134018 0.999999 6.87353e-20 -0.00112253 0.999999 6.8494e-20 -0.00111859 1 4.81212e-20 -0.000785879 1 4.78799e-20 -0.000781939 1 2.05947e-20 -0.000336337 1 2.04449e-20 -0.00033389 1 -8.63689e-21 0.000141051 1 -8.61636e-21 0.000140716 1 -3.39581e-20 0.000554578 1 -3.38558e-20 0.000552908 1 -5.11754e-20 0.000835758 1 -5.0857e-20 0.000830558 1 -5.71434e-20 0.000933222 1 -5.66134e-20 0.000924566 1 -5.59951e-20 0.000914469 1 -5.5412e-20 0.000904946 1 -4.9857e-20 0.000814226 1 -4.88011e-20 0.000796982 1 -3.48145e-20 0.000568565 1 -3.29937e-20 0.000538828 1 -1.32415e-20 0.000216251 1 -1.10442e-20 0.000180365 1 -6.23492e-23 1.01824e-06 1 -4.25782e-23 6.95354e-07 1 -8.75607e-24 1.42997e-07 1 -5.88169e-23 9.60552e-07 1 -1.40373e-22 2.29246e-06 1 -4.15193e-23 6.78062e-07 1 -5.92978e-24 9.68408e-08 1 -1.23566e-23 2.01799e-07 1 2.9408e-23 -4.80269e-07 1 2.47137e-25 -4.03604e-09 1 -2.96551e-23 4.84305e-07 1 -1.36416e-22 2.22783e-06 1 -2.76763e-23 4.51989e-07 1 1.5619e-22 -2.55077e-06 1 5.14059e-23 -8.39522e-07 1 2.96577e-23 -4.84346e-07 1 8.55084e-23 -1.39646e-06 1 2.87671e-23 -4.69803e-07 1 6.13891e-23 -1.00256e-06 1 1.77439e-22 -2.8978e-06 1 1.97706e-22 -3.22878e-06 1 4.84386e-23 -7.91062e-07 1 9.3908e-23 -1.53363e-06 1 -9.58872e-23 1.56596e-06 1 -1.55641e-23 2.54181e-07 1 3.70766e-23 -6.05507e-07 1 -1.49018e-22 2.43365e-06 1 2.76788e-23 -4.5203e-07 1 -3.16337e-23 5.16618e-07 1 -2.27362e-23 3.71311e-07 1 -1.35425e-22 2.21167e-06 1 -2.15496e-22 3.51932e-06 1 -8.15546e-23 1.33189e-06 </float_array>
          <technique_common>
            <accessor count="493" offset="0" source="#meshId1-tangents-array" stride="3">
              <param name="X" type="float" />
              <param name="Y" type="float" />
              <param name="Z" type="float" />
            </accessor>
          </technique_common>
        </source>
        <source id="meshId1-bitangents" name="meshId1-bitangents">
          <float_array id="meshId1-bitangents-array" count="1479"> 0.19509 0.000305346 0.980785 0.19509 0.000343311 0.980785 1.12004e-06 0.000571667 1 -7.48283e-07 0.000541946 1 0.382684 0.000103714 0.923879 0.382684 0.000134269 0.923879 0.55557 -5.055e-05 0.83147 0.55557 -2.30019e-05 0.83147 0.707107 -0.000217639 0.707107 0.707107 -0.000192376 0.707107 0.83147 -0.000339776 0.55557 0.83147 -0.000322149 0.55557 0.92388 -0.000418774 0.382683 0.92388 -0.000407264 0.382683 0.980785 -0.000468606 0.19509 0.980785 -0.000463611 0.19509 1 -0.000468234 -2.86711e-20 1 -0.000472432 -2.89281e-20 0.980785 -0.000412259 -0.19509 0.980785 -0.00042337 -0.19509 0.92388 -0.000330255 -0.382683 0.92388 -0.000348646 -0.382683 0.83147 -0.000185251 -0.55557 0.83147 -0.000214361 -0.55557 0.707107 1.876e-05 -0.707107 0.707107 -1.72322e-05 -0.707107 0.55557 0.000243377 -0.83147 0.55557 0.000201672 -0.83147 0.382683 0.000516282 -0.92388 0.382683 0.00046696 -0.92388 0.19509 0.000823878 -0.980785 0.19509 0.000773064 -0.980785 -2.81202e-07 0.00111268 -0.999999 -2.81202e-07 0.00106134 -0.999999 -0.195091 0.00141834 -0.980784 -0.195091 0.00137408 -0.980784 -0.382683 0.00161432 -0.923878 -0.382683 0.0015867 -0.923878 -0.55557 0.00172723 -0.831468 -0.55557 0.00171391 -0.831468 -0.707106 0.00176188 -0.707105 -0.707106 0.00175663 -0.707105 -0.831469 0.00178602 -0.555569 -0.831469 0.00178298 -0.555569 -0.923878 0.00179575 -0.382682 -0.923878 0.00179433 -0.382682 -0.980784 0.00180198 -0.195089 -0.980784 0.00180132 -0.195089 -0.999998 0.00180293 8.43605e-07 -0.999998 0.00180276 8.43605e-07 -0.980785 0.000748284 0.195091 -0.980785 0.000749786 0.195091 -1 0.000757897 8.43606e-07 -1 0.000756402 8.43606e-07 -0.923879 0.000740872 0.382684 -0.923879 0.000740878 0.382684 -0.831469 0.000752038 0.555571 -0.831469 0.000748239 0.555571 -0.707106 0.000783422 0.707107 -0.707106 0.000781899 0.707107 -0.555569 0.000766671 0.83147 -0.555569 0.000768965 0.83147 -0.382682 0.000751423 0.92388 -0.382682 0.000759796 0.92388 -0.195089 0.000661205 0.980785 -0.195089 0.000678121 0.980785 -0.192438 -0.0046569 -0.981298 0.00270908 -0.0046694 -0.999986 -0.0026118 -0.00471173 -0.999986 -0.197657 -0.00472505 -0.98026 -0.380191 -0.00464027 -0.924896 -0.385106 -0.00474013 -0.92286 -0.553325 -0.00463761 -0.832952 -0.557747 -0.00473931 -0.829998 -0.70517 -0.00469634 -0.709023 -0.708933 -0.00468342 -0.705261 -0.829953 -0.00466698 -0.557813 -0.83291 -0.00471579 -0.553388 -0.922829 -0.00467058 -0.385181 -0.924865 -0.0047096 -0.380266 -0.980241 -0.00468188 -0.197752 -0.981279 -0.00469991 -0.192532 -0.999986 -0.00466498 -0.00270637 -0.999986 -0.00471274 0.0026125 -0.981306 -0.00473191 0.192395 -0.980268 -0.00465119 0.197616 -0.924901 -0.00466116 0.380179 -0.922864 -0.00472319 0.385097 -0.832961 -0.00466302 0.553313 -0.830004 -0.00471967 0.557737 -0.708996 -0.00462992 0.705197 -0.705235 -0.00474814 0.708958 -0.557823 -0.00468728 0.829947 -0.5534 -0.00469147 0.832902 -0.385185 -0.0046784 0.922827 -0.380269 -0.00470294 0.924864 -0.197746 -0.00467204 0.980242 -0.192527 -0.00470942 0.98128 -0.00270565 -0.00466421 0.999985 0.00261515 -0.00471701 0.999986 0.192441 -0.0046517 0.981297 0.197659 -0.00472824 0.98026 0.380168 -0.00468323 0.924906 0.385084 -0.00469804 0.922869 0.553324 -0.00464109 0.832953 0.557747 -0.00473927 0.829998 0.705171 -0.00469494 0.709022 0.708934 -0.00468475 0.70526 0.829953 -0.00466755 0.557813 0.83291 -0.00471511 0.553388 0.922829 -0.0046709 0.385181 0.924866 -0.00471394 0.380263 0.980251 -0.00459651 0.197702 0.981288 -0.00478305 0.192486 0.999942 -0.00932532 0.00540921 1 3.62296e-07 -6.49965e-07 0.981297 -0.00464781 -0.192444 1 -3.71347e-07 -6.35985e-07 0.999942 -0.0094396 -0.00523368 0.980259 -0.00472812 -0.197659 0.924917 -0.0047365 -0.38014 0.922881 -0.0046453 -0.385058 0.832961 -0.00466719 -0.553312 0.830003 -0.00471963 -0.557739 0.708995 -0.00463039 -0.705198 0.705235 -0.00474772 -0.708958 0.557822 -0.00468777 -0.829947 0.553399 -0.00469065 -0.832903 0.385187 -0.00468397 -0.922827 0.380271 -0.00469747 -0.924863 0.197745 -0.00467275 -0.980242 0.192526 -0.00470874 -0.981281 -0.192639 -0.000660148 -0.981269 0.00250926 -0.000663184 -0.999997 0.19755 -0.00066299 -0.980293 0.385011 -0.000666402 -0.922912 0.557655 -0.000663489 -0.830072 0.708866 -0.000658534 -0.705343 0.83285 -0.000658125 -0.553498 0.92485 -0.00067237 -0.380332 0.981271 -0.000662792 -0.19263 0.999942 0.00274148 -0.0103766 0.999873 -0.00406862 0.0153977 0.980299 -0.000654083 0.197516 0.922926 -0.000656351 0.384976 0.830102 -0.000649199 0.557611 0.705324 -0.000665493 0.708885 0.553493 -0.000659637 0.832854 0.38037 -0.000661425 0.924834 0.192643 -0.000659104 0.981269 -0.00250364 -0.000661584 0.999997 -0.197553 -0.000663888 0.980292 -0.385007 -0.00066486 0.922913 -0.557658 -0.000663877 0.830071 -0.708869 -0.00065925 0.70534 -0.832883 -0.000673294 0.553449 -0.924838 -0.000663631 0.380362 -0.981276 -0.000668768 0.192607 -0.999997 -0.000663818 -0.00251236 -0.980281 -0.000677675 -0.197605 -0.922924 -0.000657491 -0.384981 -0.830102 -0.000649065 -0.557611 -0.705322 -0.000666045 -0.708887 -0.55349 -0.000660494 -0.832856 -0.380391 -0.000655182 -0.924826 0.00878526 0.00513238 -0.999948 -0.186485 0.00511969 -0.982445 -0.374593 0.00510271 -0.927175 -0.548282 0.00510031 -0.836278 -0.700826 0.00515853 -0.713314 -0.826548 0.00512974 -0.562843 -0.920469 0.00513318 -0.390782 -0.979016 0.00514443 -0.203718 -0.999948 0.0051277 -0.00877796 -0.982468 0.00519395 0.186359 -0.927189 0.0051242 0.374559 -0.836302 0.0051257 0.548246 -0.713236 0.00509286 0.700906 -0.562871 0.00514956 0.826529 -0.390794 0.00514096 0.920464 -0.203701 0.00513496 0.97902 -0.00877633 0.00512691 0.999948 0.186494 0.00511408 0.982443 0.374526 0.00514595 0.927202 0.548277 0.00510406 0.836281 0.700828 0.00515682 0.713312 0.826548 0.00513037 0.562843 0.920469 0.00513352 0.390782 0.979046 0.00506014 0.203575 0.999793 0.0102525 0.0175501 1 3.77403e-07 -2.20465e-07 0.982442 0.00511023 -0.186501 0.927236 0.00519845 -0.374443 0.836305 0.0051301 -0.548241 0.713235 0.00509331 -0.700906 0.562871 0.00515011 -0.826529 0.390802 0.00514653 -0.920461 0.203701 0.0051354 -0.97902 -0.209718 5.98707e-17 -0.977762 -0.0149448 6.12255e-17 -0.999888 -0.396443 5.62149e-17 -0.918059 -0.567901 5.04001e-17 -0.823097 -0.717633 4.26435e-17 -0.696422 -0.839735 3.3249e-17 -0.542997 -0.929508 2.25827e-17 -0.368803 -0.983574 1.10527e-17 -0.180504 -0.999888 -9.15603e-19 0.0149529 -0.977741 -1.28475e-17 0.209816 -0.918076 -2.42727e-17 0.396404 -0.823132 -3.47708e-17 0.56785 -0.69649 -4.39383e-17 0.717566 -0.543045 -5.1417e-17 0.839704 -0.36883 -5.69153e-17 0.929497 -0.180411 -6.02276e-17 0.983591 0.0149448 -6.12255e-17 0.999888 0.20972 -5.98706e-17 0.977761 0.39649 -5.62137e-17 0.918039 0.567902 -5.04001e-17 0.823096 0.717633 -4.26435e-17 0.696421 0.839735 -3.32489e-17 0.542996 0.929508 -2.25827e-17 0.368803 0.983574 -1.10527e-17 0.180504 1 0 -0 0.977766 1.28403e-17 -0.209697 0.999552 1.83193e-18 -0.0299178 0.918023 2.42802e-17 -0.396526 0.823067 3.47765e-17 -0.567944 0.69649 4.39382e-17 -0.717566 0.543039 5.14172e-17 -0.839707 0.368829 5.69153e-17 -0.929497 0.180403 6.02277e-17 -0.983593 2.33541e-07 -7.00705e-07 1 0.19509 -3.3448e-07 0.980785 0.19509 2.42485e-06 0.980785 2.33541e-07 -3.66226e-07 1 0.382684 2.65521e-06 0.923879 0.382684 7.17033e-06 0.92388 0.55557 7.36913e-06 0.83147 0.55557 1.15495e-05 0.83147 0.707107 1.17485e-05 0.707107 0.707107 1.55941e-05 0.707107 0.83147 1.57619e-05 0.55557 0.83147 1.9273e-05 0.55557 0.92388 1.94407e-05 0.382684 0.92388 2.25755e-05 0.382684 0.980785 2.27069e-05 0.19509 0.980785 2.52564e-05 0.19509 1 2.5368e-05 9.53227e-09 1 2.74159e-05 9.53227e-09 0.980785 2.75004e-05 -0.19509 0.980785 2.94646e-05 -0.19509 0.92388 2.95691e-05 -0.382683 0.92388 3.14916e-05 -0.382683 0.83147 3.15715e-05 -0.55557 0.83147 3.29506e-05 -0.55557 0.707107 3.30021e-05 -0.707107 0.707107 3.40468e-05 -0.707107 0.55557 3.40954e-05 -0.83147 0.55557 3.51401e-05 -0.83147 0.382683 3.51923e-05 -0.92388 0.382683 3.60699e-05 -0.92388 0.19509 3.61019e-05 -0.980785 0.19509 3.67914e-05 -0.980785 -3.00267e-07 3.68254e-05 -1 -3.00267e-07 3.73478e-05 -1 -0.195091 3.73638e-05 -0.980785 -0.195091 3.7531e-05 -0.980785 -0.382684 3.75314e-05 -0.923879 -0.382684 3.7803e-05 -0.923879 -0.555571 3.78289e-05 -0.831469 -0.555571 3.81005e-05 -0.831469 -0.707107 3.81002e-05 -0.707106 -0.707107 3.80898e-05 -0.707106 -0.83147 3.80894e-05 -0.55557 -0.83147 3.7985e-05 -0.55557 -0.92388 3.79762e-05 -0.382683 -0.92388 3.78822e-05 -0.382683 -0.980786 3.78815e-05 -0.195089 -0.980786 3.78867e-05 -0.195089 -1 3.78814e-05 9.29397e-07 -1 3.78919e-05 9.29397e-07 -1 -1.75182e-06 9.29397e-07 -0.980785 -1.56865e-06 0.195091 -0.980785 -1.48502e-06 0.195091 -1 -1.41732e-06 9.29397e-07 -0.923879 -1.49296e-06 0.382684 -0.923879 -1.40933e-06 0.382684 -0.831469 -1.39348e-06 0.555571 -0.831469 -1.72797e-06 0.555571 -0.707106 -1.77556e-06 0.707108 -0.707106 -1.85918e-06 0.707108 -0.555569 -1.81951e-06 0.83147 -0.555569 -1.23416e-06 0.83147 -0.382682 -1.21831e-06 0.92388 -0.382682 -8.83823e-07 0.92388 -0.195089 -8.67944e-07 0.980786 -0.195089 -7.00703e-07 0.980785 -0.19509 2.06795e-25 -0.980785 -2.04944e-07 0 -1 -2.04944e-07 -1.88079e-37 -1 -0.19509 0 -0.980785 -0.382684 0 -0.92388 -0.382684 8.27181e-25 -0.92388 -0.55557 2.57821e-06 -0.83147 -0.55557 -1.65436e-24 -0.83147 -0.707107 1.0441e-05 -0.707107 -0.707107 2.84029e-06 -0.707107 -0.83147 1.9619e-05 -0.55557 -0.83147 1.09522e-05 -0.55557 -0.923879 2.60789e-05 -0.382683 -0.923879 1.99907e-05 -0.382683 -0.980785 2.9884e-05 -0.19509 -0.980785 2.63291e-05 -0.19509 -1 3.03982e-05 -4.76614e-09 -1 2.99983e-05 -4.76614e-09 -0.980785 2.77478e-05 0.19509 -0.980785 3.03251e-05 0.19509 -0.92388 2.21795e-05 0.382683 -0.92388 2.75567e-05 0.382683 -0.83147 1.27102e-05 0.55557 -0.83147 2.18214e-05 0.55557 -0.707107 3.42805e-06 0.707107 -0.707107 1.21401e-05 0.707107 -0.55557 -1.65436e-24 0.83147 -0.55557 3.11169e-06 0.83147 -0.382683 0 0.92388 -0.382683 8.27181e-25 0.92388 -0.19509 2.06795e-25 0.980785 -0.19509 2.06795e-25 0.980785 2.955e-07 -7.52316e-37 1 2.95501e-07 -3.76158e-37 1 0.195091 2.06795e-25 0.980785 0.195091 0 0.980785 0.382684 0 0.923879 0.382684 0 0.923879 0.55557 8.00169e-07 0.831469 0.55557 1.65436e-24 0.831469 0.707107 2.30393e-06 0.707106 0.707107 8.81425e-07 0.707106 0.83147 3.78958e-06 0.55557 0.83147 2.36713e-06 0.55557 0.92388 5.02648e-06 0.382683 0.92388 3.87078e-06 0.382683 0.980785 5.59603e-06 0.195089 0.980785 5.06264e-06 0.195089 1 5.79197e-06 -8.76969e-07 1 5.43637e-06 -8.76969e-07 0.980785 3.22539e-06 -0.195091 1 3.50265e-06 -8.76969e-07 1 3.49154e-06 -8.76969e-07 0.980785 3.49765e-06 -0.195091 0.923879 2.45259e-06 -0.382684 0.923879 3.19714e-06 -0.382684 0.831469 1.37166e-06 -0.555571 0.831469 2.40514e-06 -0.555571 0.707106 3.91725e-07 -0.707108 0.707106 1.3141e-06 -0.707108 0.555569 0 -0.83147 0.555569 3.55622e-07 -0.83147 0.382682 0 -0.92388 0.382682 0 -0.92388 0.195089 -2.06795e-25 -0.980786 0.195089 2.06795e-25 -0.980786 -2.16951e-07 -6.12323e-17 1 1.0405e-06 -6.12323e-17 1 -4.31214e-07 -6.12323e-17 1 1.20209e-06 -6.12323e-17 1 8.104e-07 -6.12323e-17 1 -4.32235e-07 -6.12323e-17 1 -1.945e-06 -6.12323e-17 1 -2.16114e-07 -6.12323e-17 1 -1.08052e-06 -6.12323e-17 1 0 -6.12323e-17 1 1.08052e-06 -6.12323e-17 1 -1.94501e-06 -6.12323e-17 1 -5.40301e-07 -6.12323e-17 1 6.48338e-07 -6.12323e-17 1 -4.86244e-07 -6.12323e-17 1 -1.16158e-06 -6.12323e-17 1 -7.83883e-07 -6.12323e-17 1 4.31214e-07 -6.12323e-17 1 4.99249e-07 -6.12323e-17 1 -1.9315e-06 -6.12323e-17 1 -3.78252e-07 -6.12323e-17 1 5.07854e-06 -6.12323e-17 1 1.72883e-06 -6.12323e-17 1 -2.1617e-07 -6.12323e-17 1 -3.02565e-06 -6.12323e-17 1 -4.53838e-06 -6.12323e-17 1 2.59335e-06 -6.12323e-17 1 -6.48319e-07 -6.12323e-17 1 -1.08062e-06 -6.12323e-17 1 -1.6209e-06 -6.12323e-17 1 -2.7014e-06 -6.12323e-17 1 2.30968e-06 -6.12323e-17 1 7.97395e-07 -6.12323e-17 1 -0.000143406 8.02869e-08 -1 -0.000450313 5.53798e-12 -1 -0.000480705 8.21998e-12 -1 -0.000178857 8.02872e-08 -1 -0.000661167 -8.02811e-08 -1 -0.000681113 -8.02809e-08 -1 -0.000742777 6.12323e-17 -1 -0.000747574 6.12323e-17 -1 -0.000654385 6.12323e-17 -1 -0.000651009 6.12323e-17 -1 -0.000512548 6.12323e-17 -1 -0.000509537 6.12323e-17 -1 -0.000342795 6.12323e-17 -1 -0.000341035 6.12323e-17 -1 -0.000185918 6.12323e-17 -1 -0.00018531 6.12323e-17 -1 -6.16376e-05 6.12323e-17 -1 -6.16586e-05 6.12323e-17 -1 4.69782e-05 6.12323e-17 -1 4.62625e-05 6.12323e-17 -1 0.000130836 6.12323e-17 -1 0.000125934 6.12323e-17 -1 0.000125022 6.12323e-17 -1 0.000113985 6.12323e-17 -1 5.47887e-05 6.12323e-17 -1 3.57551e-05 6.12323e-17 -1 -9.18453e-05 6.12323e-17 -1 -0.000122127 6.12323e-17 -1 -0.00033804 6.12323e-17 -1 -0.00037636 6.12323e-17 -1 -0.000631487 6.12323e-17 -1 -0.000674178 6.12323e-17 -1 -0.000961405 6.12323e-17 -1 -0.00100186 6.12323e-17 -1 -0.00125208 6.12323e-17 -0.999999 -0.00128013 6.12323e-17 -0.999999 -0.00143261 6.12323e-17 -0.999999 -0.00144187 6.12323e-17 -0.999999 -0.0014233 6.12323e-17 -0.999999 -0.00142321 6.12323e-17 -0.999999 -0.0013423 6.12323e-17 -0.999999 -0.00134018 6.12323e-17 -0.999999 -0.00112253 6.12323e-17 -0.999999 -0.00111859 6.12323e-17 -0.999999 -0.000785879 6.12323e-17 -1 -0.000781939 6.12323e-17 -1 -0.000336337 6.12323e-17 -1 -0.00033389 6.12323e-17 -1 0.000141051 6.12323e-17 -1 0.000140716 6.12323e-17 -1 0.000554578 6.12323e-17 -1 0.000552908 6.12323e-17 -1 0.000835758 6.12323e-17 -1 0.000830558 6.12323e-17 -1 0.000933222 6.12323e-17 -1 0.000924566 6.12323e-17 -1 0.000914469 6.12323e-17 -1 0.000904946 6.12323e-17 -1 0.000814226 6.12323e-17 -1 0.000796982 6.12323e-17 -1 0.000568565 6.12323e-17 -1 0.000538828 6.12323e-17 -1 0.000216251 6.12323e-17 -1 0.000180365 6.12323e-17 -1 1.01824e-06 6.12323e-17 -1 6.95354e-07 6.12323e-17 -1 1.42997e-07 6.12323e-17 -1 9.60552e-07 6.12323e-17 -1 2.29246e-06 6.12323e-17 -1 6.78062e-07 6.12323e-17 -1 9.68408e-08 6.12323e-17 -1 2.01799e-07 6.12323e-17 -1 -4.80269e-07 6.12323e-17 -1 -4.03604e-09 6.12323e-17 -1 4.84305e-07 6.12323e-17 -1 2.22783e-06 6.12323e-17 -1 4.51989e-07 6.12323e-17 -1 -2.55077e-06 6.12323e-17 -1 -8.39522e-07 6.12323e-17 -1 -4.84346e-07 6.12323e-17 -1 -1.39646e-06 6.12323e-17 -1 -4.69803e-07 6.12323e-17 -1 -1.00256e-06 6.12323e-17 -1 -2.8978e-06 6.12323e-17 -1 -3.22878e-06 6.12323e-17 -1 -7.91062e-07 6.12323e-17 -1 -1.53363e-06 6.12323e-17 -1 1.56596e-06 6.12323e-17 -1 2.54181e-07 6.12323e-17 -1 -6.05507e-07 6.12323e-17 -1 2.43365e-06 6.12323e-17 -1 -4.5203e-07 6.12323e-17 -1 5.16618e-07 6.12323e-17 -1 3.71311e-07 6.12323e-17 -1 2.21167e-06 6.12323e-17 -1 3.51932e-06 6.12323e-17 -1 1.33189e-06 6.12323e-17 -1 </float_array>
          <technique_common>
            <accessor count="493" offset="0" source="#meshId1-bitangents-array" stride="3">
              <param name="X" type="float" />
              <param name="Y" type="float" />
              <param name="Z" type="float" />
            </accessor>
          </technique_common>
        </source>
        <source id="meshId1-tex0" name="meshId1-tex0">
          <float_array id="meshId1-tex0-array" count="986"> 0.457886 0.56132 0.464718 0.561322 0.464712 0.585604 0.45787 0.5856 0.457896 0.537073 0.464719 0.537074 0.4579 0.512853 0.464717 0.512853 0.457899 0.488654 0.46471 0.488652 0.457894 0.464471 0.464701 0.464468 0.457885 0.440299 0.46469 0.440296 0.457875 0.416136 0.464677 0.416132 0.457863 0.391977 0.464665 0.391974 0.457851 0.367819 0.464653 0.367816 0.457841 0.34366 0.464644 0.343657 0.457833 0.319495 0.464638 0.319493 0.457829 0.295321 0.464636 0.295321 0.457829 0.271135 0.464641 0.271137 0.457836 0.246936 0.464652 0.246939 0.457849 0.22272 0.46467 0.222726 0.45787 0.198486 0.464696 0.198493 0.457899 0.174227 0.464731 0.174237 0.457935 0.14995 0.464772 0.149961 0.457976 0.125661 0.464816 0.125673 0.458019 0.101364 0.464861 0.101376 0.458064 0.0770632 0.464906 0.0770751 0.458109 0.0527607 0.464951 0.0527727 0.458154 0.0284569 0.464997 0.0284689 0.4582 0.00415292 0.465043 0.00416492 0.457724 0.756252 0.464595 0.756257 0.464576 0.78066 0.457705 0.780655 0.457743 0.731848 0.464614 0.731853 0.457763 0.707446 0.464633 0.707451 0.457783 0.683046 0.464652 0.683051 0.457804 0.658654 0.464669 0.658659 0.457826 0.634276 0.464686 0.634281 0.457848 0.609922 0.464701 0.609926 0.483276 0.222519 0.483276 0.198216 0.488882 0.198216 0.488882 0.222519 0.483276 0.24682 0.488882 0.24682 0.483276 0.271121 0.488882 0.271121 0.483276 0.295425 0.488882 0.295425 0.483276 0.319731 0.488882 0.319731 0.483276 0.344035 0.488882 0.344035 0.483276 0.368336 0.488882 0.368336 0.483276 0.392633 0.488882 0.392633 0.483276 0.416927 0.488882 0.416927 0.483276 0.441216 0.488882 0.441216 0.483276 0.465502 0.488882 0.465502 0.483276 0.489801 0.488882 0.489801 0.483276 0.51411 0.488882 0.51411 0.483276 0.538411 0.488882 0.538411 0.483276 0.562709 0.488882 0.562709 0.483276 0.587003 0.488882 0.587003 0.483276 0.611288 0.488882 0.611288 0.483276 0.635552 0.488882 0.635552 0.483276 0.659766 0.488882 0.659766 0.483276 0.683995 0.488882 0.683995 0.483276 0.708263 0.488882 0.708263 0.483276 0.732479 0.488882 0.732479 0.483276 0.756385 0.488882 0.756385 0.483276 0.780626 0.488882 0.780626 0.483276 0.0280458 0.483276 0.00430505 0.488882 0.00430505 0.488882 0.0280458 0.483276 0.0522567 0.488882 0.0522567 0.483276 0.0765439 0.488882 0.0765439 0.483276 0.100894 0.488882 0.100894 0.483276 0.125268 0.488882 0.125268 0.483276 0.149597 0.488882 0.149597 0.483276 0.17391 0.488882 0.17391 0.477548 0.222519 0.477548 0.198216 0.477548 0.17391 0.477548 0.149597 0.477548 0.125268 0.477548 0.100894 0.477548 0.0765439 0.477548 0.0522567 0.477548 0.0280458 0.477548 0.00430505 0.477548 0.780626 0.477548 0.756385 0.477548 0.732479 0.477548 0.708263 0.477548 0.683995 0.477548 0.659766 0.477548 0.635552 0.477548 0.611288 0.477548 0.587003 0.477548 0.562709 0.477548 0.538411 0.477548 0.51411 0.477548 0.489801 0.477548 0.465502 0.477548 0.441216 0.477548 0.416927 0.477548 0.392633 0.477548 0.368336 0.477548 0.344035 0.477548 0.319731 0.477548 0.295425 0.477548 0.271121 0.477548 0.24682 0.494338 0.198216 0.494338 0.222519 0.494338 0.24682 0.494338 0.271121 0.494338 0.295425 0.494338 0.319731 0.494338 0.344035 0.494338 0.368336 0.494338 0.392633 0.494338 0.416927 0.494338 0.441216 0.494338 0.465502 0.494338 0.489801 0.494338 0.51411 0.494338 0.538411 0.494338 0.562709 0.494338 0.587003 0.494338 0.611288 0.494338 0.635552 0.494338 0.659766 0.494338 0.683995 0.494338 0.708263 0.494338 0.732479 0.494338 0.756385 0.494338 0.780626 0.494338 0.00430505 0.494338 0.0280458 0.494338 0.0522567 0.494338 0.0765439 0.494338 0.100894 0.494338 0.125268 0.494338 0.149597 0.494338 0.17391 0.471275 0.222519 0.471275 0.198216 0.471275 0.24682 0.471275 0.271121 0.471275 0.295425 0.471275 0.319731 0.471275 0.344035 0.471275 0.368336 0.471275 0.392633 0.471275 0.416927 0.471275 0.441216 0.471275 0.465502 0.471275 0.489801 0.471275 0.51411 0.471275 0.538411 0.471275 0.562709 0.471275 0.587003 0.471275 0.611288 0.471275 0.635552 0.471275 0.659766 0.471275 0.683995 0.471275 0.708263 0.471275 0.732479 0.471275 0.756385 0.471275 0.780626 0.471275 0.0280458 0.471275 0.00430505 0.471275 0.0522567 0.471275 0.0765439 0.471275 0.100894 0.471275 0.125268 0.471275 0.149597 0.471275 0.17391 1.49804 0.586439 1.49804 0.562182 1.81546 0.562182 1.81546 0.586439 1.49804 0.537925 1.81546 0.537923 1.49804 0.513668 1.81546 0.513665 1.49804 0.489411 1.81546 0.489406 1.49804 0.465154 1.81546 0.465148 1.49804 0.440897 1.81546 0.44089 1.49804 0.41664 1.81546 0.416631 1.49804 0.392382 1.81545 0.392373 1.49803 0.368125 1.81545 0.368115 1.49803 0.343867 1.81545 0.343857 1.49803 0.31961 1.81545 0.319599 1.49803 0.295352 1.81545 0.295341 1.49803 0.271095 1.81545 0.271083 1.49803 0.246837 1.81545 0.246825 1.49803 0.22258 1.81545 0.222567 1.49803 0.198322 1.81545 0.198309 1.49803 0.174064 1.81545 0.174052 1.49803 0.149807 1.81544 0.149794 1.49803 0.125549 1.81544 0.125536 1.49802 0.101292 1.81544 0.101279 1.49802 0.0770341 1.81544 0.0770212 1.49802 0.0527766 1.81544 0.0527637 1.49802 0.028519 1.81544 0.0285061 1.49802 0.00426147 1.81544 0.00424858 1.49804 0.780498 1.49804 0.756241 1.81546 0.756241 1.81546 0.780499 1.49804 0.731983 1.81546 0.731984 1.49804 0.707726 1.81546 0.707726 1.49804 0.683468 1.81546 0.683469 1.49804 0.659211 1.81546 0.659212 1.49804 0.634954 1.81546 0.634954 1.49804 0.610697 1.81546 0.610697 0.497961 0.222577 0.497959 0.198318 0.815444 0.198318 0.815446 0.222577 0.497962 0.246835 0.815447 0.246835 0.497964 0.271093 0.815449 0.271093 0.497966 0.295352 0.815451 0.295351 0.497969 0.319612 0.815454 0.319607 0.497972 0.343872 0.815457 0.343864 0.497976 0.368131 0.815461 0.368121 0.49798 0.392389 0.815465 0.392379 0.497984 0.416647 0.815469 0.416637 0.497988 0.440904 0.815473 0.440896 0.497992 0.46516 0.815477 0.465154 0.497997 0.489416 0.815482 0.489414 0.498001 0.513673 0.815486 0.513673 0.498005 0.53793 0.81549 0.53793 0.498009 0.562187 0.815494 0.562187 0.498012 0.586445 0.815497 0.586445 0.498015 0.610702 0.8155 0.610702 0.498018 0.63496 0.815503 0.63496 0.49802 0.659218 0.815504 0.659218 0.498021 0.683476 0.815506 0.683475 0.498022 0.707734 0.815507 0.707733 0.498023 0.731992 0.815508 0.731991 0.498024 0.756251 0.815508 0.756249 0.498024 0.78051 0.815509 0.780508 0.497954 0.0285084 0.497954 0.00424969 0.815439 0.00424858 0.815439 0.0285073 0.497955 0.052767 0.815439 0.0527661 0.497955 0.0770256 0.81544 0.077025 0.497956 0.101284 0.81544 0.101284 0.497956 0.125543 0.815441 0.125543 0.497957 0.149801 0.815442 0.149801 0.497958 0.17406 0.815443 0.17406 0.141917 0.825403 0.267308 0.800461 0.269765 0.825403 0.260033 0.776478 0.248219 0.754375 0.232319 0.735001 0.212945 0.719101 0.190842 0.707287 0.166859 0.700012 0.141917 0.697555 0.116975 0.700012 0.0929918 0.707287 0.0708886 0.719101 0.0515149 0.735001 0.0356154 0.754375 0.023801 0.776478 0.0165257 0.800461 0.0140692 0.825403 0.0165257 0.850345 0.023801 0.874328 0.0356154 0.896431 0.051515 0.915805 0.0708886 0.931705 0.0929919 0.943519 0.116975 0.950795 0.141917 0.953251 0.166859 0.950794 0.190843 0.943519 0.212946 0.931705 0.232319 0.915805 0.248219 0.896431 0.260033 0.874328 0.267309 0.850345 0.268944 0.850804 0.271423 0.825546 0.276403 0.825544 0.273828 0.851775 0.268919 0.800284 0.273804 0.799309 0.26153 0.775991 0.266132 0.774081 0.249542 0.753603 0.253684 0.750832 0.233418 0.733979 0.23694 0.730454 0.213776 0.717874 0.216544 0.713729 0.19137 0.705905 0.193277 0.7013 0.16706 0.698534 0.168032 0.693645 0.141778 0.696044 0.141778 0.69106 0.116496 0.698531 0.115525 0.693643 0.0921884 0.705901 0.090282 0.701297 0.0697891 0.71787 0.0670213 0.713727 0.0501613 0.733979 0.0466385 0.730457 0.0340611 0.753605 0.029919 0.75084 0.0221082 0.775995 0.0175066 0.774093 0.0147616 0.800285 0.00987777 0.799318 0.0123032 0.825537 0.0073255 0.825544 0.0148257 0.850779 0.00994571 0.851757 0.0222253 0.875043 0.0176298 0.876954 0.0342166 0.8974 0.0300815 0.900171 0.050339 0.916994 0.0468226 0.920518 0.0699734 0.933074 0.0672101 0.937217 0.0923666 0.945027 0.0904624 0.949629 0.11666 0.952394 0.115688 0.957278 0.141923 0.954892 0.14192 0.959872 0.167186 0.952422 0.168153 0.957307 0.19148 0.945077 0.193381 0.949679 0.213871 0.933137 0.216633 0.937279 0.2335 0.917058 0.237017 0.920581 0.249609 0.897457 0.253746 0.900225 0.261578 0.875086 0.266177 0.876992 1.25886 0.825403 1.25661 0.848217 1.14192 0.825403 1.24996 0.870154 1.23915 0.890372 1.22461 0.908093 1.20689 0.922636 1.18667 0.933442 1.16473 0.940097 1.14192 0.942344 1.1191 0.940097 1.09717 0.933442 1.07695 0.922636 1.05923 0.908093 1.04468 0.890372 1.03388 0.870154 1.02722 0.848217 1.02498 0.825403 1.02722 0.802589 1.03388 0.780652 1.04468 0.760434 1.05923 0.742714 1.07695 0.728171 1.09717 0.717364 1.1191 0.71071 1.14192 0.708463 1.16473 0.71071 1.18667 0.717364 1.20689 0.728171 1.22461 0.742714 1.23915 0.760435 1.24996 0.780652 1.25661 0.802589 </float_array>
          <technique_common>
            <accessor count="493" offset="0" source="#meshId1-tex0-array" stride="2">
              <param name="S" type="float" />
              <param name="T" type="float" />
            </accessor>
          </technique_common>
        </source>
        <vertices id="meshId1-vertices">
          <input semantic="POSITION" source="#meshId1-positions" />
          <input semantic="NORMAL" source="#meshId1-normals" />
          <input semantic="TANGENT" source="#meshId1-tangents" />
          <input semantic="BINORMAL" source="#meshId1-bitangents" />
          <input semantic="TEXCOORD" source="#meshId1-tex0"  />
        </vertices>
        <polylist count="576" material="defaultMaterial">
          <input offset="0" semantic="VERTEX" source="#meshId1-vertices" />
          <vcount>3 3 3 3 3 3 3 3 3 3 3 3 3 3 3 3 3 3 3 3 3 3 3 3 3 3 3 3 3 3 3 3 3 3 3 3 3 3 3 3 3 3 3 3 3 3 3 3 3 3 3 3 3 3 3 3 3 3 3 3 3 3 3 3 3 3 3 3 3 3 3 3 3 3 3 3 3 3 3 3 3 3 3 3 3 3 3 3 3 3 3 3 3 3 3 3 3 3 3 3 3 3 3 3 3 3 3 3 3 3 3 3 3 3 3 3 3 3 3 3 3 3 3 3 3 3 3 3 3 3 3 3 3 3 3 3 3 3 3 3 3 3 3 3 3 3 3 3 3 3 3 3 3 3 3 3 3 3 3 3 3 3 3 3 3 3 3 3 3 3 3 3 3 3 3 3 3 3 3 3 3 3 3 3 3 3 3 3 3 3 3 3 3 3 3 3 3 3 3 3 3 3 3 3 3 3 3 3 3 3 3 3 3 3 3 3 3 3 3 3 3 3 3 3 3 3 3 3 3 3 3 3 3 3 3 3 3 3 3 3 3 3 3 3 3 3 3 3 3 3 3 3 3 3 3 3 3 3 3 3 3 3 3 3 3 3 3 3 3 3 3 3 3 3 3 3 3 3 3 3 3 3 3 3 3 3 3 3 3 3 3 3 3 3 3 3 3 3 3 3 3 3 3 3 3 3 3 3 3 3 3 3 3 3 3 3 3 3 3 3 3 3 3 3 3 3 3 3 3 3 3 3 3 3 3 3 3 3 3 3 3 3 3 3 3 3 3 3 3 3 3 3 3 3 3 3 3 3 3 3 3 3 3 3 3 3 3 3 3 3 3 3 3 3 3 3 3 3 3 3 3 3 3 3 3 3 3 3 3 3 3 3 3 3 3 3 3 3 3 3 3 3 3 3 3 3 3 3 3 3 3 3 3 3 3 3 3 3 3 3 3 3 3 3 3 3 3 3 3 3 3 3 3 3 3 3 3 3 3 3 3 3 3 3 3 3 3 3 3 3 3 3 3 3 3 3 3 3 3 3 3 3 3 3 3 3 3 3 3 3 3 3 3 3 3 3 3 3 3 3 3 3 3 3 3 3 3 3 3 3 3 3 3 3 3 3 3 3 3 3 3 3 3 3 3 3 3 3 3 3 3 3 3 3 3 3 3 3 3 3 3 3 3 3 3 3 3 3 3 3 3 3 3 3 3 3 3 3 3 3 3 3 3 3 3 3 3 3 3 3 3 3 3 3 3 3 3 3 3 3 3 3 3 3 3 3 3 3 3 3 3 3 3 3 3 3 </vcount>
          <p>3 0 1 1 2 3 0 4 5 5 1 0 4 6 7 7 5 4 6 8 9 9 7 6 8 10 11 11 9 8 10 12 13 13 11 10 12 14 15 15 13 12 14 16 17 17 15 14 16 18 19 19 17 16 18 20 21 21 19 18 20 22 23 23 21 20 22 24 25 25 23 22 24 26 27 27 25 24 26 28 29 29 27 26 28 30 31 31 29 28 30 32 33 33 31 30 32 34 35 35 33 32 34 36 37 37 35 34 36 38 39 39 37 36 38 40 41 41 39 38 40 42 43 43 41 40 42 44 45 45 43 42 44 46 47 47 45 44 46 48 49 49 47 46 53 50 51 51 52 53 50 54 55 55 51 50 54 56 57 57 55 54 56 58 59 59 57 56 58 60 61 61 59 58 60 62 63 63 61 60 62 64 65 65 63 62 64 3 2 2 65 64 69 66 67 67 68 69 71 70 66 66 69 71 73 72 70 70 71 73 75 74 72 72 73 75 77 76 74 74 75 77 79 78 76 76 77 79 81 80 78 78 79 81 83 82 80 80 81 83 85 84 82 82 83 85 87 86 84 84 85 87 89 88 86 86 87 89 91 90 88 88 89 91 93 92 90 90 91 93 95 94 92 92 93 95 97 96 94 94 95 97 99 98 96 96 97 99 101 100 98 98 99 101 103 102 100 100 101 103 105 104 102 102 103 105 107 106 104 104 105 107 109 108 106 106 107 109 111 110 108 108 109 111 113 112 110 110 111 113 115 114 112 112 113 115 119 116 117 117 118 119 121 120 116 116 119 121 123 122 120 120 121 123 125 124 122 122 123 125 127 126 124 124 125 127 129 128 126 126 127 129 131 130 128 128 129 131 68 67 130 130 131 68 66 132 133 133 67 66 67 133 134 134 130 67 130 134 135 135 128 130 128 135 136 136 126 128 126 136 137 137 124 126 124 137 138 138 122 124 122 138 139 139 120 122 120 139 140 140 116 120 116 140 141 141 117 116 114 142 143 143 112 114 112 143 144 144 110 112 110 144 145 145 108 110 108 145 146 146 106 108 106 146 147 147 104 106 104 147 148 148 102 104 102 148 149 149 100 102 100 149 150 150 98 100 98 150 151 151 96 98 96 151 152 152 94 96 94 152 153 153 92 94 92 153 154 154 90 92 90 154 155 155 88 90 88 155 156 156 86 88 86 156 157 157 84 86 84 157 158 158 82 84 82 158 159 159 80 82 80 159 160 160 78 80 78 160 161 161 76 78 76 161 162 162 74 76 74 162 163 163 72 74 72 163 164 164 70 72 70 164 132 132 66 70 68 165 166 166 69 68 69 166 167 167 71 69 71 167 168 168 73 71 73 168 169 169 75 73 75 169 170 170 77 75 77 170 171 171 79 77 79 171 172 172 81 79 81 172 173 173 83 81 83 173 174 174 85 83 85 174 175 175 87 85 87 175 176 176 89 87 89 176 177 177 91 89 91 177 178 178 93 91 93 178 179 179 95 93 95 179 180 180 97 95 97 180 181 181 99 97 99 181 182 182 101 99 101 182 183 183 103 101 103 183 184 184 105 103 105 184 185 185 107 105 107 185 186 186 109 107 109 186 187 187 111 109 111 187 188 188 113 111 113 188 189 189 115 113 118 190 191 191 119 118 119 191 192 192 121 119 121 192 193 193 123 121 123 193 194 194 125 123 125 194 195 195 127 125 127 195 196 196 129 127 129 196 197 197 131 129 131 197 165 165 68 131 199 133 132 132 198 199 198 132 164 164 200 198 200 164 163 163 201 200 201 163 162 162 202 201 202 162 161 161 203 202 203 161 160 160 204 203 204 160 159 159 205 204 205 159 158 158 206 205 206 158 157 157 207 206 207 157 156 156 208 207 208 156 155 155 209 208 209 155 154 154 210 209 210 154 153 153 211 210 211 153 152 152 212 211 212 152 151 151 213 212 213 151 150 150 214 213 214 150 149 149 215 214 215 149 148 148 216 215 216 148 147 147 217 216 217 147 146 146 218 217 218 146 145 145 219 218 219 145 144 144 220 219 220 144 143 143 221 220 221 143 142 142 222 221 224 141 140 140 223 224 223 140 139 139 225 223 225 139 138 138 226 225 226 138 137 137 227 226 227 137 136 136 228 227 228 136 135 135 229 228 229 135 134 134 230 229 230 134 133 133 199 230 234 231 232 232 233 234 233 232 235 235 236 233 236 235 237 237 238 236 238 237 239 239 240 238 240 239 241 241 242 240 242 241 243 243 244 242 244 243 245 245 246 244 246 245 247 247 248 246 248 247 249 249 250 248 250 249 251 251 252 250 252 251 253 253 254 252 254 253 255 255 256 254 256 255 257 257 258 256 258 257 259 259 260 258 260 259 261 261 262 260 262 261 263 263 264 262 264 263 265 265 266 264 266 265 267 267 268 266 268 267 269 269 270 268 270 269 271 271 272 270 272 271 273 273 274 272 274 273 275 275 276 274 276 275 277 277 278 276 278 277 279 279 280 278 284 281 282 282 283 284 283 282 285 285 286 283 286 285 287 287 288 286 288 287 289 289 290 288 290 289 291 291 292 290 292 291 293 293 294 292 294 293 295 295 296 294 296 295 231 231 234 296 300 297 298 298 299 300 302 301 297 297 300 302 304 303 301 301 302 304 306 305 303 303 304 306 308 307 305 305 306 308 310 309 307 307 308 310 312 311 309 309 310 312 314 313 311 311 312 314 316 315 313 313 314 316 318 317 315 315 316 318 320 319 317 317 318 320 322 321 319 319 320 322 324 323 321 321 322 324 326 325 323 323 324 326 328 327 325 325 326 328 330 329 327 327 328 330 332 331 329 329 330 332 334 333 331 331 332 334 336 335 333 333 334 336 338 337 335 335 336 338 340 339 337 337 338 340 342 341 339 339 340 342 344 343 341 341 342 344 346 345 343 343 344 346 350 347 348 348 349 350 352 351 347 347 350 352 354 353 351 351 352 354 356 355 353 353 354 356 358 357 355 355 356 358 360 359 357 357 358 360 362 361 359 359 360 362 362 299 298 298 361 362 363 364 365 363 366 364 363 367 366 363 368 367 363 369 368 363 370 369 363 371 370 363 372 371 363 373 372 363 374 373 363 375 374 363 376 375 363 377 376 363 378 377 363 379 378 363 380 379 363 381 380 363 382 381 363 383 382 363 384 383 363 385 384 363 386 385 363 387 386 363 388 387 363 389 388 363 390 389 363 391 390 363 392 391 363 393 392 363 394 393 363 395 394 363 365 395 399 396 397 397 398 399 398 397 400 400 401 398 401 400 402 402 403 401 403 402 404 404 405 403 405 404 406 406 407 405 407 406 408 408 409 407 409 408 410 410 411 409 411 410 412 412 413 411 413 412 414 414 415 413 415 414 416 416 417 415 417 416 418 418 419 417 419 418 420 420 421 419 421 420 422 422 423 421 423 422 424 424 425 423 425 424 426 426 427 425 427 426 428 428 429 427 429 428 430 430 431 429 431 430 432 432 433 431 433 432 434 434 435 433 435 434 436 436 437 435 437 436 438 438 439 437 439 438 440 440 441 439 441 440 442 442 443 441 443 442 444 444 445 443 445 444 446 446 447 445 447 446 448 448 449 447 449 448 450 450 451 449 451 450 452 452 453 451 453 452 454 454 455 453 455 454 456 456 457 455 457 456 458 458 459 457 459 458 396 396 399 459 460 461 462 461 463 462 463 464 462 464 465 462 465 466 462 466 467 462 467 468 462 468 469 462 469 470 462 470 471 462 471 472 462 472 473 462 473 474 462 474 475 462 475 476 462 476 477 462 477 478 462 478 479 462 479 480 462 480 481 462 481 482 462 482 483 462 483 484 462 484 485 462 485 486 462 486 487 462 487 488 462 488 489 462 489 490 462 490 491 462 491 492 462 492 460 462 </p>
        </polylist>
      </mesh>
    </geometry>
    <geometry id="meshId2" name="meshId2_name" >
      <mesh>
        <source id="meshId2-positions" name="meshId2-positions">
          <float_array id="meshId2-positions-array" count="96"> 2.44114e-06 0.553481 0.258568 2.44114e-06 0.581381 0.258568 2.44114e-06 0.581381 0.0824514 2.44114e-06 0.553481 0.0824514 0.0104652 0.553481 0.258568 0.0104652 0.553481 0.0824514 0.0104652 0.581381 0.0824514 0.0104652 0.581381 0.258568 2.44114e-06 0.553481 0.258568 2.44114e-06 0.553481 0.0824514 0.0104652 0.553481 0.0824514 0.0104652 0.553481 0.258568 2.44114e-06 0.581381 0.0824514 2.44114e-06 0.581381 0.258568 0.0104652 0.581381 0.258568 0.0104652 0.581381 0.0824514 2.44114e-06 -0.17069 0.258568 2.44114e-06 -0.14279 0.258568 2.44114e-06 -0.14279 0.0824514 2.44114e-06 -0.17069 0.0824514 0.0104652 -0.17069 0.258568 0.0104652 -0.17069 0.0824514 0.0104652 -0.14279 0.0824514 0.0104652 -0.14279 0.258568 2.44114e-06 -0.17069 0.258568 2.44114e-06 -0.17069 0.0824514 0.0104652 -0.17069 0.0824514 0.0104652 -0.17069 0.258568 2.44114e-06 -0.14279 0.0824514 2.44114e-06 -0.14279 0.258568 0.0104652 -0.14279 0.258568 0.0104652 -0.14279 0.0824514 </float_array>
          <technique_common>
            <accessor count="32" offset="0" source="#meshId2-positions-array" stride="3">
              <param name="X" type="float" />
              <param name="Y" type="float" />
              <param name="Z" type="float" />
            </accessor>
          </technique_common>
        </source>
        <source id="meshId2-normals" name="meshId2-normals">
          <float_array id="meshId2-normals-array" count="96"> -1 4.37089e-08 4.37112e-08 -1 4.37089e-08 4.37112e-08 -1 4.37089e-08 4.37112e-08 -1 4.37089e-08 4.37112e-08 1 -4.27232e-08 -4.73762e-08 1 -4.27232e-08 -4.73762e-08 1 -4.27232e-08 -4.73762e-08 1 -4.27232e-08 -4.73762e-08 0 -1 -6.12323e-17 0 -1 -6.12323e-17 0 -1 -6.12323e-17 0 -1 -6.12323e-17 0 1 6.12323e-17 0 1 6.12323e-17 0 1 6.12323e-17 0 1 6.12323e-17 -1 4.37087e-08 4.37112e-08 -1 4.37087e-08 4.37112e-08 -1 4.37087e-08 4.37112e-08 -1 4.37087e-08 4.37112e-08 1 -4.2723e-08 -4.06081e-08 1 -4.2723e-08 -4.06081e-08 1 -4.2723e-08 -4.06081e-08 1 -4.2723e-08 -4.06081e-08 0 -1 -6.12323e-17 0 -1 -6.12323e-17 0 -1 -6.12323e-17 0 -1 -6.12323e-17 0 1 6.12323e-17 0 1 6.12323e-17 0 1 6.12323e-17 0 1 6.12323e-17 </float_array>
          <technique_common>
            <accessor count="32" offset="0" source="#meshId2-normals-array" stride="3">
              <param name="X" type="float" />
              <param name="Y" type="float" />
              <param name="Z" type="float" />
            </accessor>
          </technique_common>
        </source>
        <source id="meshId2-tangents" name="meshId2-tangents">
          <float_array id="meshId2-tangents-array" count="96"> -4.37112e-08 1.91057e-15 -1 -4.37112e-08 1.91057e-15 -1 -4.37112e-08 1.91057e-15 -1 -4.37112e-08 1.91057e-15 -1 -4.73762e-08 2.02406e-15 -1 -4.73762e-08 2.02406e-15 -1 -4.73762e-08 2.02406e-15 -1 -4.73762e-08 2.02406e-15 -1 0 6.12323e-17 -1 0 6.12323e-17 -1 0 6.12323e-17 -1 0 6.12323e-17 -1 0 -6.12323e-17 1 0 -6.12323e-17 1 0 -6.12323e-17 1 0 -6.12323e-17 1 -4.37112e-08 1.91056e-15 -1 -4.37112e-08 1.91056e-15 -1 -4.37112e-08 1.91056e-15 -1 -4.37112e-08 1.91056e-15 -1 -4.06081e-08 1.7349e-15 -1 -4.06081e-08 1.7349e-15 -1 -4.06081e-08 1.7349e-15 -1 -4.06081e-08 1.7349e-15 -1 0 6.12323e-17 -1 0 6.12323e-17 -1 0 6.12323e-17 -1 0 6.12323e-17 -1 0 -6.12323e-17 1 0 -6.12323e-17 1 0 -6.12323e-17 1 0 -6.12323e-17 1 </float_array>
          <technique_common>
            <accessor count="32" offset="0" source="#meshId2-tangents-array" stride="3">
              <param name="X" type="float" />
              <param name="Y" type="float" />
              <param name="Z" type="float" />
            </accessor>
          </technique_common>
        </source>
        <source id="meshId2-bitangents" name="meshId2-bitangents">
          <float_array id="meshId2-bitangents-array" count="96"> -4.37089e-08 -1 0 -4.37089e-08 -1 0 -4.37089e-08 -1 0 -4.37089e-08 -1 0 4.27232e-08 1 0 4.27232e-08 1 0 4.27232e-08 1 0 4.27232e-08 1 0 1 0 0 1 0 0 1 0 0 1 0 0 1 0 -0 1 0 -0 1 0 -0 1 0 -0 -4.37087e-08 -1 0 -4.37087e-08 -1 2.11758e-22 -4.37087e-08 -1 0 -4.37087e-08 -1 2.11758e-22 4.2723e-08 1 2.11758e-22 4.2723e-08 1 -1.05879e-22 4.2723e-08 1 2.11758e-22 4.2723e-08 1 -1.05879e-22 1 0 0 1 0 0 1 0 0 1 0 0 1 0 -0 1 0 -0 1 0 -0 1 0 -0 </float_array>
          <technique_common>
            <accessor count="32" offset="0" source="#meshId2-bitangents-array" stride="3">
              <param name="X" type="float" />
              <param name="Y" type="float" />
              <param name="Z" type="float" />
            </accessor>
          </technique_common>
        </source>
        <source id="meshId2-tex0" name="meshId2-tex0">
          <float_array id="meshId2-tex0-array" count="64"> 0.24351 0.712467 0.24351 0.699872 0.323013 0.699872 0.323013 0.712467 0.24351 0.699872 0.323013 0.699872 0.323013 0.712467 0.24351 0.712467 0.24351 0.717618 0.323013 0.717618 0.323013 0.722341 0.24351 0.722341 0.24351 0.717618 0.323013 0.717618 0.323013 0.722341 0.24351 0.722341 0.24351 0.712467 0.24351 0.699872 0.323013 0.699872 0.323013 0.712467 0.24351 0.699872 0.323013 0.699872 0.323013 0.712467 0.24351 0.712467 0.24351 0.717618 0.323013 0.717618 0.323013 0.722341 0.24351 0.722341 0.24351 0.717618 0.323013 0.717618 0.323013 0.722341 0.24351 0.722341 </float_array>
          <technique_common>
            <accessor count="32" offset="0" source="#meshId2-tex0-array" stride="2">
              <param name="S" type="float" />
              <param name="T" type="float" />
            </accessor>
          </technique_common>
        </source>
        <vertices id="meshId2-vertices">
          <input semantic="POSITION" source="#meshId2-positions" />
          <input semantic="NORMAL" source="#meshId2-normals" />
          <input semantic="TANGENT" source="#meshId2-tangents" />
          <input semantic="BINORMAL" source="#meshId2-bitangents" />
          <input semantic="TEXCOORD" source="#meshId2-tex0"  />
        </vertices>
        <polylist count="16" material="defaultMaterial">
          <input offset="0" semantic="VERTEX" source="#meshId2-vertices" />
          <vcount>3 3 3 3 3 3 3 3 3 3 3 3 3 3 3 3 </vcount>
          <p>3 0 1 1 2 3 7 4 5 5 6 7 11 8 9 9 10 11 15 12 13 13 14 15 19 16 17 17 18 19 23 20 21 21 22 23 27 24 25 25 26 27 31 28 29 29 30 31 </p>
        </polylist>
      </mesh>
    </geometry>
  </library_geometries>
  <library_visual_scenes>
    <visual_scene id="root" name="root">
      <node id="Cylinder002_low" name="Cylinder002_low">
        <matrix>1 0 0 0 0 1 0 0 0 0 1 0 0 0 0 1</matrix>
        <instance_geometry url="#meshId0">
          <bind_material>
            <technique_common>
              <instance_material symbol="defaultMaterial" target="#DefaultMaterial" />
            </technique_common>
          </bind_material>
        </instance_geometry>
      </node>
      <node id="Object001_low" name="Object001_low">
        <matrix>1 0 0 0 0 1 0 0 0 0 1 0 0 0 0 1</matrix>
        <instance_geometry url="#meshId1">
          <bind_material>
            <technique_common>
              <instance_material symbol="defaultMaterial" target="#DefaultMaterial" />
            </technique_common>
          </bind_material>
        </instance_geometry>
      </node>
      <node id="Object002_low" name="Object002_low">
        <matrix>1 0 0 0 0 1 0 0 0 0 1 0 0 0 0 1</matrix>
        <instance_geometry url="#meshId2">
          <bind_material>
            <technique_common>
              <instance_material symbol="defaultMaterial" target="#DefaultMaterial" />
            </technique_common>
          </bind_material>
        </instance_geometry>
      </node>
    </visual_scene>
  </library_visual_scenes>
  <scene>
    <instance_visual_scene url="#root" />
  </scene>
</COLLADA>
