# Blender v2.79 (sub 0) OBJ File: 'jugo de durazno.blend'
# www.blender.org
mtllib jugo de durazno.mtl
o Círculo
v 0.000000 1.076714 -4.835126
v -0.943286 1.076714 -4.742220
v -1.850323 1.076714 -4.467074
v -2.686252 1.076714 -4.020260
v -3.418951 1.076714 -3.418950
v -4.020261 1.076714 -2.686251
v -4.467074 1.076714 -1.850322
v -4.742221 1.076714 -0.943286
v -4.835127 1.076714 0.000001
v -4.742221 1.076714 0.943287
v -4.467075 1.076714 1.850324
v -4.020261 1.076714 2.686254
v -3.418951 1.076714 3.418952
v -2.686252 1.076714 4.020263
v -1.850322 1.076714 4.467077
v -0.943285 1.076714 4.742223
v 0.000002 1.076714 4.835128
v 0.943289 1.076714 4.742222
v 1.850326 1.076714 4.467075
v 2.686255 1.076714 4.020261
v 3.418954 1.076714 3.418951
v 4.020264 1.076714 2.686251
v 4.467077 1.076714 1.850321
v 4.742223 1.076714 0.943283
v 4.835128 1.076714 -0.000004
v 4.742221 1.076714 -0.943290
v 4.467073 1.076714 -1.850327
v 4.020259 1.076714 -2.686257
v 3.418947 1.076714 -3.418954
v 2.686248 1.076714 -4.020264
v 1.850317 1.076714 -4.467077
v 0.943280 1.076714 -4.742222
v 0.000000 -12.723549 -4.835126
v -0.943286 -12.723549 -4.742220
v -1.850323 -12.723549 -4.467074
v -2.686252 -12.723549 -4.020260
v -3.418951 -12.723549 -3.418950
v -4.020261 -12.723549 -2.686251
v -4.467074 -12.723549 -1.850322
v -4.742221 -12.723549 -0.943286
v -4.835127 -12.723549 0.000001
v -4.742221 -12.723549 0.943287
v -4.467075 -12.723549 1.850324
v -4.020261 -12.723549 2.686254
v -3.418951 -12.723549 3.418952
v -2.686252 -12.723549 4.020263
v -1.850322 -12.723549 4.467077
v -0.943285 -12.723549 4.742223
v 0.000002 -12.723549 4.835128
v 0.943289 -12.723549 4.742222
v 1.850326 -12.723549 4.467075
v 2.686255 -12.723549 4.020261
v 3.418954 -12.723549 3.418951
v 4.020264 -12.723549 2.686251
v 4.467077 -12.723549 1.850321
v 4.742223 -12.723549 0.943283
v 4.835128 -12.723549 -0.000004
v 4.742221 -12.723549 -0.943290
v 4.467073 -12.723549 -1.850327
v 4.020259 -12.723549 -2.686257
v 3.418947 -12.723549 -3.418954
v 2.686248 -12.723549 -4.020264
v 1.850317 -12.723549 -4.467077
v 0.943280 -12.723549 -4.742222
v 0.000000 -13.267102 -4.500217
v -0.877948 -13.267102 -4.413746
v -1.722159 -13.267102 -4.157658
v -2.500186 -13.267102 -3.741793
v -3.182134 -13.267102 -3.182133
v -3.741794 -13.267102 -2.500186
v -4.157659 -13.267102 -1.722158
v -4.413747 -13.267102 -0.877948
v -4.500217 -13.267102 0.000001
v -4.413747 -13.267102 0.877949
v -4.157659 -13.267102 1.722159
v -3.741794 -13.267102 2.500188
v -3.182134 -13.267102 3.182136
v -2.500186 -13.267102 3.741796
v -1.722158 -13.267102 4.157660
v -0.877947 -13.267102 4.413748
v 0.000002 -13.267102 4.500218
v 0.877951 -13.267102 4.413748
v 1.722161 -13.267102 4.157660
v 2.500190 -13.267102 3.741794
v 3.182137 -13.267102 3.182134
v 3.741797 -13.267102 2.500185
v 4.157661 -13.267102 1.722157
v 4.413749 -13.267102 0.877946
v 4.500218 -13.267102 -0.000003
v 4.413747 -13.267102 -0.877953
v 4.157658 -13.267102 -1.722162
v 3.741792 -13.267102 -2.500191
v 3.182131 -13.267102 -3.182137
v 2.500183 -13.267102 -3.741797
v 1.722153 -13.267102 -4.157660
v 0.877943 -13.267102 -4.413748
v 0.000000 -13.461162 -4.673046
v -0.911666 -13.461162 -4.583254
v -1.788297 -13.461162 -4.317331
v -2.596205 -13.461162 -3.885495
v -3.304343 -13.461162 -3.304342
v -3.885496 -13.461162 -2.596204
v -4.317332 -13.461162 -1.788296
v -4.583254 -13.461162 -0.911665
v -4.673046 -13.461162 0.000001
v -4.583255 -13.461162 0.911667
v -4.317332 -13.461162 1.788298
v -3.885496 -13.461162 2.596206
v -3.304343 -13.461162 3.304344
v -2.596205 -13.461162 3.885497
v -1.788296 -13.461162 4.317334
v -0.911665 -13.461162 4.583256
v 0.000002 -13.461162 4.673047
v 0.911669 -13.461162 4.583255
v 1.788300 -13.461162 4.317333
v 2.596208 -13.461162 3.885496
v 3.304346 -13.461162 3.304342
v 3.885499 -13.461162 2.596204
v 4.317334 -13.461162 1.788295
v 4.583256 -13.461162 0.911663
v 4.673047 -13.461162 -0.000003
v 4.583255 -13.461162 -0.911670
v 4.317331 -13.461162 -1.788301
v 3.885494 -13.461162 -2.596210
v 3.304339 -13.461162 -3.304346
v 2.596201 -13.461162 -3.885499
v 1.788292 -13.461162 -4.317334
v 0.911660 -13.461162 -4.583255
v 0.000000 -13.758288 -4.673046
v -0.911666 -13.758288 -4.583254
v -1.788297 -13.758288 -4.317331
v -2.596205 -13.758288 -3.885495
v -3.304343 -13.758288 -3.304342
v -3.885496 -13.758288 -2.596204
v -4.317332 -13.758288 -1.788296
v -4.583254 -13.758288 -0.911665
v -4.673046 -13.758288 0.000001
v -4.583255 -13.758288 0.911667
v -4.317332 -13.758288 1.788298
v -3.885496 -13.758288 2.596206
v -3.304343 -13.758288 3.304344
v -2.596205 -13.758288 3.885497
v -1.788296 -13.758288 4.317334
v -0.911665 -13.758288 4.583256
v 0.000002 -13.758288 4.673047
v 0.911669 -13.758288 4.583255
v 1.788300 -13.758288 4.317333
v 2.596208 -13.758288 3.885496
v 3.304346 -13.758288 3.304342
v 3.885499 -13.758288 2.596204
v 4.317334 -13.758288 1.788295
v 4.583256 -13.758288 0.911663
v 4.673047 -13.758288 -0.000003
v 4.583255 -13.758288 -0.911670
v 4.317331 -13.758288 -1.788301
v 3.885494 -13.758288 -2.596210
v 3.304339 -13.758288 -3.304346
v 2.596201 -13.758288 -3.885499
v 1.788292 -13.758288 -4.317334
v 0.911660 -13.758288 -4.583255
v 0.000000 -13.947370 -4.829567
v -0.942202 -13.947370 -4.736768
v -1.848196 -13.947370 -4.461938
v -2.683164 -13.947370 -4.015638
v -3.415020 -13.947370 -3.415019
v -4.015639 -13.947370 -2.683163
v -4.461939 -13.947370 -1.848195
v -4.736769 -13.947370 -0.942201
v -4.829568 -13.947370 0.000001
v -4.736769 -13.947370 0.942203
v -4.461939 -13.947370 1.848196
v -4.015639 -13.947370 2.683165
v -3.415020 -13.947370 3.415021
v -2.683164 -13.947370 4.015641
v -1.848195 -13.947370 4.461941
v -0.942200 -13.947370 4.736770
v 0.000002 -13.947370 4.829569
v 0.942205 -13.947370 4.736770
v 1.848198 -13.947370 4.461940
v 2.683167 -13.947370 4.015639
v 3.415023 -13.947370 3.415020
v 4.015642 -13.947370 2.683163
v 4.461941 -13.947370 1.848193
v 4.736771 -13.947370 0.942199
v 4.829569 -13.947370 -0.000004
v 4.736769 -13.947370 -0.942206
v 4.461938 -13.947370 -1.848199
v 4.015636 -13.947370 -2.683169
v 3.415017 -13.947370 -3.415024
v 2.683160 -13.947370 -4.015642
v 1.848190 -13.947370 -4.461941
v 0.942195 -13.947370 -4.736770
v 0.000000 -15.703977 -4.829567
v -0.942202 -15.703977 -4.736768
v -1.848196 -15.703977 -4.461938
v -2.683164 -15.703977 -4.015638
v -3.415020 -15.703977 -3.415019
v -4.015639 -15.703977 -2.683163
v -4.461939 -15.703977 -1.848195
v -4.736769 -15.703977 -0.942201
v -4.829568 -15.703977 0.000001
v -4.736769 -15.703977 0.942203
v -4.461939 -15.703977 1.848196
v -4.015639 -15.703977 2.683165
v -3.415020 -15.703977 3.415021
v -2.683164 -15.703977 4.015641
v -1.848195 -15.703977 4.461941
v -0.942200 -15.703977 4.736770
v 0.000002 -15.703977 4.829569
v 0.942205 -15.703977 4.736770
v 1.848198 -15.703977 4.461940
v 2.683167 -15.703977 4.015639
v 3.415023 -15.703977 3.415020
v 4.015642 -15.703977 2.683163
v 4.461941 -15.703977 1.848193
v 4.736771 -15.703977 0.942199
v 4.829569 -15.703977 -0.000004
v 4.736769 -15.703977 -0.942206
v 4.461938 -15.703977 -1.848199
v 4.015636 -15.703977 -2.683169
v 3.415017 -15.703977 -3.415024
v 2.683160 -15.703977 -4.015642
v 1.848190 -15.703977 -4.461941
v 0.942195 -15.703977 -4.736770
v 0.000000 -16.079603 -4.460152
v -0.870132 -16.079603 -4.374451
v -1.706826 -16.079603 -4.120643
v -2.477927 -16.079603 -3.708480
v -3.153804 -16.079603 -3.153803
v -3.708481 -16.079603 -2.477927
v -4.120643 -16.079603 -1.706825
v -4.374451 -16.079603 -0.870132
v -4.460152 -16.079603 0.000001
v -4.374452 -16.079603 0.870133
v -4.120644 -16.079603 1.706827
v -3.708481 -16.079603 2.477929
v -3.153804 -16.079603 3.153805
v -2.477927 -16.079603 3.708483
v -1.706825 -16.079603 4.120645
v -0.870131 -16.079603 4.374453
v 0.000002 -16.079603 4.460153
v 0.870135 -16.079603 4.374452
v 1.706829 -16.079603 4.120644
v 2.477930 -16.079603 3.708481
v 3.153807 -16.079603 3.153804
v 3.708483 -16.079603 2.477926
v 4.120646 -16.079603 1.706824
v 4.374453 -16.079603 0.870130
v 4.460153 -16.079603 -0.000003
v 4.374452 -16.079603 -0.870136
v 4.120642 -16.079603 -1.706830
v 3.708478 -16.079603 -2.477932
v 3.153801 -16.079603 -3.153807
v 2.477923 -16.079603 -3.708484
v 1.706821 -16.079603 -4.120645
v 0.870126 -16.079603 -4.374452
v 0.000000 -16.190084 -3.072168
v -0.599350 -16.190084 -3.013137
v -1.175668 -16.190084 -2.838313
v -1.706805 -16.190084 -2.554414
v -2.172351 -16.190084 -2.172350
v -2.554415 -16.190084 -1.706805
v -2.838313 -16.190084 -1.175668
v -3.013137 -16.190084 -0.599350
v -3.072168 -16.190084 0.000000
v -3.013138 -16.190084 0.599351
v -2.838314 -16.190084 1.175668
v -2.554415 -16.190084 1.706806
v -2.172351 -16.190084 2.172352
v -1.706805 -16.190084 2.554416
v -1.175667 -16.190084 2.838315
v -0.599349 -16.190084 3.013138
v 0.000001 -16.190084 3.072169
v 0.599352 -16.190084 3.013138
v 1.175670 -16.190084 2.838314
v 1.706807 -16.190084 2.554415
v 2.172353 -16.190084 2.172351
v 2.554416 -16.190084 1.706804
v 2.838315 -16.190084 1.175666
v 3.013139 -16.190084 0.599348
v 3.072169 -16.190084 -0.000002
v 3.013138 -16.190084 -0.599353
v 2.838313 -16.190084 -1.175671
v 2.554413 -16.190084 -1.706808
v 2.172349 -16.190084 -2.172353
v 1.706802 -16.190084 -2.554417
v 1.175664 -16.190084 -2.838315
v 0.599346 -16.190084 -3.013138
v 0.000000 -15.774773 -1.877735
v -0.366328 -15.774773 -1.841655
v -0.718578 -15.774773 -1.734801
v -1.043214 -15.774773 -1.561280
v -1.327759 -15.774773 -1.327759
v -1.561280 -15.774773 -1.043214
v -1.734801 -15.774773 -0.718578
v -1.841655 -15.774773 -0.366328
v -1.877735 -15.774773 0.000000
v -1.841655 -15.774773 0.366328
v -1.734802 -15.774773 0.718578
v -1.561280 -15.774773 1.043214
v -1.327759 -15.774773 1.327760
v -1.043214 -15.774773 1.561280
v -0.718578 -15.774773 1.734802
v -0.366327 -15.774773 1.841656
v 0.000001 -15.774773 1.877736
v 0.366329 -15.774773 1.841655
v 0.718579 -15.774773 1.734802
v 1.043215 -15.774773 1.561280
v 1.327761 -15.774773 1.327759
v 1.561281 -15.774773 1.043213
v 1.734802 -15.774773 0.718577
v 1.841656 -15.774773 0.366327
v 1.877736 -15.774773 -0.000002
v 1.841655 -15.774773 -0.366330
v 1.734801 -15.774773 -0.718580
v 1.561279 -15.774773 -1.043216
v 1.327758 -15.774773 -1.327761
v 1.043212 -15.774773 -1.561281
v 0.718576 -15.774773 -1.734802
v 0.366325 -15.774773 -1.841655
v 1.790523 1.620268 -4.322721
v 2.599441 1.620268 -3.890348
v 3.308463 1.620268 -3.308470
v 3.890343 1.620268 -2.599449
v 4.322718 1.620268 -1.790533
v 4.588975 1.620268 -0.912808
v 4.678879 1.620268 -0.000003
v 4.588976 1.620268 0.912801
v 4.322722 1.620268 1.790527
v 3.890348 1.620268 2.599444
v 3.308469 1.620268 3.308466
v 2.599448 1.620268 3.890345
v 1.790532 1.620268 4.322720
v 0.912806 1.620268 4.588975
v 0.000002 1.620268 4.678879
v -0.912802 1.620268 4.588976
v -1.790528 1.620268 4.322721
v 0.000000 -15.458694 -0.000000
v -2.599445 1.620268 3.890347
v -3.308466 1.620268 3.308468
v -3.890345 1.620268 2.599447
v -4.322720 1.620268 1.790530
v -4.588974 1.620268 0.912804
v -4.678878 1.620268 0.000001
v -4.588974 1.620268 -0.912803
v -4.322719 1.620268 -1.790528
v -3.890345 1.620268 -2.599444
v -3.308466 1.620268 -3.308465
v -2.599445 1.620268 -3.890344
v -1.790529 1.620268 -4.322719
v -0.912803 1.620268 -4.588974
v 0.000000 1.620268 -4.678877
v 0.912797 1.620268 -4.588975
v 1.753354 1.819129 -4.232985
v 2.545479 1.819129 -3.809587
v 3.239782 1.819129 -3.239789
v 3.809583 1.819129 -2.545487
v 4.232982 1.819129 -1.753363
v 4.493712 1.819129 -0.893859
v 4.581749 1.819129 -0.000003
v 4.493713 1.819129 0.893852
v 4.232986 1.819129 1.753357
v 3.809587 1.819129 2.545482
v 3.239789 1.819129 3.239785
v 2.545486 1.819129 3.809585
v 1.753362 1.819129 4.232984
v 0.893857 1.819129 4.493712
v 0.000002 1.819129 4.581749
v -0.893853 1.819129 4.493713
v -1.753358 1.819129 4.232985
v -2.545483 1.819129 3.809586
v -3.239785 1.819129 3.239787
v -3.809585 1.819129 2.545484
v -4.232984 1.819129 1.753360
v -4.493711 1.819129 0.893855
v -4.581748 1.819129 0.000001
v -4.493711 1.819129 -0.893854
v -4.232983 1.819129 -1.753358
v -3.809585 1.819129 -2.545482
v -3.239785 1.819129 -3.239785
v -2.545483 1.819129 -3.809584
v -1.753359 1.819129 -4.232983
v -0.893854 1.819129 -4.493711
v 0.000000 1.819129 -4.581748
v 0.893848 1.819129 -4.493712
v 1.635954 2.084277 -3.949557
v 2.375041 2.084277 -3.554508
v 3.022855 2.084277 -3.022861
v 3.554504 2.084277 -2.375048
v 3.949553 2.084277 -1.635963
v 4.192825 2.084277 -0.834008
v 4.274968 2.084277 -0.000003
v 4.192827 2.084277 0.834002
v 3.949557 2.084277 1.635957
v 3.554508 2.084277 2.375043
v 3.022861 2.084277 3.022858
v 2.375047 2.084277 3.554505
v 1.635962 2.084277 3.949555
v 0.834007 2.084277 4.192826
v 0.000002 2.084277 4.274968
v -0.834003 2.084277 4.192826
v -1.635958 2.084277 3.949556
v -2.375044 2.084277 3.554507
v -3.022858 2.084277 3.022860
v -3.554506 2.084277 2.375046
v -3.949555 2.084277 1.635960
v -4.192825 2.084277 0.834005
v -4.274967 2.084277 0.000001
v -4.192824 2.084277 -0.834004
v -3.949554 2.084277 -1.635958
v -3.554506 2.084277 -2.375044
v -3.022858 2.084277 -3.022858
v -2.375044 2.084277 -3.554505
v -1.635959 2.084277 -3.949554
v -0.834004 2.084277 -4.192824
v 0.000000 2.084277 -4.274967
v 0.833999 2.084277 -4.192825
v 1.748269 2.336168 -4.220710
v 2.538097 2.336168 -3.798539
v 3.230386 2.336168 -3.230393
v 3.798535 2.336168 -2.538105
v 4.220706 2.336168 -1.748278
v 4.480680 2.336168 -0.891266
v 4.568462 2.336168 -0.000003
v 4.480681 2.336168 0.891260
v 4.220710 2.336168 1.748272
v 3.798539 2.336168 2.538100
v 3.230393 2.336168 3.230390
v 2.538104 2.336168 3.798537
v 1.748277 2.336168 4.220708
v 0.891265 2.336168 4.480680
v 0.000002 2.336168 4.568462
v -0.891261 2.336168 4.480681
v -1.748273 2.336168 4.220709
v -2.538100 2.336168 3.798538
v -3.230390 2.336168 3.230391
v -3.798537 2.336168 2.538102
v -4.220707 2.336168 1.748275
v -4.480680 2.336168 0.891263
v -4.568461 2.336168 0.000001
v -4.480679 2.336168 -0.891262
v -4.220707 2.336168 -1.748273
v -3.798537 2.336168 -2.538100
v -3.230390 2.336168 -3.230389
v -2.538100 2.336168 -3.798536
v -1.748275 2.336168 -4.220707
v -0.891262 2.336168 -4.480679
v 0.000000 2.336168 -4.568460
v 0.891256 2.336168 -4.480680
v 1.748269 2.747148 -4.220710
v 2.538097 2.747148 -3.798539
v 3.230386 2.747148 -3.230393
v 3.798535 2.747148 -2.538105
v 4.220706 2.747148 -1.748278
v 4.480680 2.747148 -0.891266
v 4.568462 2.747148 -0.000003
v 4.480681 2.747148 0.891260
v 4.220710 2.747148 1.748272
v 3.798539 2.747148 2.538100
v 3.230393 2.747148 3.230390
v 2.538104 2.747148 3.798537
v 1.748277 2.747148 4.220708
v 0.891265 2.747148 4.480680
v 0.000002 2.747148 4.568462
v -0.891261 2.747148 4.480681
v -1.748273 2.747148 4.220709
v -2.538100 2.747148 3.798538
v -3.230390 2.747148 3.230391
v -3.798537 2.747148 2.538102
v -4.220707 2.747148 1.748275
v -4.480680 2.747148 0.891263
v -4.568461 2.747148 0.000001
v -4.480679 2.747148 -0.891262
v -4.220707 2.747148 -1.748273
v -3.798537 2.747148 -2.538100
v -3.230390 2.747148 -3.230389
v -2.538100 2.747148 -3.798536
v -1.748275 2.747148 -4.220707
v -0.891262 2.747148 -4.480679
v 0.000000 2.747148 -4.568460
v 0.891256 2.747148 -4.480680
v 1.833422 2.999038 -4.426289
v 2.661720 2.999038 -3.983555
v 3.387729 2.999038 -3.387736
v 3.983551 2.999038 -2.661729
v 4.426285 2.999038 -1.833432
v 4.698921 2.999038 -0.934677
v 4.790978 2.999038 -0.000004
v 4.698923 2.999038 0.934670
v 4.426289 2.999038 1.833426
v 3.983555 2.999038 2.661723
v 3.387736 2.999038 3.387733
v 2.661728 2.999038 3.983552
v 1.833431 2.999038 4.426287
v 0.934676 2.999038 4.698922
v 0.000002 2.999038 4.790978
v -0.934672 2.999038 4.698922
v -1.833427 2.999038 4.426288
v -2.661724 2.999038 3.983554
v -3.387733 2.999038 3.387734
v -3.983553 2.999038 2.661726
v -4.426286 2.999038 1.833428
v -4.698921 2.999038 0.934674
v -4.790977 2.999038 0.000001
v -4.698920 2.999038 -0.934673
v -4.426285 2.999038 -1.833427
v -3.983553 2.999038 -2.661724
v -3.387733 2.999038 -3.387732
v -2.661724 2.999038 -3.983552
v -1.833428 2.999038 -4.426285
v -0.934673 2.999038 -4.698919
v 0.000000 2.999038 -4.790977
v 0.934667 2.999038 -4.698921
v 1.833422 3.542592 -4.426289
v 2.661720 3.542592 -3.983555
v 3.387729 3.542592 -3.387736
v 3.983551 3.542592 -2.661729
v 4.426285 3.542592 -1.833432
v 4.698921 3.542592 -0.934677
v 4.790978 3.542592 -0.000004
v 4.698923 3.542592 0.934670
v 4.426289 3.542592 1.833426
v 3.983555 3.542592 2.661723
v 3.387736 3.542592 3.387733
v 2.661728 3.542592 3.983552
v 1.833431 3.542592 4.426287
v 0.934676 3.542592 4.698922
v 0.000002 3.542592 4.790978
v -0.934672 3.542592 4.698922
v -1.833427 3.542592 4.426288
v -2.661724 3.542592 3.983554
v -3.387733 3.542592 3.387734
v -3.983553 3.542592 2.661726
v -4.426286 3.542592 1.833428
v -4.698921 3.542592 0.934674
v -4.790977 3.542592 0.000001
v -4.698920 3.542592 -0.934673
v -4.426285 3.542592 -1.833427
v -3.983553 3.542592 -2.661724
v -3.387733 3.542592 -3.387732
v -2.661724 3.542592 -3.983552
v -1.833428 3.542592 -4.426285
v -0.934673 3.542592 -4.698919
v 0.000000 3.542592 -4.790977
v 0.934667 3.542592 -4.698921
v 1.578864 4.351295 -3.811727
v 2.292158 4.351295 -3.430465
v 2.917366 4.351295 -2.917372
v 3.430461 4.351295 -2.292165
v 3.811724 4.351295 -1.578872
v 4.046507 4.351295 -0.804904
v 4.125782 4.351295 -0.000003
v 4.046508 4.351295 0.804898
v 3.811728 4.351295 1.578867
v 3.430465 4.351295 2.292160
v 2.917371 4.351295 2.917368
v 2.292164 4.351295 3.430462
v 1.578871 4.351295 3.811726
v 0.804902 4.351295 4.046507
v 0.000002 4.351295 4.125782
v -0.804899 4.351295 4.046508
v -1.578867 4.351295 3.811727
v -2.292161 4.351295 3.430464
v -2.917368 4.351295 2.917370
v -3.430463 4.351295 2.292163
v -3.811725 4.351295 1.578869
v -4.046506 4.351295 0.804901
v -4.125782 4.351295 0.000001
v -4.046505 4.351295 -0.804900
v -3.811725 4.351295 -1.578868
v -3.430463 4.351295 -2.292161
v -2.917368 4.351295 -2.917368
v -2.292161 4.351295 -3.430462
v -1.578869 4.351295 -3.811724
v -0.804900 4.351295 -4.046505
v 0.000000 4.351295 -4.125782
v 0.804895 4.351295 -4.046507
v 0.893668 3.946943 -4.492803
v 1.752999 3.946943 -4.232130
v -3.239130 3.946943 -3.239129
v -2.544968 3.946943 -3.808814
v 0.893676 3.946943 4.492804
v 0.000002 3.946943 4.580822
v 2.544964 3.946943 -3.808817
v -1.753005 3.946943 -4.232126
v -0.893673 3.946943 4.492804
v 3.239127 3.946943 -3.239133
v -0.893674 3.946943 -4.492801
v -1.753003 3.946943 4.232129
v 3.808812 3.946943 -2.544972
v 0.000000 3.946943 -4.580821
v -2.544968 3.946943 3.808816
v 4.232126 3.946943 -1.753009
v -3.239130 3.946943 3.239132
v 4.492803 3.946943 -0.893678
v -3.808815 3.946943 2.544970
v 4.580822 3.946943 -0.000003
v -4.232127 3.946943 1.753005
v 4.492805 3.946943 0.893671
v -4.492803 3.946943 0.893675
v 4.232130 3.946943 1.753003
v -4.580822 3.946943 0.000001
v 3.808817 3.946943 2.544967
v -4.492802 3.946943 -0.893673
v 3.239133 3.946943 3.239130
v -4.232127 3.946943 -1.753004
v 2.544971 3.946943 3.808814
v -3.808815 3.946943 -2.544967
v 1.753007 3.946943 4.232128
v 1.578864 5.027422 -3.811727
v 2.292158 5.027422 -3.430465
v 2.917366 5.027422 -2.917372
v 3.430461 5.027422 -2.292165
v 3.811724 5.027422 -1.578872
v 4.046507 5.027422 -0.804904
v 4.125782 5.027422 -0.000003
v 4.046508 5.027422 0.804898
v 3.811728 5.027422 1.578867
v 3.430465 5.027422 2.292160
v 2.917371 5.027422 2.917368
v 2.292164 5.027422 3.430462
v 1.578871 5.027422 3.811726
v 0.804902 5.027422 4.046507
v 0.000002 5.027422 4.125782
v -0.804899 5.027422 4.046508
v -1.578867 5.027422 3.811727
v -2.292161 5.027422 3.430464
v -2.917368 5.027422 2.917370
v -3.430463 5.027422 2.292163
v -3.811725 5.027422 1.578869
v -4.046506 5.027422 0.804901
v -4.125782 5.027422 0.000001
v -4.046505 5.027422 -0.804900
v -3.811725 5.027422 -1.578868
v -3.430463 5.027422 -2.292161
v -2.917368 5.027422 -2.917368
v -2.292161 5.027422 -3.430462
v -1.578869 5.027422 -3.811724
v -0.804900 5.027422 -4.046505
v 0.000000 5.027422 -4.125782
v 0.804895 5.027422 -4.046507
v 1.757204 6.141044 -4.242282
v 2.551069 6.141044 -3.817954
v 3.246897 6.141044 -3.246904
v 3.817949 6.141044 -2.551077
v 4.242279 6.141044 -1.757214
v 4.503581 6.141044 -0.895822
v 4.591811 6.141044 -0.000003
v 4.503582 6.141044 0.895815
v 4.242282 6.141044 1.757208
v 3.817954 6.141044 2.551072
v 3.246904 6.141044 3.246900
v 2.551076 6.141044 3.817951
v 1.757213 6.141044 4.242280
v 0.895820 6.141044 4.503582
v 0.000002 6.141044 4.591811
v -0.895816 6.141044 4.503582
v -1.757209 6.141044 4.242281
v -2.551073 6.141044 3.817953
v -3.246900 6.141044 3.246902
v -3.817951 6.141044 2.551075
v -4.242280 6.141044 1.757210
v -4.503581 6.141044 0.895818
v -4.591810 6.141044 0.000001
v -4.503579 6.141044 -0.895817
v -4.242279 6.141044 -1.757209
v -3.817951 6.141044 -2.551072
v -3.246900 6.141044 -3.246900
v -2.551073 6.141044 -3.817950
v -1.757210 6.141044 -4.242279
v -0.895817 6.141044 -4.503579
v 0.000000 6.141044 -4.591810
v 0.895812 6.141044 -4.503581
v 1.807794 7.559587 -4.364415
v 2.624513 7.559587 -3.927871
v 3.340374 7.559587 -3.340381
v 3.927866 7.559587 -2.624521
v 4.364412 7.559587 -1.807803
v 4.633237 7.559587 -0.921612
v 4.724007 7.559587 -0.000004
v 4.633238 7.559587 0.921605
v 4.364415 7.559587 1.807797
v 3.927871 7.559587 2.624516
v 3.340380 7.559587 3.340377
v 2.624520 7.559587 3.927868
v 1.807802 7.559587 4.364413
v 0.921610 7.559587 4.633237
v 0.000002 7.559587 4.724007
v -0.921606 7.559587 4.633238
v -1.807798 7.559587 4.364415
v -2.624517 7.559587 3.927870
v -3.340377 7.559587 3.340379
v -3.927868 7.559587 2.624519
v -4.364413 7.559587 1.807800
v -4.633236 7.559587 0.921609
v -4.724006 7.559587 0.000001
v -4.633235 7.559587 -0.921607
v -4.364412 7.559587 -1.807798
v -3.927868 7.559587 -2.624516
v -3.340377 7.559587 -3.340376
v -2.624517 7.559587 -3.927867
v -1.807799 7.559587 -4.364412
v -0.921608 7.559587 -4.633235
v 0.000000 7.559587 -4.724006
v 0.921602 7.559587 -4.633237
v 1.807794 8.553893 -4.364415
v 2.624513 8.553893 -3.927871
v 3.340374 8.553893 -3.340381
v 3.927866 8.553893 -2.624521
v 4.364412 8.553893 -1.807803
v 4.633237 8.553893 -0.921612
v 4.724007 8.553893 -0.000004
v 4.633238 8.553893 0.921605
v 4.364415 8.553893 1.807797
v 3.927871 8.553893 2.624516
v 3.340380 8.553893 3.340377
v 2.624520 8.553893 3.927868
v 1.807802 8.553893 4.364413
v 0.921610 8.553893 4.633237
v 0.000002 8.553893 4.724007
v -0.921606 8.553893 4.633238
v -1.807798 8.553893 4.364415
v -2.624517 8.553893 3.927870
v -3.340377 8.553893 3.340379
v -3.927868 8.553893 2.624519
v -4.364413 8.553893 1.807800
v -4.633236 8.553893 0.921609
v -4.724006 8.553893 0.000001
v -4.633235 8.553893 -0.921607
v -4.364412 8.553893 -1.807798
v -3.927868 8.553893 -2.624516
v -3.340377 8.553893 -3.340376
v -2.624517 8.553893 -3.927867
v -1.807799 8.553893 -4.364412
v -0.921608 8.553893 -4.633235
v 0.000000 8.553893 -4.724006
v 0.921602 8.553893 -4.633237
v 1.668635 10.171297 -4.028456
v 2.422487 10.171297 -3.625516
v 3.083242 10.171297 -3.083249
v 3.625512 10.171297 -2.422494
v 4.028453 10.171297 -1.668644
v 4.276585 10.171297 -0.850669
v 4.360368 10.171297 -0.000003
v 4.276587 10.171297 0.850663
v 4.028456 10.171297 1.668639
v 3.625516 10.171297 2.422489
v 3.083249 10.171297 3.083245
v 2.422493 10.171297 3.625513
v 1.668643 10.171297 4.028454
v 0.850668 10.171297 4.276586
v 0.000002 10.171297 4.360368
v -0.850664 10.171297 4.276586
v -1.668639 10.171297 4.028456
v -2.422490 10.171297 3.625515
v -3.083245 10.171297 3.083247
v -3.625514 10.171297 2.422492
v -4.028454 10.171297 1.668641
v -4.276585 10.171297 0.850666
v -4.360367 10.171297 0.000001
v -4.276583 10.171297 -0.850665
v -4.028454 10.171297 -1.668640
v -3.625514 10.171297 -2.422489
v -3.083245 10.171297 -3.083245
v -2.422490 10.171297 -3.625513
v -1.668640 10.171297 -4.028453
v -0.850665 10.171297 -4.276583
v 0.000000 10.171297 -4.360367
v 0.850660 10.171297 -4.276585
v 1.384388 11.961048 -3.342221
v 2.009823 11.961048 -3.007920
v 2.558021 11.961048 -2.558027
v 3.007916 11.961048 -2.009829
v 3.342218 11.961048 -1.384396
v 3.548081 11.961048 -0.705760
v 3.617592 11.961048 -0.000003
v 3.548082 11.961048 0.705755
v 3.342220 11.961048 1.384391
v 3.007920 11.961048 2.009825
v 2.558026 11.961048 2.558023
v 2.009828 11.961048 3.007917
v 1.384395 11.961048 3.342219
v 0.705759 11.961048 3.548082
v 0.000002 11.961048 3.617592
v -0.705756 11.961048 3.548082
v -1.384391 11.961048 3.342220
v -2.009826 11.961048 3.007919
v -2.558023 11.961048 2.558025
v -3.007918 11.961048 2.009827
v -3.342219 11.961048 1.384393
v -3.548081 11.961048 0.705757
v -3.617592 11.961048 0.000000
v -3.548080 11.961048 -0.705757
v -3.342219 11.961048 -1.384392
v -3.007918 11.961048 -2.009825
v -2.558023 11.961048 -2.558023
v -2.009826 11.961048 -3.007917
v -1.384392 11.961048 -3.342218
v -0.705757 11.961048 -3.548080
v 0.000000 11.961048 -3.617591
v 0.705752 11.961048 -3.548081
v 0.895563 13.419364 -2.162088
v 1.300158 13.419364 -1.945829
v 1.654788 13.419364 -1.654792
v 1.945826 13.419364 -1.300162
v 2.162086 13.419364 -0.895568
v 2.295260 13.419364 -0.456558
v 2.340226 13.419364 -0.000002
v 2.295260 13.419364 0.456554
v 2.162088 13.419364 0.895564
v 1.945828 13.419364 1.300159
v 1.654791 13.419364 1.654789
v 1.300161 13.419364 1.945827
v 0.895567 13.419364 2.162087
v 0.456557 13.419364 2.295260
v 0.000001 13.419364 2.340226
v -0.456555 13.419364 2.295260
v -0.895565 13.419364 2.162087
v -1.300160 13.419364 1.945827
v -1.654790 13.419364 1.654790
v -1.945827 13.419364 1.300161
v -2.162087 13.419364 0.895566
v -2.295259 13.419364 0.456556
v -2.340226 13.419364 0.000000
v -2.295259 13.419364 -0.456555
v -2.162087 13.419364 -0.895566
v -1.945827 13.419364 -1.300160
v -1.654790 13.419364 -1.654789
v -1.300160 13.419364 -1.945827
v -0.895566 13.419364 -2.162087
v -0.456555 13.419364 -2.295259
v 0.000000 13.419364 -2.340226
v 0.456552 13.419364 -2.295260
v 0.664450 14.161777 -1.604130
v 0.964634 14.161777 -1.443680
v 1.227746 14.161777 -1.227749
v 1.443678 14.161777 -0.964637
v 1.604129 14.161777 -0.664454
v 1.702935 14.161777 -0.338736
v 1.736297 14.161777 -0.000002
v 1.702936 14.161777 0.338733
v 1.604130 14.161777 0.664451
v 1.443679 14.161777 0.964634
v 1.227749 14.161777 1.227747
v 0.964636 14.161777 1.443678
v 0.664453 14.161777 1.604129
v 0.338736 14.161777 1.702935
v 0.000001 14.161777 1.736297
v -0.338734 14.161777 1.702935
v -0.664452 14.161777 1.604130
v -0.964635 14.161777 1.443679
v -1.227747 14.161777 1.227748
v -1.443678 14.161777 0.964635
v -1.604129 14.161777 0.664452
v -1.702935 14.161777 0.338735
v -1.736297 14.161777 -0.000000
v -1.702934 14.161777 -0.338735
v -1.604129 14.161777 -0.664452
v -1.443678 14.161777 -0.964635
v -1.227747 14.161777 -1.227747
v -0.964635 14.161777 -1.443678
v -0.664452 14.161777 -1.604129
v -0.338735 14.161777 -1.702934
v 0.000000 14.161777 -1.736297
v 0.338733 14.161777 -1.702935
v 0.664450 14.347382 -1.604130
v 0.964634 14.347382 -1.443680
v 1.227746 14.347382 -1.227749
v 1.443678 14.347382 -0.964637
v 1.604129 14.347382 -0.664454
v 1.702935 14.347382 -0.338736
v 1.736297 14.347382 -0.000002
v 1.702936 14.347382 0.338733
v 1.604130 14.347382 0.664451
v 1.443679 14.347382 0.964634
v 1.227749 14.347382 1.227747
v 0.964636 14.347382 1.443678
v 0.664453 14.347382 1.604129
v 0.338736 14.347382 1.702935
v 0.000001 14.347382 1.736297
v -0.338734 14.347382 1.702935
v -0.664452 14.347382 1.604130
v -0.964635 14.347382 1.443679
v -1.227747 14.347382 1.227748
v -1.443678 14.347382 0.964635
v -1.604129 14.347382 0.664452
v -1.702935 14.347382 0.338735
v -1.736297 14.347382 -0.000000
v -1.702934 14.347382 -0.338735
v -1.604129 14.347382 -0.664452
v -1.443678 14.347382 -0.964635
v -1.227747 14.347382 -1.227747
v -0.964635 14.347382 -1.443678
v -0.664452 14.347382 -1.604129
v -0.338735 14.347382 -1.702934
v 0.000000 14.347382 -1.736297
v 0.338733 14.347382 -1.702935
v 0.711774 14.347382 -1.718380
v 1.033337 14.347382 -1.546502
v 1.315189 14.347382 -1.315192
v 1.546500 14.347382 -1.033341
v 1.718379 14.347382 -0.711778
v 1.824222 14.347382 -0.362862
v 1.859961 14.347382 -0.000002
v 1.824223 14.347382 0.362859
v 1.718380 14.347382 0.711775
v 1.546502 14.347382 1.033338
v 1.315192 14.347382 1.315190
v 1.033340 14.347382 1.546500
v 0.711777 14.347382 1.718379
v 0.362861 14.347382 1.824222
v 0.000001 14.347382 1.859960
v -0.362860 14.347382 1.824222
v -0.711776 14.347382 1.718380
v -1.033339 14.347382 1.546501
v -1.315191 14.347382 1.315191
v -1.546501 14.347382 1.033339
v -1.718379 14.347382 0.711776
v -1.824222 14.347382 0.362860
v -1.859960 14.347382 -0.000000
v -1.824221 14.347382 -0.362860
v -1.718379 14.347382 -0.711776
v -1.546501 14.347382 -1.033339
v -1.315191 14.347382 -1.315191
v -1.033339 14.347382 -1.546501
v -0.711776 14.347382 -1.718379
v -0.362860 14.347382 -1.824221
v 0.000000 14.347382 -1.859961
v 0.362858 14.347382 -1.824222
v 0.711774 14.571152 -1.718380
v 1.033337 14.571152 -1.546502
v 1.315189 14.571152 -1.315192
v 1.546500 14.571152 -1.033341
v 1.718379 14.571152 -0.711778
v 1.824222 14.571152 -0.362862
v 1.859961 14.571152 -0.000002
v 1.824223 14.571152 0.362859
v 1.718380 14.571152 0.711775
v 1.546502 14.571152 1.033338
v 1.315192 14.571152 1.315190
v 1.033340 14.571152 1.546500
v 0.711777 14.571152 1.718379
v 0.362861 14.571152 1.824222
v 0.000001 14.571152 1.859960
v -0.362860 14.571152 1.824222
v -0.711776 14.571152 1.718380
v -1.033339 14.571152 1.546501
v -1.315191 14.571152 1.315191
v -1.546501 14.571152 1.033339
v -1.718379 14.571152 0.711776
v -1.824222 14.571152 0.362860
v -1.859960 14.571152 -0.000000
v -1.824221 14.571152 -0.362860
v -1.718379 14.571152 -0.711776
v -1.546501 14.571152 -1.033339
v -1.315191 14.571152 -1.315191
v -1.033339 14.571152 -1.546501
v -0.711776 14.571152 -1.718379
v -0.362860 14.571152 -1.824221
v 0.000000 14.571152 -1.859961
v 0.362858 14.571152 -1.824222
v 0.669435 14.571152 -1.616165
v 0.971870 14.571152 -1.454511
v 1.236957 14.571152 -1.236960
v 1.454508 14.571152 -0.971874
v 1.616164 14.571152 -0.669439
v 1.715711 14.571152 -0.341278
v 1.749323 14.571152 -0.000002
v 1.715711 14.571152 0.341275
v 1.616165 14.571152 0.669436
v 1.454510 14.571152 0.971871
v 1.236960 14.571152 1.236958
v 0.971873 14.571152 1.454509
v 0.669438 14.571152 1.616164
v 0.341277 14.571152 1.715711
v 0.000001 14.571152 1.749323
v -0.341275 14.571152 1.715711
v -0.669437 14.571152 1.616164
v -0.971872 14.571152 1.454509
v -1.236958 14.571152 1.236959
v -1.454509 14.571152 0.971872
v -1.616164 14.571152 0.669437
v -1.715711 14.571152 0.341276
v -1.749323 14.571152 -0.000000
v -1.715710 14.571152 -0.341276
v -1.616164 14.571152 -0.669437
v -1.454509 14.571152 -0.971872
v -1.236958 14.571152 -1.236958
v -0.971872 14.571152 -1.454509
v -0.669437 14.571152 -1.616164
v -0.341276 14.571152 -1.715710
v 0.000000 14.571152 -1.749323
v 0.341274 14.571152 -1.715711
v 0.669435 14.935577 -1.616165
v 0.971870 14.935577 -1.454511
v 1.236957 14.935577 -1.236960
v 1.454508 14.935577 -0.971874
v 1.616164 14.935577 -0.669439
v 1.715711 14.935577 -0.341278
v 1.749323 14.935577 -0.000002
v 1.715711 14.935577 0.341275
v 1.616165 14.935577 0.669436
v 1.454510 14.935577 0.971871
v 1.236960 14.935577 1.236958
v 0.971873 14.935577 1.454509
v 0.669438 14.935577 1.616164
v 0.341277 14.935577 1.715711
v 0.000001 14.935577 1.749323
v -0.341275 14.935577 1.715711
v -0.669437 14.935577 1.616164
v -0.971872 14.935577 1.454509
v -1.236958 14.935577 1.236959
v -1.454509 14.935577 0.971872
v -1.616164 14.935577 0.669437
v -1.715711 14.935577 0.341276
v -1.749323 14.935577 -0.000000
v -1.715710 14.935577 -0.341276
v -1.616164 14.935577 -0.669437
v -1.454509 14.935577 -0.971872
v -1.236958 14.935577 -1.236958
v -0.971872 14.935577 -1.454509
v -0.669437 14.935577 -1.616164
v -0.341276 14.935577 -1.715710
v 0.000000 14.935577 -1.749323
v 0.341274 14.935577 -1.715711
v 0.824655 14.935577 -1.990900
v 1.197215 14.935577 -1.791763
v 1.523766 14.935577 -1.523770
v 1.791761 14.935577 -1.197219
v 1.990898 14.935577 -0.824659
v 2.113527 14.935577 -0.420409
v 2.154934 14.935577 -0.000002
v 2.113528 14.935577 0.420405
v 1.990900 14.935577 0.824656
v 1.791763 14.935577 1.197216
v 1.523770 14.935577 1.523768
v 1.197218 14.935577 1.791761
v 0.824659 14.935577 1.990899
v 0.420408 14.935577 2.113528
v 0.000001 14.935577 2.154933
v -0.420406 14.935577 2.113528
v -0.824657 14.935577 1.990899
v -1.197217 14.935577 1.791762
v -1.523768 14.935577 1.523768
v -1.791762 14.935577 1.197217
v -1.990898 14.935577 0.824657
v -2.113527 14.935577 0.420407
v -2.154933 14.935577 0.000000
v -2.113526 14.935577 -0.420407
v -1.990898 14.935577 -0.824657
v -1.791762 14.935577 -1.197217
v -1.523768 14.935577 -1.523768
v -1.197217 14.935577 -1.791762
v -0.824657 14.935577 -1.990898
v -0.420406 14.935577 -2.113526
v 0.000000 14.935577 -2.154933
v 0.420404 14.935577 -2.113527
v 0.824655 15.568526 -1.990900
v 1.197215 15.568526 -1.791763
v 1.523766 15.568526 -1.523770
v 1.791761 15.568526 -1.197219
v 1.990898 15.568526 -0.824659
v 2.113527 15.568526 -0.420409
v 2.154934 15.568526 -0.000002
v 2.113528 15.568526 0.420405
v 1.990900 15.568526 0.824656
v 1.791763 15.568526 1.197216
v 1.523770 15.568526 1.523768
v 1.197218 15.568526 1.791761
v 0.824659 15.568526 1.990899
v 0.420408 15.568526 2.113528
v 0.000001 15.568526 2.154933
v -0.420406 15.568526 2.113528
v -0.824657 15.568526 1.990899
v -1.197217 15.568526 1.791762
v -1.523768 15.568526 1.523768
v -1.791762 15.568526 1.197217
v -1.990898 15.568526 0.824657
v -2.113527 15.568526 0.420407
v -2.154933 15.568526 0.000000
v -2.113526 15.568526 -0.420407
v -1.990898 15.568526 -0.824657
v -1.791762 15.568526 -1.197217
v -1.523768 15.568526 -1.523768
v -1.197217 15.568526 -1.791762
v -0.824657 15.568526 -1.990898
v -0.420406 15.568526 -2.113526
v 0.000000 15.568526 -2.154933
v 0.420404 15.568526 -2.113527
v 0.763362 15.600493 -1.842924
v 1.108231 15.600493 -1.658589
v 1.410511 15.600493 -1.410514
v 1.658586 15.600493 -1.108234
v 1.842923 15.600493 -0.763366
v 1.956437 15.600493 -0.389161
v 1.994766 15.600493 -0.000002
v 1.956438 15.600493 0.389158
v 1.842924 15.600493 0.763363
v 1.658588 15.600493 1.108231
v 1.410514 15.600493 1.410512
v 1.108234 15.600493 1.658587
v 0.763365 15.600493 1.842923
v 0.389161 15.600493 1.956437
v 0.000001 15.600493 1.994766
v -0.389159 15.600493 1.956437
v -0.763363 15.600493 1.842924
v -1.108232 15.600493 1.658587
v -1.410512 15.600493 1.410513
v -1.658587 15.600493 1.108233
v -1.842923 15.600493 0.763364
v -1.956437 15.600493 0.389160
v -1.994766 15.600493 0.000000
v -1.956436 15.600493 -0.389159
v -1.842923 15.600493 -0.763364
v -1.658587 15.600493 -1.108232
v -1.410512 15.600493 -1.410512
v -1.108232 15.600493 -1.658587
v -0.763364 15.600493 -1.842923
v -0.389159 15.600493 -1.956437
v 0.000000 15.600493 -1.994766
v 0.389157 15.600493 -1.956437
v 0.821566 15.677215 -1.983443
v 1.192731 15.677215 -1.785052
v 1.518059 15.677215 -1.518062
v 1.785049 15.677215 -1.192734
v 1.983441 15.677215 -0.821570
v 2.105611 15.677215 -0.418834
v 2.146862 15.677215 -0.000002
v 2.105611 15.677215 0.418830
v 1.983442 15.677215 0.821567
v 1.785052 15.677215 1.192731
v 1.518062 15.677215 1.518060
v 1.192734 15.677215 1.785050
v 0.821570 15.677215 1.983441
v 0.418833 15.677215 2.105611
v 0.000001 15.677215 2.146861
v -0.418831 15.677215 2.105611
v -0.821568 15.677215 1.983442
v -1.192732 15.677215 1.785051
v -1.518060 15.677215 1.518061
v -1.785050 15.677215 1.192733
v -1.983441 15.677215 0.821568
v -2.105610 15.677215 0.418832
v -2.146862 15.677215 0.000000
v -2.105610 15.677215 -0.418832
v -1.983441 15.677215 -0.821568
v -1.785050 15.677215 -1.192732
v -1.518060 15.677215 -1.518060
v -1.192732 15.677215 -1.785050
v -0.821568 15.677215 -1.983441
v -0.418832 15.677215 -2.105610
v 0.000000 15.677215 -2.146862
v 0.418829 15.677215 -2.105611
v 0.821566 16.891966 -1.983443
v 1.192731 16.891966 -1.785052
v 1.518059 16.891966 -1.518062
v 1.785049 16.891966 -1.192734
v 1.983441 16.891966 -0.821570
v 2.105611 16.891966 -0.418834
v 2.146862 16.891966 -0.000002
v 2.105611 16.891966 0.418830
v 1.983442 16.891966 0.821567
v 1.785052 16.891966 1.192731
v 1.518062 16.891966 1.518060
v 1.192734 16.891966 1.785050
v 0.821570 16.891966 1.983441
v 0.418833 16.891966 2.105611
v 0.000001 16.891966 2.146861
v -0.418831 16.891966 2.105611
v -0.821568 16.891966 1.983442
v -1.192732 16.891966 1.785051
v -1.518060 16.891966 1.518061
v -1.785050 16.891966 1.192733
v -1.983441 16.891966 0.821568
v -2.105610 16.891966 0.418832
v -2.146862 16.891966 0.000000
v -2.105610 16.891966 -0.418832
v -1.983441 16.891966 -0.821568
v -1.785050 16.891966 -1.192732
v -1.518060 16.891966 -1.518060
v -1.192732 16.891966 -1.785050
v -0.821568 16.891966 -1.983441
v -0.418832 16.891966 -2.105610
v 0.000000 16.891966 -2.146862
v 0.418829 16.891966 -2.105611
v 0.000000 16.891966 -0.000000
vt 0.919509 0.527605
vt 0.945724 0.527605
vt 0.945724 0.122791
vt 0.919509 0.122791
vt 0.876939 0.527605
vt 0.819649 0.527605
vt 0.819649 0.122791
vt 0.876939 0.122791
vt 0.033235 0.527605
vt 0.042086 0.527605
vt 0.042086 0.122791
vt 0.033235 0.122791
vt 0.876938 0.527605
vt 0.876938 0.122791
vt 0.919509 0.527605
vt 0.919509 0.122791
vt 0.042086 0.527605
vt 0.042086 0.122791
vt 0.819648 0.527605
vt 0.819648 0.122791
vt 0.945724 0.527605
vt 0.945724 0.122791
vt 0.068301 0.527605
vt 0.068301 0.122791
vt 0.749840 0.527605
vt 0.749840 0.122791
vt 0.954575 0.527605
vt 0.954575 0.122791
vt 0.110872 0.527605
vt 0.110872 0.122791
vt 0.670196 0.527605
vt 0.670196 0.122791
vt 0.168162 0.527605
vt 0.168162 0.122791
vt 0.583777 0.527605
vt 0.583777 0.122791
vt 0.237970 0.527605
vt 0.237970 0.122791
vt 0.493905 0.527605
vt 0.493905 0.122791
vt 0.317614 0.527605
vt 0.317614 0.122791
vt 0.404033 0.527605
vt 0.404033 0.122791
vt 0.404033 0.527605
vt 0.404033 0.122791
vt 0.317614 0.527605
vt 0.317614 0.122791
vt 0.493905 0.527605
vt 0.493905 0.122791
vt 0.237970 0.527605
vt 0.237970 0.122791
vt 0.583778 0.527605
vt 0.583778 0.122791
vt 0.168162 0.527605
vt 0.168162 0.122791
vt 0.670197 0.527605
vt 0.670197 0.122791
vt 0.110872 0.527605
vt 0.110872 0.122791
vt 0.749840 0.527605
vt 0.749840 0.122791
vt 0.068301 0.527605
vt 0.068301 0.122791
vt 0.410258 0.106846
vt 0.493905 0.106846
vt 0.329825 0.106846
vt 0.255698 0.106846
vt 0.577552 0.106846
vt 0.190725 0.106846
vt 0.657985 0.106846
vt 0.137403 0.106846
vt 0.732113 0.106846
vt 0.097781 0.106846
vt 0.922666 0.106846
vt 0.914428 0.106846
vt 0.797085 0.106846
vt 0.073382 0.106846
vt 0.890029 0.106846
vt 0.850408 0.106846
vt 0.065143 0.106846
vt 0.850407 0.106846
vt 0.890029 0.106846
vt 0.073382 0.106846
vt 0.797085 0.106846
vt 0.914428 0.106846
vt 0.097781 0.106846
vt 0.732112 0.106846
vt 0.137403 0.106846
vt 0.657985 0.106846
vt 0.190725 0.106846
vt 0.577552 0.106846
vt 0.255698 0.106846
vt 0.493905 0.106846
vt 0.329825 0.106846
vt 0.410258 0.106846
vt 0.664287 0.101154
vt 0.741261 0.101154
vt 0.123711 0.101154
vt 0.082568 0.101154
vt 0.939133 0.101154
vt 0.930578 0.101154
vt 0.808729 0.101154
vt 0.057232 0.101154
vt 0.905242 0.101154
vt 0.864099 0.101154
vt 0.048677 0.101154
vt 0.864098 0.101154
vt 0.905242 0.101154
vt 0.057232 0.101154
vt 0.808729 0.101154
vt 0.930578 0.101154
vt 0.082568 0.101154
vt 0.741260 0.101154
vt 0.123712 0.101154
vt 0.664286 0.101154
vt 0.179081 0.101154
vt 0.580764 0.101154
vt 0.246550 0.101154
vt 0.493905 0.101154
vt 0.323524 0.101154
vt 0.407045 0.101154
vt 0.407046 0.101154
vt 0.323524 0.101154
vt 0.493905 0.101154
vt 0.246550 0.101154
vt 0.580765 0.101154
vt 0.179081 0.101154
vt 0.905242 0.092438
vt 0.864098 0.092438
vt 0.864099 0.092438
vt 0.905242 0.092438
vt 0.048677 0.092438
vt 0.057232 0.092438
vt 0.808729 0.092438
vt 0.930578 0.092438
vt 0.082568 0.092438
vt 0.741260 0.092438
vt 0.939133 0.092438
vt 0.123712 0.092438
vt 0.664286 0.092438
vt 0.179081 0.092438
vt 0.580764 0.092438
vt 0.246550 0.092438
vt 0.493905 0.092438
vt 0.323524 0.092438
vt 0.407045 0.092438
vt 0.407046 0.092438
vt 0.323524 0.092438
vt 0.493905 0.092438
vt 0.246550 0.092438
vt 0.580765 0.092438
vt 0.179081 0.092438
vt 0.664287 0.092438
vt 0.123711 0.092438
vt 0.741261 0.092438
vt 0.082568 0.092438
vt 0.930578 0.092438
vt 0.808729 0.092438
vt 0.057232 0.092438
vt 0.749545 0.086892
vt 0.669993 0.086892
vt 0.111312 0.086892
vt 0.168537 0.086892
vt 0.583674 0.086892
vt 0.238265 0.086892
vt 0.493905 0.086892
vt 0.317817 0.086892
vt 0.404136 0.086892
vt 0.404136 0.086892
vt 0.317817 0.086892
vt 0.493905 0.086892
vt 0.238264 0.086892
vt 0.583674 0.086892
vt 0.168536 0.086892
vt 0.669994 0.086892
vt 0.111312 0.086892
vt 0.749546 0.086892
vt 0.068790 0.086892
vt 0.954046 0.086892
vt 0.945204 0.086892
vt 0.819274 0.086892
vt 0.042606 0.086892
vt 0.919019 0.086892
vt 0.876498 0.086892
vt 0.033764 0.086892
vt 0.876498 0.086892
vt 0.919020 0.086892
vt 0.042606 0.086892
vt 0.819273 0.086892
vt 0.945204 0.086892
vt 0.068790 0.086892
vt 0.954046 0.035363
vt 0.945204 0.035363
vt 0.749546 0.035363
vt 0.819274 0.035363
vt 0.068790 0.035363
vt 0.042606 0.035363
vt 0.919019 0.035363
vt 0.876498 0.035363
vt 0.033764 0.035363
vt 0.876498 0.035363
vt 0.919020 0.035363
vt 0.042606 0.035363
vt 0.819273 0.035363
vt 0.945204 0.035363
vt 0.068790 0.035363
vt 0.749545 0.035363
vt 0.111312 0.035363
vt 0.669993 0.035363
vt 0.168537 0.035363
vt 0.583674 0.035363
vt 0.238265 0.035363
vt 0.493905 0.035363
vt 0.317817 0.035363
vt 0.404136 0.035363
vt 0.404136 0.035363
vt 0.317817 0.035363
vt 0.493905 0.035363
vt 0.238264 0.035363
vt 0.583674 0.035363
vt 0.168536 0.035363
vt 0.669994 0.035363
vt 0.111312 0.035363
vt 0.847233 0.024345
vt 0.794386 0.024345
vt 0.886503 0.024345
vt 0.910684 0.024345
vt 0.077126 0.024345
vt 0.101308 0.024345
vt 0.729992 0.024345
vt 0.918849 0.024345
vt 0.140577 0.024345
vt 0.656524 0.024345
vt 0.193424 0.024345
vt 0.576807 0.024345
vt 0.257819 0.024345
vt 0.493905 0.024345
vt 0.331286 0.024345
vt 0.411002 0.024345
vt 0.411003 0.024345
vt 0.331286 0.024345
vt 0.493905 0.024345
vt 0.257818 0.024345
vt 0.576808 0.024345
vt 0.193424 0.024345
vt 0.656525 0.024345
vt 0.140577 0.024345
vt 0.729992 0.024345
vt 0.101308 0.024345
vt 0.910684 0.024345
vt 0.794386 0.024345
vt 0.077126 0.024345
vt 0.886502 0.024345
vt 0.847234 0.024345
vt 0.068961 0.024345
vt 0.605918 0.021104
vt 0.551008 0.021104
vt 0.286933 0.021104
vt 0.331288 0.021104
vt 0.493905 0.021104
vt 0.381892 0.021104
vt 0.436801 0.021104
vt 0.436802 0.021104
vt 0.381892 0.021104
vt 0.493905 0.021104
vt 0.331288 0.021104
vt 0.551008 0.021104
vt 0.286932 0.021104
vt 0.605918 0.021104
vt 0.250531 0.021104
vt 0.656522 0.021104
vt 0.223482 0.021104
vt 0.786608 0.021104
vt 0.780984 0.021104
vt 0.700877 0.021104
vt 0.206826 0.021104
vt 0.764328 0.021104
vt 0.737279 0.021104
vt 0.201202 0.021104
vt 0.737279 0.021104
vt 0.764328 0.021104
vt 0.206826 0.021104
vt 0.700877 0.021104
vt 0.780984 0.021104
vt 0.223483 0.021104
vt 0.656522 0.021104
vt 0.250531 0.021104
vt 0.459003 0.033287
vt 0.425442 0.033287
vt 0.459003 0.033287
vt 0.493905 0.033287
vt 0.394512 0.033287
vt 0.528807 0.033287
vt 0.367402 0.033287
vt 0.562368 0.033287
vt 0.345153 0.033287
vt 0.593298 0.033287
vt 0.328620 0.033287
vt 0.672808 0.033287
vt 0.669370 0.033287
vt 0.620408 0.033287
vt 0.318440 0.033287
vt 0.659189 0.033287
vt 0.642657 0.033287
vt 0.315002 0.033287
vt 0.642657 0.033287
vt 0.659189 0.033287
vt 0.318440 0.033287
vt 0.620408 0.033287
vt 0.669370 0.033287
vt 0.328620 0.033287
vt 0.593298 0.033287
vt 0.345153 0.033287
vt 0.562368 0.033287
vt 0.367402 0.033287
vt 0.528807 0.033287
vt 0.394512 0.033287
vt 0.493905 0.033287
vt 0.425442 0.033287
vt 0.493905 0.042558
vt 0.246241 0.543550
vt 0.178688 0.543550
vt 0.493905 0.543550
vt 0.580873 0.543550
vt 0.323311 0.543550
vt 0.406937 0.543550
vt 0.406937 0.543550
vt 0.323311 0.543550
vt 0.493905 0.543550
vt 0.246241 0.543550
vt 0.580873 0.543550
vt 0.178688 0.543550
vt 0.664499 0.543550
vt 0.123249 0.543550
vt 0.741569 0.543550
vt 0.082055 0.543550
vt 0.931123 0.543550
vt 0.939689 0.543550
vt 0.809122 0.543550
vt 0.056687 0.543550
vt 0.905755 0.543550
vt 0.864561 0.543550
vt 0.048121 0.543550
vt 0.864560 0.543550
vt 0.905756 0.543550
vt 0.056687 0.543550
vt 0.809121 0.543550
vt 0.931123 0.543550
vt 0.082055 0.543550
vt 0.741569 0.543550
vt 0.123250 0.543550
vt 0.664499 0.543550
vt 0.408742 0.549383
vt 0.493905 0.549383
vt 0.251382 0.549383
vt 0.185232 0.549383
vt 0.579068 0.549383
vt 0.130944 0.549383
vt 0.660957 0.549383
vt 0.090604 0.549383
vt 0.930434 0.549383
vt 0.922047 0.549383
vt 0.736427 0.549383
vt 0.065763 0.549383
vt 0.897206 0.549383
vt 0.802578 0.549383
vt 0.856866 0.549383
vt 0.856866 0.549383
vt 0.057376 0.549383
vt 0.802578 0.549383
vt 0.897205 0.549383
vt 0.065763 0.549383
vt 0.736428 0.549383
vt 0.922047 0.549383
vt 0.090604 0.549383
vt 0.660958 0.549383
vt 0.130944 0.549383
vt 0.579068 0.549383
vt 0.185232 0.549383
vt 0.493905 0.549383
vt 0.251382 0.549383
vt 0.408743 0.549383
vt 0.326852 0.549383
vt 0.326853 0.549383
vt 0.649772 0.557161
vt 0.720189 0.557161
vt 0.155247 0.557161
vt 0.117608 0.557161
vt 0.901206 0.557161
vt 0.893379 0.557161
vt 0.781910 0.557161
vt 0.094430 0.557161
vt 0.870202 0.557161
vt 0.832563 0.557161
vt 0.086604 0.557161
vt 0.832563 0.557161
vt 0.870202 0.557161
vt 0.094430 0.557161
vt 0.781910 0.557161
vt 0.893379 0.557161
vt 0.117608 0.557161
vt 0.720190 0.557161
vt 0.155247 0.557161
vt 0.649773 0.557161
vt 0.205900 0.557161
vt 0.573366 0.557161
vt 0.267621 0.557161
vt 0.493905 0.557161
vt 0.338038 0.557161
vt 0.414445 0.557161
vt 0.414445 0.557161
vt 0.338038 0.557161
vt 0.493905 0.557161
vt 0.267621 0.557161
vt 0.573365 0.557161
vt 0.205900 0.557161
vt 0.855813 0.564550
vt 0.896036 0.564550
vt 0.058641 0.564550
vt 0.067005 0.564550
vt 0.855814 0.564550
vt 0.801683 0.564550
vt 0.920805 0.564550
vt 0.091774 0.564550
vt 0.735725 0.564550
vt 0.929168 0.564550
vt 0.131996 0.564550
vt 0.660473 0.564550
vt 0.186127 0.564550
vt 0.578821 0.564550
vt 0.252085 0.564550
vt 0.493905 0.564550
vt 0.327337 0.564550
vt 0.408989 0.564550
vt 0.408989 0.564550
vt 0.327337 0.564550
vt 0.493905 0.564550
vt 0.252086 0.564550
vt 0.578821 0.564550
vt 0.186127 0.564550
vt 0.660473 0.564550
vt 0.131997 0.564550
vt 0.735724 0.564550
vt 0.091774 0.564550
vt 0.920805 0.564550
vt 0.801683 0.564550
vt 0.067005 0.564550
vt 0.896036 0.564550
vt 0.131996 0.576605
vt 0.186127 0.576605
vt 0.660473 0.576605
vt 0.578821 0.576605
vt 0.252085 0.576605
vt 0.493905 0.576605
vt 0.327337 0.576605
vt 0.408989 0.576605
vt 0.408989 0.576605
vt 0.327337 0.576605
vt 0.493905 0.576605
vt 0.252086 0.576605
vt 0.578821 0.576605
vt 0.186127 0.576605
vt 0.660473 0.576605
vt 0.131997 0.576605
vt 0.735724 0.576605
vt 0.091774 0.576605
vt 0.929168 0.576605
vt 0.920805 0.576605
vt 0.801683 0.576605
vt 0.067005 0.576605
vt 0.896036 0.576605
vt 0.855813 0.576605
vt 0.058641 0.576605
vt 0.855814 0.576605
vt 0.896036 0.576605
vt 0.067005 0.576605
vt 0.801683 0.576605
vt 0.920805 0.576605
vt 0.091774 0.576605
vt 0.735725 0.576605
vt 0.319224 0.583994
vt 0.404853 0.583994
vt 0.404854 0.583994
vt 0.319224 0.583994
vt 0.493905 0.583994
vt 0.240307 0.583994
vt 0.582956 0.583994
vt 0.171136 0.583994
vt 0.668586 0.583994
vt 0.114369 0.583994
vt 0.747503 0.583994
vt 0.072187 0.583994
vt 0.950369 0.583994
vt 0.941598 0.583994
vt 0.816674 0.583994
vt 0.046212 0.583994
vt 0.915623 0.583994
vt 0.873441 0.583994
vt 0.037441 0.583994
vt 0.873441 0.583994
vt 0.915623 0.583994
vt 0.046212 0.583994
vt 0.816674 0.583994
vt 0.941598 0.583994
vt 0.072187 0.583994
vt 0.747503 0.583994
vt 0.114369 0.583994
vt 0.668587 0.583994
vt 0.171136 0.583994
vt 0.582957 0.583994
vt 0.240307 0.583994
vt 0.493905 0.583994
vt 0.582956 0.599938
vt 0.668586 0.599938
vt 0.171136 0.599938
vt 0.114369 0.599938
vt 0.747503 0.599938
vt 0.072187 0.599938
vt 0.950369 0.599938
vt 0.941598 0.599938
vt 0.816674 0.599938
vt 0.046212 0.599938
vt 0.915623 0.599938
vt 0.873441 0.599938
vt 0.037441 0.599938
vt 0.873441 0.599938
vt 0.915623 0.599938
vt 0.046212 0.599938
vt 0.816674 0.599938
vt 0.941598 0.599938
vt 0.072187 0.599938
vt 0.747503 0.599938
vt 0.114369 0.599938
vt 0.668587 0.599938
vt 0.171136 0.599938
vt 0.582957 0.599938
vt 0.240307 0.599938
vt 0.493905 0.599938
vt 0.319224 0.599938
vt 0.404854 0.599938
vt 0.404853 0.599938
vt 0.319224 0.599938
vt 0.493905 0.599938
vt 0.240307 0.599938
vt 0.897124 0.611800
vt 0.921960 0.611800
vt 0.879439 0.623661
vt 0.857070 0.623661
vt 0.856793 0.611800
vt 0.802515 0.611800
vt 0.771859 0.623661
vt 0.820745 0.623661
vt 0.057464 0.611800
vt 0.065850 0.611800
vt 0.108371 0.623661
vt 0.100818 0.623661
vt 0.856793 0.611800
vt 0.820745 0.623661
vt 0.897124 0.611800
vt 0.857070 0.623661
vt 0.065850 0.611800
vt 0.108371 0.623661
vt 0.802516 0.611800
vt 0.771860 0.623661
vt 0.921960 0.611800
vt 0.879439 0.623661
vt 0.090686 0.611800
vt 0.130740 0.623661
vt 0.736379 0.611800
vt 0.712293 0.623661
vt 0.930346 0.611800
vt 0.886992 0.623661
vt 0.131017 0.611800
vt 0.167065 0.623661
vt 0.660924 0.611800
vt 0.644333 0.623661
vt 0.185294 0.611800
vt 0.215951 0.623661
vt 0.579051 0.611800
vt 0.570593 0.623661
vt 0.251431 0.611800
vt 0.275517 0.623661
vt 0.493905 0.611800
vt 0.493905 0.623661
vt 0.326886 0.611800
vt 0.343477 0.623661
vt 0.408760 0.611800
vt 0.417218 0.623661
vt 0.408760 0.611800
vt 0.417218 0.623661
vt 0.326886 0.611800
vt 0.343477 0.623661
vt 0.493905 0.611800
vt 0.493905 0.623661
vt 0.251431 0.611800
vt 0.275518 0.623661
vt 0.579050 0.611800
vt 0.570592 0.623661
vt 0.185295 0.611800
vt 0.215951 0.623661
vt 0.660924 0.611800
vt 0.644333 0.623661
vt 0.131017 0.611800
vt 0.167065 0.623661
vt 0.736378 0.611800
vt 0.712292 0.623661
vt 0.090686 0.611800
vt 0.130740 0.623661
vt 0.771860 0.643494
vt 0.712293 0.643494
vt 0.879439 0.643494
vt 0.886992 0.643494
vt 0.130740 0.643494
vt 0.167065 0.643494
vt 0.644333 0.643494
vt 0.215951 0.643494
vt 0.570593 0.643494
vt 0.275517 0.643494
vt 0.493905 0.643494
vt 0.343477 0.643494
vt 0.417218 0.643494
vt 0.417218 0.643494
vt 0.343477 0.643494
vt 0.493905 0.643494
vt 0.275518 0.643494
vt 0.570592 0.643494
vt 0.215951 0.643494
vt 0.644333 0.643494
vt 0.167065 0.643494
vt 0.712292 0.643494
vt 0.130740 0.643494
vt 0.879439 0.643494
vt 0.771859 0.643494
vt 0.108371 0.643494
vt 0.857070 0.643494
vt 0.820745 0.643494
vt 0.100818 0.643494
vt 0.820745 0.643494
vt 0.857070 0.643494
vt 0.108371 0.643494
vt 0.326486 0.676161
vt 0.250850 0.676161
vt 0.493905 0.676161
vt 0.579255 0.676161
vt 0.184554 0.676161
vt 0.661325 0.676161
vt 0.130147 0.676161
vt 0.736960 0.676161
vt 0.089719 0.676161
vt 0.931393 0.676161
vt 0.922987 0.676161
vt 0.803256 0.676161
vt 0.064823 0.676161
vt 0.898092 0.676161
vt 0.857663 0.676161
vt 0.056417 0.676161
vt 0.857663 0.676161
vt 0.898091 0.676161
vt 0.064823 0.676161
vt 0.803256 0.676161
vt 0.922987 0.676161
vt 0.089718 0.676161
vt 0.736961 0.676161
vt 0.130147 0.676161
vt 0.661325 0.676161
vt 0.184554 0.676161
vt 0.579255 0.676161
vt 0.250850 0.676161
vt 0.493905 0.676161
vt 0.326485 0.676161
vt 0.408556 0.676161
vt 0.408555 0.676161
vt 0.119674 0.717772
vt 0.078082 0.717772
vt 0.943988 0.717772
vt 0.935340 0.717772
vt 0.743958 0.717772
vt 0.812162 0.717772
vt 0.052470 0.717772
vt 0.909728 0.717772
vt 0.868135 0.717772
vt 0.043822 0.717772
vt 0.868136 0.717772
vt 0.909727 0.717772
vt 0.052470 0.717772
vt 0.812162 0.717772
vt 0.935340 0.717772
vt 0.078082 0.717772
vt 0.743958 0.717772
vt 0.119674 0.717772
vt 0.666145 0.717772
vt 0.175648 0.717772
vt 0.581712 0.717772
vt 0.243852 0.717772
vt 0.493905 0.717772
vt 0.321666 0.717772
vt 0.406098 0.717772
vt 0.406098 0.717772
vt 0.321666 0.717772
vt 0.493905 0.717772
vt 0.243852 0.717772
vt 0.581712 0.717772
vt 0.175648 0.717772
vt 0.666144 0.717772
vt 0.043822 0.746939
vt 0.052470 0.746939
vt 0.868136 0.746939
vt 0.812162 0.746939
vt 0.909727 0.746939
vt 0.935340 0.746939
vt 0.078082 0.746939
vt 0.743958 0.746939
vt 0.943988 0.746939
vt 0.119674 0.746939
vt 0.666145 0.746939
vt 0.175648 0.746939
vt 0.581712 0.746939
vt 0.243852 0.746939
vt 0.493905 0.746939
vt 0.321666 0.746939
vt 0.406098 0.746939
vt 0.406098 0.746939
vt 0.321666 0.746939
vt 0.493905 0.746939
vt 0.243852 0.746939
vt 0.581712 0.746939
vt 0.175648 0.746939
vt 0.666144 0.746939
vt 0.119674 0.746939
vt 0.743958 0.746939
vt 0.078082 0.746939
vt 0.935340 0.746939
vt 0.812162 0.746939
vt 0.052470 0.746939
vt 0.909728 0.746939
vt 0.868135 0.746939
vt 0.148481 0.794384
vt 0.200146 0.794384
vt 0.652886 0.794384
vt 0.574953 0.794384
vt 0.263100 0.794384
vt 0.493905 0.794384
vt 0.334924 0.794384
vt 0.412857 0.794384
vt 0.412857 0.794384
vt 0.334924 0.794384
vt 0.493905 0.794384
vt 0.263100 0.794384
vt 0.574953 0.794384
vt 0.200146 0.794384
vt 0.652886 0.794384
vt 0.148482 0.794384
vt 0.724709 0.794384
vt 0.110091 0.794384
vt 0.909342 0.794384
vt 0.901360 0.794384
vt 0.787663 0.794384
vt 0.086450 0.794384
vt 0.877719 0.794384
vt 0.839329 0.794384
vt 0.078468 0.794384
vt 0.839329 0.794384
vt 0.877719 0.794384
vt 0.086450 0.794384
vt 0.787664 0.794384
vt 0.901360 0.794384
vt 0.110091 0.794384
vt 0.724710 0.794384
vt 0.362006 0.846884
vt 0.426663 0.846884
vt 0.426664 0.846884
vt 0.362006 0.846884
vt 0.493905 0.846884
vt 0.302417 0.846884
vt 0.561147 0.846884
vt 0.250188 0.846884
vt 0.625804 0.846884
vt 0.207323 0.846884
vt 0.685393 0.846884
vt 0.175473 0.846884
vt 0.838574 0.846884
vt 0.831951 0.846884
vt 0.737623 0.846884
vt 0.155859 0.846884
vt 0.812338 0.846884
vt 0.780487 0.846884
vt 0.149236 0.846884
vt 0.780487 0.846884
vt 0.812337 0.846884
vt 0.155859 0.846884
vt 0.737623 0.846884
vt 0.831951 0.846884
vt 0.175473 0.846884
vt 0.685393 0.846884
vt 0.207323 0.846884
vt 0.625804 0.846884
vt 0.250187 0.846884
vt 0.561147 0.846884
vt 0.302417 0.846884
vt 0.493905 0.846884
vt 0.537404 0.889662
vt 0.579231 0.889662
vt 0.336244 0.889662
vt 0.308515 0.889662
vt 0.617779 0.889662
vt 0.287911 0.889662
vt 0.716872 0.889662
vt 0.712588 0.889662
vt 0.651566 0.889662
vt 0.275222 0.889662
vt 0.699900 0.889662
vt 0.679295 0.889662
vt 0.270938 0.889662
vt 0.679295 0.889662
vt 0.699899 0.889662
vt 0.275222 0.889662
vt 0.651567 0.889662
vt 0.712588 0.889662
vt 0.287911 0.889662
vt 0.617779 0.889662
vt 0.308515 0.889662
vt 0.579231 0.889662
vt 0.336244 0.889662
vt 0.537404 0.889662
vt 0.370031 0.889662
vt 0.493905 0.889662
vt 0.408579 0.889662
vt 0.450407 0.889662
vt 0.450406 0.889662
vt 0.408579 0.889662
vt 0.493905 0.889662
vt 0.370031 0.889662
vt 0.656153 0.911440
vt 0.646740 0.911440
vt 0.610880 0.911440
vt 0.631452 0.911440
vt 0.331657 0.911440
vt 0.328478 0.911440
vt 0.631453 0.911440
vt 0.646739 0.911440
vt 0.331657 0.911440
vt 0.610880 0.911440
vt 0.656153 0.911440
vt 0.341070 0.911440
vt 0.585812 0.911440
vt 0.659332 0.911440
vt 0.356357 0.911440
vt 0.557211 0.911440
vt 0.376930 0.911440
vt 0.526178 0.911440
vt 0.401999 0.911440
vt 0.493905 0.911440
vt 0.430599 0.911440
vt 0.461632 0.911440
vt 0.461632 0.911440
vt 0.430599 0.911440
vt 0.493905 0.911440
vt 0.401999 0.911440
vt 0.526178 0.911440
vt 0.376931 0.911440
vt 0.557211 0.911440
vt 0.356357 0.911440
vt 0.585811 0.911440
vt 0.341070 0.911440
vt 0.401999 0.916884
vt 0.376931 0.916884
vt 0.526178 0.916884
vt 0.557211 0.916884
vt 0.356357 0.916884
vt 0.585811 0.916884
vt 0.341070 0.916884
vt 0.659332 0.916884
vt 0.656153 0.916884
vt 0.610880 0.916884
vt 0.331657 0.916884
vt 0.646740 0.916884
vt 0.631452 0.916884
vt 0.328478 0.916884
vt 0.631453 0.916884
vt 0.646739 0.916884
vt 0.331657 0.916884
vt 0.610880 0.916884
vt 0.656153 0.916884
vt 0.341070 0.916884
vt 0.585812 0.916884
vt 0.356357 0.916884
vt 0.557211 0.916884
vt 0.376930 0.916884
vt 0.526178 0.916884
vt 0.401999 0.916884
vt 0.493905 0.916884
vt 0.430599 0.916884
vt 0.461632 0.916884
vt 0.461632 0.916884
vt 0.430599 0.916884
vt 0.493905 0.916884
vt 0.330185 0.916884
vt 0.320101 0.916884
vt 0.667709 0.916884
vt 0.657625 0.916884
vt 0.619211 0.916884
vt 0.641249 0.916884
vt 0.316696 0.916884
vt 0.641249 0.916884
vt 0.657625 0.916884
vt 0.320101 0.916884
vt 0.619211 0.916884
vt 0.667709 0.916884
vt 0.330185 0.916884
vt 0.592357 0.916884
vt 0.671114 0.916884
vt 0.346561 0.916884
vt 0.561720 0.916884
vt 0.368599 0.916884
vt 0.528477 0.916884
vt 0.395453 0.916884
vt 0.493905 0.916884
vt 0.426090 0.916884
vt 0.459333 0.916884
vt 0.459333 0.916884
vt 0.426090 0.916884
vt 0.493905 0.916884
vt 0.395453 0.916884
vt 0.528477 0.916884
vt 0.368599 0.916884
vt 0.561720 0.916884
vt 0.346561 0.916884
vt 0.592357 0.916884
vt 0.320101 0.923448
vt 0.330185 0.923448
vt 0.619211 0.923448
vt 0.592357 0.923448
vt 0.667709 0.923448
vt 0.671114 0.923448
vt 0.346561 0.923448
vt 0.561720 0.923448
vt 0.368599 0.923448
vt 0.528477 0.923448
vt 0.395453 0.923448
vt 0.493905 0.923448
vt 0.426090 0.923448
vt 0.459333 0.923448
vt 0.459333 0.923448
vt 0.426090 0.923448
vt 0.493905 0.923448
vt 0.395453 0.923448
vt 0.528477 0.923448
vt 0.368599 0.923448
vt 0.561720 0.923448
vt 0.346561 0.923448
vt 0.592357 0.923448
vt 0.330185 0.923448
vt 0.667709 0.923448
vt 0.619211 0.923448
vt 0.320101 0.923448
vt 0.657625 0.923448
vt 0.641249 0.923448
vt 0.316696 0.923448
vt 0.641249 0.923448
vt 0.657625 0.923448
vt 0.376053 0.923448
vt 0.401309 0.923448
vt 0.526420 0.923448
vt 0.493905 0.923448
vt 0.430124 0.923448
vt 0.461390 0.923448
vt 0.461390 0.923448
vt 0.430124 0.923448
vt 0.493905 0.923448
vt 0.401309 0.923448
vt 0.526420 0.923448
vt 0.376053 0.923448
vt 0.557686 0.923448
vt 0.355326 0.923448
vt 0.586501 0.923448
vt 0.339924 0.923448
vt 0.660573 0.923448
vt 0.657371 0.923448
vt 0.611757 0.923448
vt 0.330439 0.923448
vt 0.647886 0.923448
vt 0.632484 0.923448
vt 0.327237 0.923448
vt 0.632485 0.923448
vt 0.647886 0.923448
vt 0.330439 0.923448
vt 0.611757 0.923448
vt 0.657371 0.923448
vt 0.339924 0.923448
vt 0.586501 0.923448
vt 0.355325 0.923448
vt 0.557686 0.923448
vt 0.461390 0.934139
vt 0.493905 0.934139
vt 0.430124 0.934139
vt 0.401309 0.934139
vt 0.526420 0.934139
vt 0.376053 0.934139
vt 0.557686 0.934139
vt 0.355326 0.934139
vt 0.586501 0.934139
vt 0.339924 0.934139
vt 0.660573 0.934139
vt 0.657371 0.934139
vt 0.611757 0.934139
vt 0.330439 0.934139
vt 0.647886 0.934139
vt 0.632484 0.934139
vt 0.327237 0.934139
vt 0.632485 0.934139
vt 0.647886 0.934139
vt 0.330439 0.934139
vt 0.611757 0.934139
vt 0.657371 0.934139
vt 0.339924 0.934139
vt 0.586501 0.934139
vt 0.355325 0.934139
vt 0.557686 0.934139
vt 0.376053 0.934139
vt 0.526420 0.934139
vt 0.401309 0.934139
vt 0.493905 0.934139
vt 0.430124 0.934139
vt 0.461390 0.934139
vt 0.572475 0.934139
vt 0.607971 0.934139
vt 0.323194 0.934139
vt 0.304221 0.934139
vt 0.699218 0.934139
vt 0.695273 0.934139
vt 0.639083 0.934139
vt 0.292537 0.934139
vt 0.683590 0.934139
vt 0.664616 0.934139
vt 0.288592 0.934139
vt 0.664616 0.934139
vt 0.683589 0.934139
vt 0.292537 0.934139
vt 0.639083 0.934139
vt 0.695273 0.934139
vt 0.304221 0.934139
vt 0.607971 0.934139
vt 0.323194 0.934139
vt 0.572475 0.934139
vt 0.348727 0.934139
vt 0.533960 0.934139
vt 0.379839 0.934139
vt 0.493905 0.934139
vt 0.415335 0.934139
vt 0.453851 0.934139
vt 0.453850 0.934139
vt 0.415335 0.934139
vt 0.493905 0.934139
vt 0.379839 0.934139
vt 0.533960 0.934139
vt 0.348727 0.934139
vt 0.683590 0.952705
vt 0.664616 0.952705
vt 0.664616 0.952705
vt 0.683589 0.952705
vt 0.288592 0.952705
vt 0.292537 0.952705
vt 0.639083 0.952705
vt 0.695273 0.952705
vt 0.304221 0.952705
vt 0.607971 0.952705
vt 0.699218 0.952705
vt 0.323194 0.952705
vt 0.572475 0.952705
vt 0.348727 0.952705
vt 0.533960 0.952705
vt 0.379839 0.952705
vt 0.493905 0.952705
vt 0.415335 0.952705
vt 0.453851 0.952705
vt 0.453850 0.952705
vt 0.415335 0.952705
vt 0.493905 0.952705
vt 0.379839 0.952705
vt 0.533960 0.952705
vt 0.348727 0.952705
vt 0.572475 0.952705
vt 0.323194 0.952705
vt 0.607971 0.952705
vt 0.304221 0.952705
vt 0.695273 0.952705
vt 0.639083 0.952705
vt 0.292537 0.952705
vt 0.599493 0.953643
vt 0.566635 0.953643
vt 0.335882 0.953643
vt 0.359517 0.953643
vt 0.530982 0.953643
vt 0.388317 0.953643
vt 0.493905 0.953643
vt 0.421175 0.953643
vt 0.456828 0.953643
vt 0.456827 0.953643
vt 0.421175 0.953643
vt 0.493905 0.953643
vt 0.388317 0.953643
vt 0.530982 0.953643
vt 0.359517 0.953643
vt 0.566635 0.953643
vt 0.335882 0.953643
vt 0.599493 0.953643
vt 0.318319 0.953643
vt 0.683958 0.953643
vt 0.680306 0.953643
vt 0.628293 0.953643
vt 0.307504 0.953643
vt 0.669491 0.953643
vt 0.651928 0.953643
vt 0.303852 0.953643
vt 0.651928 0.953643
vt 0.669491 0.953643
vt 0.307504 0.953643
vt 0.628293 0.953643
vt 0.680306 0.953643
vt 0.318319 0.953643
vt 0.493905 0.955893
vt 0.454001 0.955893
vt 0.415629 0.955893
vt 0.454001 0.955893
vt 0.415630 0.955893
vt 0.493905 0.955893
vt 0.380267 0.955893
vt 0.533809 0.955893
vt 0.349271 0.955893
vt 0.572181 0.955893
vt 0.323833 0.955893
vt 0.607543 0.955893
vt 0.304931 0.955893
vt 0.698449 0.955893
vt 0.694519 0.955893
vt 0.638539 0.955893
vt 0.293291 0.955893
vt 0.682879 0.955893
vt 0.663977 0.955893
vt 0.289361 0.955893
vt 0.663977 0.955893
vt 0.682879 0.955893
vt 0.293291 0.955893
vt 0.638539 0.955893
vt 0.694519 0.955893
vt 0.304931 0.955893
vt 0.607544 0.955893
vt 0.323833 0.955893
vt 0.572181 0.955893
vt 0.349271 0.955893
vt 0.533809 0.955893
vt 0.380266 0.955893
vt 0.380267 0.991527
vt 0.349271 0.991527
vt 0.533809 0.991527
vt 0.572181 0.991527
vt 0.323833 0.991527
vt 0.607543 0.991527
vt 0.304931 0.991527
vt 0.698449 0.991527
vt 0.694519 0.991527
vt 0.638539 0.991527
vt 0.293291 0.991527
vt 0.682879 0.991527
vt 0.663977 0.991527
vt 0.289361 0.991527
vt 0.663977 0.991527
vt 0.682879 0.991527
vt 0.293291 0.991527
vt 0.638539 0.991527
vt 0.694519 0.991527
vt 0.304931 0.991527
vt 0.607544 0.991527
vt 0.323833 0.991527
vt 0.572181 0.991527
vt 0.349271 0.991527
vt 0.533809 0.991527
vt 0.380266 0.991527
vt 0.493905 0.991527
vt 0.415629 0.991527
vt 0.454001 0.991527
vt 0.454001 0.991527
vt 0.415630 0.991527
vt 0.493905 0.991527
vt 0.493905 0.991527
vn -0.3790 0.1383 -0.9150
vn -0.1932 0.1383 -0.9713
vn -0.1879 -0.2682 -0.9448
vn -0.3686 -0.2682 -0.8900
vn 0.5502 0.1383 -0.8235
vn 0.7003 0.1383 -0.7003
vn 0.6812 -0.2682 -0.6812
vn 0.5352 -0.2682 -0.8010
vn 0.0000 0.1383 0.9904
vn -0.1932 0.1383 0.9713
vn -0.1879 -0.2682 0.9448
vn 0.0000 -0.2682 0.9633
vn -0.5502 0.1383 -0.8235
vn -0.5352 -0.2682 -0.8010
vn 0.3790 0.1383 -0.9150
vn 0.3686 -0.2682 -0.8900
vn 0.1932 0.1383 0.9713
vn 0.1879 -0.2682 0.9448
vn -0.7003 0.1383 -0.7003
vn -0.6812 -0.2682 -0.6812
vn 0.1932 0.1383 -0.9713
vn 0.1879 -0.2682 -0.9448
vn 0.3790 0.1383 0.9150
vn 0.3686 -0.2682 0.8900
vn -0.8235 0.1383 -0.5502
vn -0.8010 -0.2682 -0.5352
vn 0.0000 0.1383 -0.9904
vn 0.0000 -0.2682 -0.9633
vn 0.5502 0.1383 0.8235
vn 0.5352 -0.2682 0.8010
vn -0.9150 0.1383 -0.3790
vn -0.8900 -0.2682 -0.3686
vn 0.7003 0.1383 0.7003
vn 0.6812 -0.2682 0.6812
vn -0.9713 0.1383 -0.1932
vn -0.9448 -0.2682 -0.1879
vn 0.8235 0.1383 0.5502
vn 0.8010 -0.2682 0.5352
vn -0.9904 0.1383 0.0000
vn -0.9633 -0.2682 0.0000
vn 0.9150 0.1383 0.3790
vn 0.8900 -0.2682 0.3686
vn -0.9713 0.1383 0.1932
vn -0.9448 -0.2682 0.1879
vn 0.9713 0.1383 0.1932
vn 0.9448 -0.2682 0.1879
vn -0.9150 0.1383 0.3790
vn -0.8900 -0.2682 0.3686
vn 0.9904 0.1383 0.0000
vn 0.9633 -0.2682 0.0000
vn -0.8235 0.1383 0.5502
vn -0.8010 -0.2682 0.5352
vn 0.9713 0.1383 -0.1932
vn 0.9448 -0.2682 -0.1879
vn -0.7003 0.1383 0.7003
vn -0.6812 -0.2682 0.6812
vn 0.9150 0.1383 -0.3790
vn 0.8900 -0.2682 -0.3686
vn -0.5502 0.1383 0.8235
vn -0.5352 -0.2682 0.8010
vn 0.8235 0.1383 -0.5502
vn 0.8010 -0.2682 -0.5352
vn -0.3790 0.1383 0.9150
vn -0.3686 -0.2682 0.8900
vn 0.9767 0.0910 0.1943
vn 0.9958 0.0910 0.0000
vn -0.9200 0.0910 0.3811
vn -0.8280 0.0910 0.5532
vn 0.9767 0.0910 -0.1943
vn -0.7042 0.0910 0.7042
vn 0.9200 0.0910 -0.3811
vn -0.5532 0.0910 0.8280
vn 0.8280 0.0910 -0.5532
vn -0.3811 0.0910 0.9200
vn 0.0000 0.0910 -0.9958
vn -0.1943 0.0910 -0.9767
vn 0.7042 0.0910 -0.7042
vn -0.1943 0.0910 0.9767
vn -0.3811 0.0910 -0.9200
vn 0.5532 0.0910 -0.8280
vn 0.0000 0.0910 0.9958
vn -0.5532 0.0910 -0.8280
vn 0.3811 0.0910 -0.9200
vn 0.1943 0.0910 0.9767
vn -0.7042 0.0910 -0.7042
vn 0.1943 0.0910 -0.9767
vn 0.3811 0.0910 0.9200
vn -0.8280 0.0910 -0.5532
vn 0.5532 0.0910 0.8280
vn -0.9200 0.0910 -0.3811
vn 0.7042 0.0910 0.7042
vn -0.9767 0.0910 -0.1943
vn 0.8280 0.0910 0.5532
vn -0.9958 0.0910 0.0000
vn 0.9200 0.0910 0.3811
vn -0.9767 0.0910 0.1943
vn 0.8659 0.3486 -0.3587
vn 0.7793 0.3486 -0.5207
vn -0.5207 0.3486 0.7793
vn -0.3587 0.3486 0.8659
vn 0.0000 0.3486 -0.9372
vn -0.1828 0.3486 -0.9192
vn 0.6627 0.3486 -0.6627
vn -0.1828 0.3486 0.9192
vn -0.3587 0.3486 -0.8659
vn 0.5207 0.3486 -0.7793
vn 0.0000 0.3486 0.9372
vn -0.5207 0.3486 -0.7793
vn 0.3587 0.3486 -0.8659
vn 0.1828 0.3486 0.9192
vn -0.6627 0.3486 -0.6627
vn 0.1828 0.3486 -0.9192
vn 0.3587 0.3486 0.8659
vn -0.7793 0.3486 -0.5207
vn 0.5207 0.3486 0.7793
vn -0.8659 0.3486 -0.3587
vn 0.6627 0.3486 0.6627
vn -0.9192 0.3486 -0.1828
vn 0.7793 0.3486 0.5207
vn -0.9372 0.3486 0.0000
vn 0.8659 0.3486 0.3587
vn -0.9192 0.3486 0.1828
vn 0.9192 0.3486 0.1828
vn -0.8659 0.3486 0.3587
vn 0.9372 0.3486 0.0000
vn -0.7793 0.3486 0.5207
vn 0.9192 0.3486 -0.1828
vn -0.6627 0.3486 0.6627
vn -0.3591 0.3458 -0.8668
vn -0.5213 0.3458 -0.7801
vn 0.5213 0.3458 -0.7801
vn 0.3591 0.3458 -0.8668
vn 0.0000 0.3458 0.9383
vn 0.1831 0.3458 0.9203
vn -0.6635 0.3458 -0.6635
vn 0.1831 0.3458 -0.9203
vn 0.3591 0.3458 0.8668
vn -0.7801 0.3458 -0.5213
vn 0.0000 0.3458 -0.9383
vn 0.5213 0.3458 0.7801
vn -0.8668 0.3458 -0.3591
vn 0.6635 0.3458 0.6635
vn -0.9203 0.3458 -0.1831
vn 0.7801 0.3458 0.5213
vn -0.9383 0.3458 0.0000
vn 0.8668 0.3458 0.3591
vn -0.9203 0.3458 0.1831
vn 0.9203 0.3458 0.1831
vn -0.8668 0.3458 0.3591
vn 0.9383 0.3458 0.0000
vn -0.7801 0.3458 0.5213
vn 0.9203 0.3458 -0.1831
vn -0.6635 0.3458 0.6635
vn 0.8668 0.3458 -0.3591
vn -0.5213 0.3458 0.7801
vn 0.7801 0.3458 -0.5213
vn -0.3591 0.3458 0.8668
vn -0.1831 0.3458 -0.9203
vn 0.6635 0.3458 -0.6635
vn -0.1831 0.3458 0.9203
vn -0.7842 0.3323 -0.5240
vn -0.8714 0.3323 -0.3609
vn 0.5240 0.3323 0.7842
vn 0.6669 0.3323 0.6669
vn -0.9250 0.3323 -0.1840
vn 0.7842 0.3323 0.5240
vn -0.9431 0.3323 0.0000
vn 0.8714 0.3323 0.3609
vn -0.9250 0.3323 0.1840
vn 0.9250 0.3323 0.1840
vn -0.8714 0.3323 0.3609
vn 0.9431 0.3323 0.0000
vn -0.7842 0.3323 0.5240
vn 0.9250 0.3323 -0.1840
vn -0.6669 0.3323 0.6669
vn 0.8714 0.3323 -0.3609
vn -0.5240 0.3323 0.7842
vn 0.7842 0.3323 -0.5240
vn -0.3609 0.3323 0.8714
vn 0.0000 0.3323 -0.9431
vn -0.1840 0.3323 -0.9250
vn 0.6669 0.3323 -0.6669
vn -0.1840 0.3323 0.9250
vn -0.3609 0.3323 -0.8714
vn 0.5240 0.3323 -0.7842
vn 0.0000 0.3323 0.9431
vn -0.5240 0.3323 -0.7842
vn 0.3609 0.3323 -0.8714
vn 0.1840 0.3323 0.9250
vn -0.6669 0.3323 -0.6669
vn 0.1840 0.3323 -0.9250
vn 0.3609 0.3323 0.8714
vn 0.0000 -0.3708 -0.9287
vn -0.1812 -0.3708 -0.9109
vn 0.7722 -0.3708 -0.5159
vn 0.6567 -0.3708 -0.6567
vn -0.3554 -0.3708 0.8580
vn -0.1812 -0.3708 0.9109
vn -0.3554 -0.3708 -0.8580
vn 0.5159 -0.3708 -0.7722
vn 0.0000 -0.3708 0.9287
vn -0.5159 -0.3708 -0.7722
vn 0.3554 -0.3708 -0.8580
vn 0.1812 -0.3708 0.9109
vn -0.6567 -0.3708 -0.6567
vn 0.1812 -0.3708 -0.9109
vn 0.3554 -0.3708 0.8580
vn -0.7722 -0.3708 -0.5159
vn 0.5159 -0.3708 0.7722
vn -0.8580 -0.3708 -0.3554
vn 0.6567 -0.3708 0.6567
vn -0.9109 -0.3708 -0.1812
vn 0.7722 -0.3708 0.5159
vn -0.9287 -0.3708 0.0000
vn 0.8580 -0.3708 0.3554
vn -0.9109 -0.3708 0.1812
vn 0.9109 -0.3708 0.1812
vn -0.8580 -0.3708 0.3554
vn 0.9287 -0.3708 0.0000
vn -0.7722 -0.3708 0.5159
vn 0.9109 -0.3708 -0.1812
vn -0.6567 -0.3708 0.6567
vn 0.8580 -0.3708 -0.3554
vn -0.5159 -0.3708 0.7722
vn -0.2447 -0.8978 -0.3662
vn -0.3114 -0.8978 -0.3114
vn 0.1686 -0.8978 -0.4069
vn 0.0859 -0.8978 -0.4320
vn 0.0859 -0.8978 0.4320
vn 0.1686 -0.8978 0.4069
vn -0.3662 -0.8978 -0.2447
vn 0.0000 -0.8978 -0.4404
vn 0.2447 -0.8978 0.3662
vn -0.4069 -0.8978 -0.1686
vn 0.3114 -0.8978 0.3114
vn -0.4320 -0.8978 -0.0859
vn 0.3662 -0.8978 0.2447
vn -0.4404 -0.8978 0.0000
vn 0.4069 -0.8978 0.1686
vn -0.4320 -0.8978 0.0859
vn 0.4320 -0.8978 0.0859
vn -0.4069 -0.8978 0.1686
vn 0.4404 -0.8978 0.0000
vn -0.3662 -0.8978 0.2447
vn 0.4320 -0.8978 -0.0859
vn -0.3114 -0.8978 0.3114
vn 0.4069 -0.8978 -0.1686
vn -0.2447 -0.8978 0.3662
vn 0.3662 -0.8978 -0.2447
vn -0.1686 -0.8978 0.4069
vn -0.0859 -0.8978 -0.4320
vn 0.3114 -0.8978 -0.3114
vn -0.0859 -0.8978 0.4320
vn -0.1686 -0.8978 -0.4069
vn 0.2447 -0.8978 -0.3662
vn 0.0000 -0.8978 0.4404
vn 0.1058 -0.9934 0.0438
vn 0.1124 -0.9934 0.0223
vn -0.0810 -0.9934 -0.0810
vn -0.0952 -0.9934 -0.0636
vn 0.1146 -0.9934 0.0000
vn -0.1058 -0.9934 -0.0438
vn 0.1124 -0.9934 -0.0223
vn -0.1124 -0.9934 -0.0223
vn 0.1058 -0.9934 -0.0438
vn -0.1146 -0.9934 0.0000
vn 0.0952 -0.9934 -0.0636
vn -0.1124 -0.9934 0.0223
vn 0.0810 -0.9934 -0.0810
vn -0.1058 -0.9934 0.0438
vn 0.0636 -0.9934 -0.0952
vn -0.0952 -0.9934 0.0636
vn 0.0438 -0.9934 -0.1058
vn 0.0000 -0.9934 0.1146
vn 0.0223 -0.9934 0.1124
vn -0.0810 -0.9934 0.0810
vn 0.0223 -0.9934 -0.1124
vn 0.0438 -0.9934 0.1058
vn -0.0636 -0.9934 0.0952
vn 0.0000 -0.9934 -0.1146
vn 0.0636 -0.9934 0.0952
vn -0.0438 -0.9934 0.1058
vn -0.0223 -0.9934 -0.1124
vn 0.0810 -0.9934 0.0810
vn -0.0223 -0.9934 0.1124
vn -0.0438 -0.9934 -0.1058
vn 0.0952 -0.9934 0.0636
vn -0.0636 -0.9934 -0.0952
vn 0.2481 -0.9675 -0.0493
vn 0.2337 -0.9675 -0.0968
vn -0.2481 -0.9675 -0.0493
vn -0.2530 -0.9675 0.0000
vn 0.2103 -0.9675 -0.1405
vn -0.2481 -0.9675 0.0493
vn 0.1789 -0.9675 -0.1789
vn -0.2337 -0.9675 0.0968
vn 0.1405 -0.9675 -0.2103
vn -0.2103 -0.9675 0.1405
vn 0.0968 -0.9675 -0.2337
vn 0.0000 -0.9675 0.2530
vn 0.0493 -0.9675 0.2481
vn -0.1789 -0.9675 0.1789
vn 0.0493 -0.9675 -0.2481
vn 0.0968 -0.9675 0.2337
vn -0.1405 -0.9675 0.2103
vn 0.0000 -0.9675 -0.2530
vn 0.1405 -0.9675 0.2103
vn -0.0968 -0.9675 0.2337
vn -0.0493 -0.9675 -0.2481
vn 0.1789 -0.9675 0.1789
vn -0.0493 -0.9675 0.2481
vn -0.0968 -0.9675 -0.2337
vn 0.2103 -0.9675 0.1405
vn -0.1405 -0.9675 -0.2103
vn 0.2337 -0.9675 0.0968
vn -0.1789 -0.9675 -0.1789
vn 0.2481 -0.9675 0.0493
vn -0.2103 -0.9675 -0.1405
vn 0.2530 -0.9675 0.0000
vn -0.2337 -0.9675 -0.0968
vn 0.0000 -1.0000 0.0000
vn 0.7766 0.3571 0.5189
vn 0.6605 0.3571 0.6605
vn -0.9340 0.3571 0.0000
vn -0.9161 0.3571 -0.1822
vn 0.8629 0.3571 0.3574
vn -0.9161 0.3571 0.1822
vn 0.9161 0.3571 0.1822
vn -0.8629 0.3571 0.3574
vn 0.9340 0.3571 0.0000
vn -0.7766 0.3571 0.5189
vn 0.9161 0.3571 -0.1822
vn -0.6605 0.3571 0.6605
vn 0.8629 0.3571 -0.3574
vn -0.5189 0.3571 0.7766
vn 0.7766 0.3571 -0.5189
vn -0.3574 0.3571 0.8629
vn -0.1822 0.3571 -0.9161
vn 0.0000 0.3571 -0.9340
vn 0.6605 0.3571 -0.6605
vn -0.1822 0.3571 0.9161
vn -0.3574 0.3571 -0.8629
vn 0.5189 0.3571 -0.7766
vn 0.0000 0.3571 0.9340
vn -0.5189 0.3571 -0.7766
vn 0.3574 0.3571 -0.8629
vn 0.1822 0.3571 0.9161
vn -0.6605 0.3571 -0.6605
vn 0.1822 0.3571 -0.9161
vn 0.3574 0.3571 0.8629
vn -0.7766 0.3571 -0.5189
vn 0.5189 0.3571 0.7766
vn -0.8629 0.3571 -0.3574
vn -0.7815 0.6041 0.1555
vn -0.7969 0.6041 0.0000
vn 0.6626 0.6041 0.4427
vn 0.5635 0.6041 0.5635
vn -0.7815 0.6041 -0.1555
vn 0.4427 0.6041 0.6626
vn -0.7362 0.6041 -0.3049
vn 0.3049 0.6041 0.7362
vn 0.0000 0.6041 -0.7969
vn 0.1555 0.6041 -0.7815
vn -0.6626 0.6041 -0.4427
vn 0.1555 0.6041 0.7815
vn 0.3049 0.6041 -0.7362
vn -0.5635 0.6041 -0.5635
vn 0.4427 0.6041 -0.6626
vn -0.4427 0.6041 -0.6626
vn 0.0000 0.6041 0.7969
vn 0.5635 0.6041 -0.5635
vn -0.3049 0.6041 -0.7362
vn -0.1555 0.6041 0.7815
vn 0.6626 0.6041 -0.4427
vn -0.1555 0.6041 -0.7815
vn -0.3049 0.6041 0.7362
vn 0.7362 0.6041 -0.3049
vn -0.4427 0.6041 0.6626
vn 0.7815 0.6041 -0.1555
vn -0.5635 0.6041 0.5635
vn 0.7969 0.6041 0.0000
vn -0.6626 0.6041 0.4427
vn 0.7815 0.6041 0.1555
vn -0.7362 0.6041 0.3049
vn 0.7362 0.6041 0.3049
vn -0.9239 -0.0018 -0.3827
vn -0.8314 -0.0018 -0.5556
vn 0.5556 -0.0018 0.8314
vn 0.3827 -0.0018 0.9239
vn 0.0000 -0.0018 -1.0000
vn 0.1951 -0.0018 -0.9808
vn -0.7071 -0.0018 -0.7071
vn 0.1951 -0.0018 0.9808
vn 0.3827 -0.0018 -0.9239
vn -0.5556 -0.0018 -0.8314
vn 0.0000 -0.0018 1.0000
vn 0.5556 -0.0018 -0.8314
vn -0.3827 -0.0018 -0.9239
vn -0.1951 -0.0018 0.9808
vn 0.7071 -0.0018 -0.7071
vn -0.1951 -0.0018 -0.9808
vn -0.3827 -0.0018 0.9239
vn 0.8314 -0.0018 -0.5556
vn -0.5556 -0.0018 0.8314
vn 0.9239 -0.0018 -0.3827
vn -0.7071 -0.0018 0.7071
vn 0.9808 -0.0018 -0.1951
vn -0.8314 -0.0018 0.5556
vn 1.0000 -0.0018 0.0000
vn -0.9239 -0.0018 0.3827
vn 0.9808 -0.0018 0.1951
vn -0.9808 -0.0018 0.1951
vn 0.9239 -0.0018 0.3827
vn -1.0000 -0.0018 0.0000
vn 0.8314 -0.0018 0.5556
vn -0.9808 -0.0018 -0.1951
vn 0.7071 -0.0018 0.7071
vn -0.5072 -0.4080 -0.7591
vn -0.3494 -0.4080 -0.8435
vn 0.0000 -0.4080 0.9130
vn -0.1781 -0.4080 0.8954
vn 0.5072 -0.4080 -0.7591
vn 0.6456 -0.4080 -0.6456
vn -0.1781 -0.4080 -0.8954
vn -0.3494 -0.4080 0.8435
vn 0.7591 -0.4080 -0.5072
vn 0.0000 -0.4080 -0.9130
vn -0.5072 -0.4080 0.7591
vn 0.8435 -0.4080 -0.3494
vn -0.6456 -0.4080 0.6456
vn 0.8954 -0.4080 -0.1781
vn -0.7591 -0.4080 0.5072
vn 0.9130 -0.4080 0.0000
vn -0.8435 -0.4080 0.3494
vn 0.8954 -0.4080 0.1781
vn -0.8954 -0.4080 0.1781
vn 0.8435 -0.4080 0.3494
vn -0.9130 -0.4080 0.0000
vn 0.7591 -0.4080 0.5072
vn -0.8954 -0.4080 -0.1781
vn 0.6456 -0.4080 0.6456
vn -0.8435 -0.4080 -0.3494
vn 0.5072 -0.4080 0.7591
vn -0.7591 -0.4080 -0.5072
vn 0.3494 -0.4080 0.8435
vn 0.1781 -0.4080 -0.8954
vn -0.6456 -0.4080 -0.6456
vn 0.1781 -0.4080 0.8954
vn 0.3494 -0.4080 -0.8435
vn -0.5180 -0.3615 0.7752
vn -0.6593 -0.3615 0.6593
vn 0.8614 -0.3615 -0.3568
vn 0.9145 -0.3615 -0.1819
vn -0.7752 -0.3615 0.5180
vn 0.9324 -0.3615 0.0000
vn -0.8614 -0.3615 0.3568
vn 0.9145 -0.3615 0.1819
vn -0.9145 -0.3615 0.1819
vn 0.8614 -0.3615 0.3568
vn -0.9324 -0.3615 0.0000
vn 0.7752 -0.3615 0.5180
vn -0.9145 -0.3615 -0.1819
vn 0.6593 -0.3615 0.6593
vn -0.8614 -0.3615 -0.3568
vn 0.5180 -0.3615 0.7752
vn -0.7752 -0.3615 -0.5180
vn 0.3568 -0.3615 0.8614
vn 0.0000 -0.3615 -0.9324
vn 0.1819 -0.3615 -0.9145
vn -0.6593 -0.3615 -0.6593
vn 0.1819 -0.3615 0.9145
vn 0.3568 -0.3615 -0.8614
vn -0.5180 -0.3615 -0.7752
vn 0.0000 -0.3615 0.9324
vn 0.5180 -0.3615 -0.7752
vn -0.3568 -0.3615 -0.8614
vn -0.1819 -0.3615 0.9145
vn 0.6593 -0.3615 -0.6593
vn -0.1819 -0.3615 -0.9145
vn -0.3568 -0.3615 0.8614
vn 0.7752 -0.3615 -0.5180
vn -0.8665 -0.3468 0.3589
vn -0.9199 -0.3468 0.1830
vn 0.9199 -0.3468 0.1830
vn 0.8665 -0.3468 0.3589
vn -0.9379 -0.3468 0.0000
vn 0.7798 -0.3468 0.5211
vn -0.9199 -0.3468 -0.1830
vn 0.6632 -0.3468 0.6632
vn -0.8665 -0.3468 -0.3589
vn 0.5211 -0.3468 0.7798
vn -0.7798 -0.3468 -0.5211
vn 0.3589 -0.3468 0.8665
vn 0.0000 -0.3468 -0.9379
vn 0.1830 -0.3468 -0.9199
vn -0.6632 -0.3468 -0.6632
vn 0.1830 -0.3468 0.9199
vn 0.3589 -0.3468 -0.8665
vn -0.5211 -0.3468 -0.7798
vn 0.0000 -0.3468 0.9379
vn 0.5211 -0.3468 -0.7798
vn -0.3589 -0.3468 -0.8665
vn -0.1830 -0.3468 0.9199
vn 0.6632 -0.3468 -0.6632
vn -0.1830 -0.3468 -0.9199
vn -0.3589 -0.3468 0.8665
vn 0.7798 -0.3468 -0.5211
vn -0.5211 -0.3468 0.7798
vn 0.8665 -0.3468 -0.3589
vn -0.6632 -0.3468 0.6632
vn 0.9199 -0.3468 -0.1830
vn -0.7798 -0.3468 0.5211
vn 0.9379 -0.3468 0.0000
vn -0.9535 0.2340 -0.1897
vn -0.8982 0.2340 -0.3721
vn 0.6875 0.2340 0.6875
vn 0.5401 0.2340 0.8084
vn -0.8084 0.2340 -0.5401
vn 0.3721 0.2340 0.8982
vn 0.0000 0.2340 -0.9722
vn 0.1896 0.2340 -0.9535
vn -0.6875 0.2340 -0.6875
vn 0.1897 0.2340 0.9535
vn 0.3721 0.2340 -0.8982
vn -0.5401 0.2340 -0.8084
vn 0.0000 0.2340 0.9722
vn 0.5401 0.2340 -0.8084
vn -0.3721 0.2340 -0.8982
vn -0.1896 0.2340 0.9535
vn 0.6875 0.2340 -0.6875
vn -0.1897 0.2340 -0.9535
vn -0.3721 0.2340 0.8982
vn 0.8084 0.2340 -0.5401
vn -0.5401 0.2340 0.8084
vn 0.8982 0.2340 -0.3721
vn -0.6875 0.2340 0.6875
vn 0.9535 0.2340 -0.1897
vn -0.8084 0.2340 0.5401
vn 0.9722 0.2340 0.0000
vn -0.8982 0.2340 0.3721
vn 0.9535 0.2340 0.1896
vn -0.9535 0.2340 0.1897
vn 0.8982 0.2340 0.3721
vn -0.9722 0.2340 0.0000
vn 0.8084 0.2340 0.5401
vn 0.3035 0.6091 -0.7327
vn 0.1547 0.6091 -0.7778
vn 0.1771 0.4196 -0.8903
vn 0.3474 0.4196 -0.8386
vn -0.4406 0.6091 -0.6594
vn -0.5608 0.6091 -0.5608
vn -0.6418 0.4196 -0.6418
vn -0.5043 0.4196 -0.7547
vn 0.0000 0.6091 0.7931
vn 0.1547 0.6091 0.7778
vn 0.1771 0.4196 0.8903
vn 0.0000 0.4196 0.9077
vn 0.4406 0.6091 -0.6594
vn 0.5043 0.4196 -0.7547
vn -0.3035 0.6091 -0.7327
vn -0.3474 0.4196 -0.8386
vn -0.1547 0.6091 0.7778
vn -0.1771 0.4196 0.8903
vn 0.5608 0.6091 -0.5608
vn 0.6418 0.4196 -0.6418
vn -0.1547 0.6091 -0.7778
vn -0.1771 0.4196 -0.8903
vn -0.3035 0.6091 0.7327
vn -0.3474 0.4196 0.8386
vn 0.6594 0.6091 -0.4406
vn 0.7547 0.4196 -0.5043
vn 0.0000 0.6091 -0.7931
vn 0.0000 0.4196 -0.9077
vn -0.4406 0.6091 0.6594
vn -0.5043 0.4196 0.7547
vn 0.7327 0.6091 -0.3035
vn 0.8386 0.4196 -0.3474
vn -0.5608 0.6091 0.5608
vn -0.6418 0.4196 0.6418
vn 0.7778 0.6091 -0.1547
vn 0.8903 0.4196 -0.1771
vn -0.6594 0.6091 0.4406
vn -0.7547 0.4196 0.5043
vn 0.7931 0.6091 0.0000
vn 0.9077 0.4196 0.0000
vn -0.7327 0.6091 0.3035
vn -0.8386 0.4196 0.3474
vn 0.7778 0.6091 0.1547
vn 0.8903 0.4196 0.1771
vn -0.7778 0.6091 0.1547
vn -0.8903 0.4196 0.1771
vn 0.7327 0.6091 0.3035
vn 0.8386 0.4196 0.3474
vn -0.7931 0.6091 0.0000
vn -0.9077 0.4196 0.0000
vn 0.6594 0.6091 0.4406
vn 0.7547 0.4196 0.5043
vn -0.7778 0.6091 -0.1547
vn -0.8903 0.4196 -0.1771
vn 0.5608 0.6091 0.5608
vn 0.6418 0.4196 0.6418
vn -0.7327 0.6091 -0.3035
vn -0.8386 0.4196 -0.3474
vn 0.4406 0.6091 0.6594
vn 0.5043 0.4196 0.7547
vn -0.6594 0.6091 -0.4406
vn -0.7547 0.4196 -0.5043
vn 0.3035 0.6091 0.7327
vn 0.3474 0.4196 0.8386
vn 0.6929 -0.1993 -0.6929
vn 0.8148 -0.1993 -0.5444
vn -0.1912 -0.1993 -0.9611
vn 0.0000 -0.1993 -0.9799
vn -0.3750 -0.1993 0.9053
vn -0.5444 -0.1993 0.8148
vn 0.9053 -0.1993 -0.3750
vn -0.6929 -0.1993 0.6929
vn 0.9611 -0.1993 -0.1912
vn -0.8148 -0.1993 0.5444
vn 0.9799 -0.1993 0.0000
vn -0.9053 -0.1993 0.3750
vn 0.9611 -0.1993 0.1912
vn -0.9611 -0.1993 0.1912
vn 0.9053 -0.1993 0.3750
vn -0.9799 -0.1993 0.0000
vn 0.8148 -0.1993 0.5444
vn -0.9611 -0.1993 -0.1912
vn 0.6929 -0.1993 0.6929
vn -0.9053 -0.1993 -0.3750
vn 0.5444 -0.1993 0.8148
vn -0.8148 -0.1993 -0.5444
vn 0.3750 -0.1993 0.9053
vn 0.1912 -0.1993 -0.9611
vn -0.6929 -0.1993 -0.6929
vn 0.1912 -0.1993 0.9611
vn 0.3750 -0.1993 -0.9053
vn -0.5444 -0.1993 -0.8148
vn 0.0000 -0.1993 0.9799
vn 0.5444 -0.1993 -0.8148
vn -0.3750 -0.1993 -0.9053
vn -0.1912 -0.1993 0.9611
vn 0.8968 -0.2400 0.3715
vn 0.8072 -0.2400 0.5393
vn -0.9708 -0.2400 0.0000
vn -0.9521 -0.2400 -0.1894
vn 0.6864 -0.2400 0.6864
vn -0.8968 -0.2400 -0.3715
vn 0.5393 -0.2400 0.8072
vn -0.8072 -0.2400 -0.5393
vn 0.3715 -0.2400 0.8968
vn 0.0000 -0.2400 -0.9708
vn 0.1894 -0.2400 -0.9521
vn -0.6864 -0.2400 -0.6864
vn 0.1894 -0.2400 0.9521
vn 0.3715 -0.2400 -0.8968
vn -0.5393 -0.2400 -0.8072
vn 0.0000 -0.2400 0.9708
vn 0.5393 -0.2400 -0.8072
vn -0.3715 -0.2400 -0.8968
vn -0.1894 -0.2400 0.9521
vn 0.6864 -0.2400 -0.6864
vn -0.1894 -0.2400 -0.9521
vn -0.3715 -0.2400 0.8968
vn 0.8072 -0.2400 -0.5393
vn -0.5393 -0.2400 0.8072
vn 0.8968 -0.2400 -0.3715
vn -0.6864 -0.2400 0.6864
vn 0.9521 -0.2400 -0.1894
vn -0.8072 -0.2400 0.5393
vn 0.9708 -0.2400 0.0000
vn -0.8968 -0.2400 0.3715
vn 0.9521 -0.2400 0.1894
vn -0.9521 -0.2400 0.1894
vn 0.5549 -0.0463 0.8306
vn 0.3822 -0.0463 0.9229
vn 0.0000 -0.0463 -0.9989
vn 0.1949 -0.0463 -0.9797
vn -0.8306 -0.0463 -0.5549
vn -0.7063 -0.0463 -0.7063
vn 0.1949 -0.0463 0.9797
vn 0.3822 -0.0463 -0.9229
vn -0.5549 -0.0463 -0.8306
vn 0.0000 -0.0463 0.9989
vn 0.5549 -0.0463 -0.8306
vn -0.3822 -0.0463 -0.9229
vn -0.1949 -0.0463 0.9797
vn 0.7063 -0.0463 -0.7063
vn -0.1949 -0.0463 -0.9797
vn -0.3822 -0.0463 0.9229
vn 0.8306 -0.0463 -0.5549
vn -0.5549 -0.0463 0.8306
vn 0.9229 -0.0463 -0.3822
vn -0.7063 -0.0463 0.7063
vn 0.9797 -0.0463 -0.1949
vn -0.8306 -0.0463 0.5549
vn 0.9989 -0.0463 0.0000
vn -0.9229 -0.0463 0.3822
vn 0.9797 -0.0463 0.1949
vn -0.9797 -0.0463 0.1949
vn 0.9229 -0.0463 0.3822
vn -0.9989 -0.0463 0.0000
vn 0.8306 -0.0463 0.5549
vn -0.9797 -0.0463 -0.1949
vn 0.7063 -0.0463 0.7063
vn -0.9229 -0.0463 -0.3822
vn 0.0000 0.1096 0.9940
vn -0.1939 0.1096 0.9749
vn 0.5522 0.1096 -0.8264
vn 0.7028 0.1096 -0.7028
vn -0.3804 0.1096 -0.9183
vn -0.1939 0.1096 -0.9749
vn -0.3804 0.1096 0.9183
vn 0.8264 0.1096 -0.5522
vn 0.0000 0.1096 -0.9940
vn -0.5522 0.1096 0.8264
vn 0.9183 0.1096 -0.3804
vn -0.7028 0.1096 0.7028
vn 0.9749 0.1096 -0.1939
vn -0.8264 0.1096 0.5522
vn 0.9940 0.1096 0.0000
vn -0.9183 0.1096 0.3804
vn 0.9749 0.1096 0.1939
vn -0.9749 0.1096 0.1939
vn 0.9183 0.1096 0.3804
vn -0.9940 0.1096 0.0000
vn 0.8264 0.1096 0.5522
vn -0.9749 0.1096 -0.1939
vn 0.7028 0.1096 0.7028
vn -0.9183 0.1096 -0.3804
vn 0.5522 0.1096 0.8264
vn -0.8264 0.1096 -0.5522
vn 0.3804 0.1096 0.9183
vn 0.1939 0.1096 -0.9749
vn -0.7028 0.1096 -0.7028
vn 0.1939 0.1096 0.9749
vn 0.3804 0.1096 -0.9183
vn -0.5522 0.1096 -0.8264
vn -0.5298 0.3009 0.7929
vn -0.6743 0.3009 0.6743
vn 0.8810 0.3009 -0.3649
vn 0.9353 0.3009 -0.1860
vn -0.7929 0.3009 0.5298
vn 0.9536 0.3009 0.0000
vn -0.8810 0.3009 0.3649
vn 0.9353 0.3009 0.1860
vn -0.9353 0.3009 0.1860
vn 0.8810 0.3009 0.3649
vn -0.9536 0.3009 0.0000
vn 0.7929 0.3009 0.5298
vn -0.9353 0.3009 -0.1860
vn 0.6743 0.3009 0.6743
vn -0.8810 0.3009 -0.3649
vn 0.5298 0.3009 0.7929
vn -0.7929 0.3009 -0.5298
vn 0.3649 0.3009 0.8810
vn 0.0000 0.3009 -0.9536
vn 0.1860 0.3009 -0.9353
vn -0.6743 0.3009 -0.6743
vn 0.1860 0.3009 0.9353
vn 0.3649 0.3009 -0.8810
vn -0.5298 0.3009 -0.7929
vn 0.0000 0.3009 0.9536
vn 0.5298 0.3009 -0.7929
vn -0.3649 0.3009 -0.8810
vn -0.1860 0.3009 0.9353
vn 0.6743 0.3009 -0.6743
vn -0.1860 0.3009 -0.9353
vn -0.3649 0.3009 0.8810
vn 0.7929 0.3009 -0.5298
vn -0.7871 0.5236 0.3260
vn -0.8356 0.5236 0.1662
vn 0.8356 0.5236 0.1662
vn 0.7871 0.5236 0.3260
vn -0.8520 0.5236 0.0000
vn 0.7084 0.5236 0.4733
vn -0.8356 0.5236 -0.1662
vn 0.6024 0.5236 0.6024
vn -0.7871 0.5236 -0.3260
vn 0.4733 0.5236 0.7084
vn -0.7084 0.5236 -0.4733
vn 0.3260 0.5236 0.7871
vn 0.0000 0.5236 -0.8520
vn 0.1662 0.5236 -0.8356
vn -0.6024 0.5236 -0.6024
vn 0.1662 0.5236 0.8356
vn 0.3260 0.5236 -0.7871
vn -0.4733 0.5236 -0.7084
vn 0.0000 0.5236 0.8520
vn 0.4733 0.5236 -0.7084
vn -0.3260 0.5236 -0.7871
vn -0.1662 0.5236 0.8356
vn 0.6024 0.5236 -0.6024
vn -0.1662 0.5236 -0.8356
vn -0.3260 0.5236 0.7871
vn 0.7084 0.5236 -0.4733
vn -0.4733 0.5236 0.7084
vn 0.7871 0.5236 -0.3260
vn -0.6024 0.5236 0.6024
vn 0.8356 0.5236 -0.1662
vn -0.7084 0.5236 0.4733
vn 0.8520 0.5236 0.0000
vn -0.7490 0.6456 -0.1490
vn -0.7055 0.6456 -0.2922
vn 0.5400 0.6456 0.5400
vn 0.4242 0.6456 0.6349
vn -0.6349 0.6456 -0.4242
vn 0.2922 0.6456 0.7055
vn 0.0000 0.6456 -0.7636
vn 0.1490 0.6456 -0.7490
vn -0.5400 0.6456 -0.5400
vn 0.1490 0.6456 0.7490
vn 0.2922 0.6456 -0.7055
vn -0.4242 0.6456 -0.6349
vn 0.0000 0.6456 0.7636
vn 0.4242 0.6456 -0.6349
vn -0.2922 0.6456 -0.7055
vn -0.1490 0.6456 0.7490
vn 0.5400 0.6456 -0.5400
vn -0.1490 0.6456 -0.7490
vn -0.2922 0.6456 0.7055
vn 0.6349 0.6456 -0.4242
vn -0.4242 0.6456 0.6349
vn 0.7055 0.6456 -0.2922
vn -0.5400 0.6456 0.5400
vn 0.7490 0.6456 -0.1490
vn -0.6349 0.6456 0.4242
vn 0.7636 0.6456 0.0000
vn -0.7055 0.6456 0.2922
vn 0.7490 0.6456 0.1490
vn -0.7490 0.6456 0.1490
vn 0.7055 0.6456 0.2922
vn -0.7636 0.6456 0.0000
vn 0.6349 0.6456 0.4242
vn 0.1833 0.3416 -0.9218
vn 0.3596 0.3416 -0.8683
vn -0.6645 0.3416 -0.6645
vn -0.5221 0.3416 -0.7814
vn 0.1833 0.3416 0.9218
vn 0.0000 0.3416 0.9398
vn 0.5221 0.3416 -0.7814
vn -0.3596 0.3416 -0.8683
vn -0.1833 0.3416 0.9218
vn 0.6645 0.3416 -0.6645
vn -0.1833 0.3416 -0.9218
vn -0.3596 0.3416 0.8683
vn 0.7814 0.3416 -0.5221
vn 0.0000 0.3416 -0.9398
vn -0.5221 0.3416 0.7814
vn 0.8683 0.3416 -0.3596
vn -0.6645 0.3416 0.6645
vn 0.9218 0.3416 -0.1833
vn -0.7814 0.3416 0.5221
vn 0.9398 0.3416 0.0000
vn -0.8683 0.3416 0.3596
vn 0.9218 0.3416 0.1833
vn -0.9218 0.3416 0.1833
vn 0.8683 0.3416 0.3596
vn -0.9398 0.3416 0.0000
vn 0.7814 0.3416 0.5221
vn -0.9218 0.3416 -0.1833
vn 0.6645 0.3416 0.6645
vn -0.8683 0.3416 -0.3596
vn 0.5221 0.3416 0.7814
vn -0.7814 0.3416 -0.5221
vn 0.3596 0.3416 0.8683
vn 0.5684 -0.7298 0.3798
vn 0.4834 -0.7298 0.4834
vn -0.6705 -0.7298 -0.1334
vn -0.6316 -0.7298 -0.2616
vn 0.3798 -0.7298 0.5684
vn -0.5684 -0.7298 -0.3798
vn 0.2616 -0.7298 0.6316
vn 0.0000 -0.7299 -0.6836
vn 0.1333 -0.7298 -0.6705
vn -0.4834 -0.7298 -0.4834
vn 0.1333 -0.7298 0.6705
vn 0.2616 -0.7298 -0.6316
vn -0.3798 -0.7298 -0.5684
vn 0.0000 -0.7298 0.6836
vn 0.3798 -0.7298 -0.5684
vn -0.2616 -0.7298 -0.6316
vn -0.1333 -0.7298 0.6705
vn 0.4834 -0.7298 -0.4834
vn -0.1333 -0.7299 -0.6705
vn -0.2616 -0.7298 0.6316
vn 0.5684 -0.7298 -0.3798
vn -0.3798 -0.7298 0.5684
vn 0.6316 -0.7298 -0.2616
vn -0.4834 -0.7298 0.4834
vn 0.6705 -0.7298 -0.1334
vn -0.5684 -0.7298 0.3798
vn 0.6836 -0.7298 0.0000
vn -0.6316 -0.7298 0.2616
vn 0.6705 -0.7298 0.1333
vn -0.6705 -0.7298 0.1333
vn 0.6316 -0.7298 0.2616
vn -0.6836 -0.7298 0.0000
vn 0.2785 -0.6857 0.6725
vn 0.1420 -0.6857 0.7139
vn 0.1420 -0.6857 -0.7139
vn 0.2785 -0.6857 -0.6725
vn -0.5147 -0.6857 -0.5147
vn -0.4044 -0.6857 -0.6052
vn 0.0000 -0.6857 0.7279
vn 0.4044 -0.6857 -0.6052
vn -0.2785 -0.6857 -0.6725
vn -0.1420 -0.6857 0.7139
vn 0.5147 -0.6857 -0.5147
vn -0.1420 -0.6857 -0.7139
vn -0.2785 -0.6857 0.6725
vn 0.6052 -0.6857 -0.4044
vn 0.0000 -0.6857 -0.7279
vn -0.4044 -0.6857 0.6052
vn 0.6725 -0.6857 -0.2785
vn -0.5147 -0.6857 0.5147
vn 0.7139 -0.6857 -0.1420
vn -0.6052 -0.6857 0.4044
vn 0.7279 -0.6857 0.0000
vn -0.6725 -0.6857 0.2785
vn 0.7139 -0.6857 0.1420
vn -0.7139 -0.6857 0.1420
vn 0.6725 -0.6857 0.2785
vn -0.7279 -0.6857 0.0000
vn 0.6052 -0.6857 0.4044
vn -0.7139 -0.6857 -0.1420
vn 0.5147 -0.6857 0.5147
vn -0.6725 -0.6857 -0.2785
vn 0.4044 -0.6857 0.6052
vn -0.6052 -0.6857 -0.4044
vn -0.1420 0.6857 0.7139
vn -0.2785 0.6857 0.6725
vn 0.5147 0.6857 -0.5147
vn 0.6052 0.6857 -0.4044
vn -0.1420 0.6857 -0.7139
vn 0.0000 0.6857 -0.7279
vn -0.4044 0.6857 0.6052
vn 0.6725 0.6857 -0.2785
vn -0.5147 0.6857 0.5147
vn 0.7139 0.6857 -0.1420
vn -0.6052 0.6857 0.4044
vn 0.7279 0.6857 0.0000
vn -0.6725 0.6857 0.2785
vn 0.7139 0.6857 0.1420
vn -0.7139 0.6857 0.1420
vn 0.6725 0.6857 0.2785
vn -0.7279 0.6857 0.0000
vn 0.6052 0.6857 0.4044
vn -0.7139 0.6857 -0.1420
vn 0.5147 0.6857 0.5147
vn -0.6725 0.6857 -0.2785
vn 0.4044 0.6857 0.6052
vn -0.6052 0.6857 -0.4044
vn 0.2785 0.6857 0.6725
vn 0.1420 0.6857 -0.7139
vn -0.5147 0.6857 -0.5147
vn 0.1420 0.6857 0.7139
vn 0.2785 0.6857 -0.6725
vn -0.4044 0.6857 -0.6052
vn 0.0000 0.6857 0.7279
vn 0.4044 0.6857 -0.6052
vn -0.2785 0.6857 -0.6725
vn -0.4834 0.7298 0.4834
vn -0.5684 0.7298 0.3798
vn 0.6705 0.7298 -0.1334
vn 0.6836 0.7298 0.0000
vn -0.6316 0.7298 0.2616
vn 0.6705 0.7298 0.1333
vn -0.6705 0.7298 0.1333
vn 0.6316 0.7298 0.2616
vn -0.6836 0.7298 0.0000
vn 0.5684 0.7298 0.3798
vn -0.6705 0.7298 -0.1333
vn 0.4834 0.7298 0.4834
vn -0.6316 0.7298 -0.2616
vn 0.3798 0.7298 0.5684
vn -0.5684 0.7298 -0.3798
vn 0.2616 0.7298 0.6316
vn 0.0000 0.7298 -0.6836
vn 0.1333 0.7298 -0.6705
vn -0.4834 0.7298 -0.4834
vn 0.1333 0.7298 0.6705
vn 0.2616 0.7298 -0.6316
vn -0.3798 0.7298 -0.5684
vn 0.0000 0.7298 0.6836
vn 0.3798 0.7298 -0.5684
vn -0.2616 0.7299 -0.6316
vn -0.1333 0.7298 0.6705
vn 0.4834 0.7298 -0.4834
vn -0.1333 0.7298 -0.6705
vn -0.2616 0.7298 0.6316
vn 0.5684 0.7298 -0.3798
vn -0.3798 0.7298 0.5684
vn 0.6316 0.7298 -0.2616
vn -0.6705 -0.7298 -0.1333
vn 0.0000 -0.7298 -0.6836
vn -0.1333 -0.7298 -0.6705
vn 0.6705 -0.7298 0.1334
vn 0.3016 0.6154 -0.7282
vn 0.4379 0.6154 -0.6554
vn -0.4379 0.6154 -0.6554
vn -0.3016 0.6154 -0.7282
vn 0.0000 0.6154 0.7882
vn -0.1538 0.6154 0.7731
vn 0.5573 0.6154 -0.5573
vn -0.1538 0.6154 -0.7731
vn -0.3016 0.6154 0.7282
vn 0.6554 0.6154 -0.4379
vn 0.0000 0.6154 -0.7882
vn -0.4379 0.6154 0.6554
vn 0.7282 0.6154 -0.3016
vn -0.5573 0.6154 0.5573
vn 0.7731 0.6154 -0.1538
vn -0.6554 0.6154 0.4379
vn 0.7882 0.6154 0.0000
vn -0.7282 0.6154 0.3016
vn 0.7731 0.6154 0.1538
vn -0.7731 0.6154 0.1538
vn 0.7282 0.6154 0.3016
vn -0.7882 0.6154 0.0000
vn 0.6554 0.6154 0.4379
vn -0.7731 0.6154 -0.1538
vn 0.5573 0.6154 0.5573
vn -0.7282 0.6154 -0.3016
vn 0.4379 0.6154 0.6554
vn -0.6554 0.6154 -0.4379
vn 0.3016 0.6154 0.7282
vn 0.1538 0.6154 -0.7731
vn -0.5573 0.6154 -0.5573
vn 0.1538 0.6154 0.7731
vn 0.8229 0.1433 -0.5498
vn 0.9143 0.1433 -0.3787
vn -0.5498 0.1433 0.8229
vn -0.6998 0.1433 0.6998
vn 0.9706 0.1433 -0.1931
vn -0.8229 0.1433 0.5498
vn 0.9897 0.1433 0.0000
vn -0.9143 0.1433 0.3787
vn 0.9706 0.1433 0.1931
vn -0.9706 0.1433 0.1931
vn 0.9143 0.1433 0.3787
vn -0.9897 0.1433 0.0000
vn 0.8229 0.1433 0.5498
vn -0.9706 0.1433 -0.1931
vn 0.6998 0.1433 0.6998
vn -0.9143 0.1433 -0.3787
vn 0.5498 0.1433 0.8229
vn -0.8229 0.1433 -0.5498
vn 0.3787 0.1433 0.9143
vn 0.0000 0.1433 -0.9897
vn 0.1931 0.1433 -0.9706
vn -0.6998 0.1433 -0.6998
vn 0.1931 0.1433 0.9706
vn 0.3787 0.1433 -0.9143
vn -0.5498 0.1433 -0.8229
vn 0.0000 0.1433 0.9897
vn 0.5498 0.1433 -0.8229
vn -0.3787 0.1433 -0.9143
vn -0.1931 0.1433 0.9706
vn 0.6998 0.1433 -0.6998
vn -0.1931 0.1433 -0.9706
vn -0.3787 0.1433 0.9143
vn 0.8601 -0.5101 0.0000
vn 0.8436 -0.5101 0.1678
vn -0.7946 -0.5101 0.3291
vn -0.8436 -0.5101 0.1678
vn 0.7946 -0.5101 0.3291
vn -0.8601 -0.5101 0.0000
vn 0.7151 -0.5101 0.4778
vn -0.8436 -0.5101 -0.1678
vn 0.6082 -0.5101 0.6082
vn -0.7946 -0.5101 -0.3291
vn 0.4778 -0.5101 0.7151
vn -0.7151 -0.5101 -0.4778
vn 0.3291 -0.5101 0.7946
vn 0.0000 -0.5101 -0.8601
vn 0.1678 -0.5101 -0.8436
vn -0.6082 -0.5101 -0.6082
vn 0.1678 -0.5101 0.8436
vn 0.3291 -0.5101 -0.7946
vn -0.4778 -0.5101 -0.7151
vn 0.0000 -0.5101 0.8601
vn 0.4778 -0.5101 -0.7151
vn -0.3291 -0.5101 -0.7946
vn -0.1678 -0.5101 0.8436
vn 0.6082 -0.5101 -0.6082
vn -0.1678 -0.5101 -0.8436
vn -0.3291 -0.5101 0.7946
vn 0.7151 -0.5101 -0.4778
vn -0.4778 -0.5101 0.7151
vn 0.7946 -0.5101 -0.3291
vn -0.6082 -0.5101 0.6082
vn 0.8436 -0.5101 -0.1678
vn -0.7151 -0.5101 0.4778
vn 0.0000 1.0000 0.0000
usemtl Material.001
s 1
f 3/1/1 2/2/2 34/3/3 35/4/4
f 30/5/5 29/6/6 61/7/7 62/8/8
f 17/9/9 16/10/10 48/11/11 49/12/12
f 4/13/13 3/1/1 35/4/4 36/14/14
f 31/15/15 30/5/5 62/8/8 63/16/16
f 18/17/17 17/9/9 49/12/12 50/18/18
f 5/19/19 4/13/13 36/14/14 37/20/20
f 32/21/21 31/15/15 63/16/16 64/22/22
f 19/23/23 18/17/17 50/18/18 51/24/24
f 6/25/25 5/19/19 37/20/20 38/26/26
f 1/27/27 32/21/21 64/22/22 33/28/28
f 20/29/29 19/23/23 51/24/24 52/30/30
f 7/31/31 6/25/25 38/26/26 39/32/32
f 21/33/33 20/29/29 52/30/30 53/34/34
f 8/35/35 7/31/31 39/32/32 40/36/36
f 22/37/37 21/33/33 53/34/34 54/38/38
f 9/39/39 8/35/35 40/36/36 41/40/40
f 23/41/41 22/37/37 54/38/38 55/42/42
f 10/43/43 9/39/39 41/40/40 42/44/44
f 24/45/45 23/41/41 55/42/42 56/46/46
f 11/47/47 10/43/43 42/44/44 43/48/48
f 25/49/49 24/45/45 56/46/46 57/50/50
f 12/51/51 11/47/47 43/48/48 44/52/52
f 26/53/53 25/49/49 57/50/50 58/54/54
f 13/55/55 12/51/51 44/52/52 45/56/56
f 27/57/57 26/53/53 58/54/54 59/58/58
f 14/59/59 13/55/55 45/56/56 46/60/60
f 28/61/61 27/57/57 59/58/58 60/62/62
f 15/63/63 14/59/59 46/60/60 47/64/64
f 2/2/2 1/27/27 33/28/28 34/3/3
f 29/6/6 28/61/61 60/62/62 61/7/7
f 16/10/10 15/63/63 47/64/64 48/11/11
f 57/50/50 56/46/46 88/65/65 89/66/66
f 44/52/52 43/48/48 75/67/67 76/68/68
f 58/54/54 57/50/50 89/66/66 90/69/69
f 45/56/56 44/52/52 76/68/68 77/70/70
f 59/58/58 58/54/54 90/69/69 91/71/71
f 46/60/60 45/56/56 77/70/70 78/72/72
f 60/62/62 59/58/58 91/71/71 92/73/73
f 47/64/64 46/60/60 78/72/72 79/74/74
f 34/3/3 33/28/28 65/75/75 66/76/76
f 61/7/7 60/62/62 92/73/73 93/77/77
f 48/11/11 47/64/64 79/74/74 80/78/78
f 35/4/4 34/3/3 66/76/76 67/79/79
f 62/8/8 61/7/7 93/77/77 94/80/80
f 49/12/12 48/11/11 80/78/78 81/81/81
f 36/14/14 35/4/4 67/79/79 68/82/82
f 63/16/16 62/8/8 94/80/80 95/83/83
f 50/18/18 49/12/12 81/81/81 82/84/84
f 37/20/20 36/14/14 68/82/82 69/85/85
f 64/22/22 63/16/16 95/83/83 96/86/86
f 51/24/24 50/18/18 82/84/84 83/87/87
f 38/26/26 37/20/20 69/85/85 70/88/88
f 33/28/28 64/22/22 96/86/86 65/75/75
f 52/30/30 51/24/24 83/87/87 84/89/89
f 39/32/32 38/26/26 70/88/88 71/90/90
f 53/34/34 52/30/30 84/89/89 85/91/91
f 40/36/36 39/32/32 71/90/90 72/92/92
f 54/38/38 53/34/34 85/91/91 86/93/93
f 41/40/40 40/36/36 72/92/92 73/94/94
f 55/42/42 54/38/38 86/93/93 87/95/95
f 42/44/44 41/40/40 73/94/94 74/96/96
f 56/46/46 55/42/42 87/95/95 88/65/65
f 43/48/48 42/44/44 74/96/96 75/67/67
f 92/73/73 91/71/71 123/97/97 124/98/98
f 79/74/74 78/72/72 110/99/99 111/100/100
f 66/76/76 65/75/75 97/101/101 98/102/102
f 93/77/77 92/73/73 124/98/98 125/103/103
f 80/78/78 79/74/74 111/100/100 112/104/104
f 67/79/79 66/76/76 98/102/102 99/105/105
f 94/80/80 93/77/77 125/103/103 126/106/106
f 81/81/81 80/78/78 112/104/104 113/107/107
f 68/82/82 67/79/79 99/105/105 100/108/108
f 95/83/83 94/80/80 126/106/106 127/109/109
f 82/84/84 81/81/81 113/107/107 114/110/110
f 69/85/85 68/82/82 100/108/108 101/111/111
f 96/86/86 95/83/83 127/109/109 128/112/112
f 83/87/87 82/84/84 114/110/110 115/113/113
f 70/88/88 69/85/85 101/111/111 102/114/114
f 65/75/75 96/86/86 128/112/112 97/101/101
f 84/89/89 83/87/87 115/113/113 116/115/115
f 71/90/90 70/88/88 102/114/114 103/116/116
f 85/91/91 84/89/89 116/115/115 117/117/117
f 72/92/92 71/90/90 103/116/116 104/118/118
f 86/93/93 85/91/91 117/117/117 118/119/119
f 73/94/94 72/92/92 104/118/118 105/120/120
f 87/95/95 86/93/93 118/119/119 119/121/121
f 74/96/96 73/94/94 105/120/120 106/122/122
f 88/65/65 87/95/95 119/121/121 120/123/123
f 75/67/67 74/96/96 106/122/122 107/124/124
f 89/66/66 88/65/65 120/123/123 121/125/125
f 76/68/68 75/67/67 107/124/124 108/126/126
f 90/69/69 89/66/66 121/125/125 122/127/127
f 77/70/70 76/68/68 108/126/126 109/128/128
f 91/71/71 90/69/69 122/127/127 123/97/97
f 78/72/72 77/70/70 109/128/128 110/99/99
f 100/108/108 99/105/105 131/129/129 132/130/130
f 127/109/109 126/106/106 158/131/131 159/132/132
f 114/110/110 113/107/107 145/133/133 146/134/134
f 101/111/111 100/108/108 132/130/130 133/135/135
f 128/112/112 127/109/109 159/132/132 160/136/136
f 115/113/113 114/110/110 146/134/134 147/137/137
f 102/114/114 101/111/111 133/135/135 134/138/138
f 97/101/101 128/112/112 160/136/136 129/139/139
f 116/115/115 115/113/113 147/137/137 148/140/140
f 103/116/116 102/114/114 134/138/138 135/141/141
f 117/117/117 116/115/115 148/140/140 149/142/142
f 104/118/118 103/116/116 135/141/141 136/143/143
f 118/119/119 117/117/117 149/142/142 150/144/144
f 105/120/120 104/118/118 136/143/143 137/145/145
f 119/121/121 118/119/119 150/144/144 151/146/146
f 106/122/122 105/120/120 137/145/145 138/147/147
f 120/123/123 119/121/121 151/146/146 152/148/148
f 107/124/124 106/122/122 138/147/147 139/149/149
f 121/125/125 120/123/123 152/148/148 153/150/150
f 108/126/126 107/124/124 139/149/149 140/151/151
f 122/127/127 121/125/125 153/150/150 154/152/152
f 109/128/128 108/126/126 140/151/151 141/153/153
f 123/97/97 122/127/127 154/152/152 155/154/154
f 110/99/99 109/128/128 141/153/153 142/155/155
f 124/98/98 123/97/97 155/154/154 156/156/156
f 111/100/100 110/99/99 142/155/155 143/157/157
f 98/102/102 97/101/101 129/139/139 130/158/158
f 125/103/103 124/98/98 156/156/156 157/159/159
f 112/104/104 111/100/100 143/157/157 144/160/160
f 99/105/105 98/102/102 130/158/158 131/129/129
f 126/106/106 125/103/103 157/159/159 158/131/131
f 113/107/107 112/104/104 144/160/160 145/133/133
f 135/141/141 134/138/138 166/161/161 167/162/162
f 149/142/142 148/140/140 180/163/163 181/164/164
f 136/143/143 135/141/141 167/162/162 168/165/165
f 150/144/144 149/142/142 181/164/164 182/166/166
f 137/145/145 136/143/143 168/165/165 169/167/167
f 151/146/146 150/144/144 182/166/166 183/168/168
f 138/147/147 137/145/145 169/167/167 170/169/169
f 152/148/148 151/146/146 183/168/168 184/170/170
f 139/149/149 138/147/147 170/169/169 171/171/171
f 153/150/150 152/148/148 184/170/170 185/172/172
f 140/151/151 139/149/149 171/171/171 172/173/173
f 154/152/152 153/150/150 185/172/172 186/174/174
f 141/153/153 140/151/151 172/173/173 173/175/175
f 155/154/154 154/152/152 186/174/174 187/176/176
f 142/155/155 141/153/153 173/175/175 174/177/177
f 156/156/156 155/154/154 187/176/176 188/178/178
f 143/157/157 142/155/155 174/177/177 175/179/179
f 130/158/158 129/139/139 161/180/180 162/181/181
f 157/159/159 156/156/156 188/178/178 189/182/182
f 144/160/160 143/157/157 175/179/179 176/183/183
f 131/129/129 130/158/158 162/181/181 163/184/184
f 158/131/131 157/159/159 189/182/182 190/185/185
f 145/133/133 144/160/160 176/183/183 177/186/186
f 132/130/130 131/129/129 163/184/184 164/187/187
f 159/132/132 158/131/131 190/185/185 191/188/188
f 146/134/134 145/133/133 177/186/186 178/189/189
f 133/135/135 132/130/130 164/187/187 165/190/190
f 160/136/136 159/132/132 191/188/188 192/191/191
f 147/137/137 146/134/134 178/189/189 179/192/192
f 134/138/138 133/135/135 165/190/190 166/161/161
f 129/139/139 160/136/136 192/191/191 161/180/180
f 148/140/140 147/137/137 179/192/192 180/163/163
f 162/181/181 161/180/180 193/193/193 194/194/194
f 189/182/182 188/178/178 220/195/195 221/196/196
f 176/183/183 175/179/179 207/197/197 208/198/198
f 163/184/184 162/181/181 194/194/194 195/199/199
f 190/185/185 189/182/182 221/196/196 222/200/200
f 177/186/186 176/183/183 208/198/198 209/201/201
f 164/187/187 163/184/184 195/199/199 196/202/202
f 191/188/188 190/185/185 222/200/200 223/203/203
f 178/189/189 177/186/186 209/201/201 210/204/204
f 165/190/190 164/187/187 196/202/202 197/205/205
f 192/191/191 191/188/188 223/203/203 224/206/206
f 179/192/192 178/189/189 210/204/204 211/207/207
f 166/161/161 165/190/190 197/205/205 198/208/208
f 161/180/180 192/191/191 224/206/206 193/193/193
f 180/163/163 179/192/192 211/207/207 212/209/209
f 167/162/162 166/161/161 198/208/208 199/210/210
f 181/164/164 180/163/163 212/209/209 213/211/211
f 168/165/165 167/162/162 199/210/210 200/212/212
f 182/166/166 181/164/164 213/211/211 214/213/213
f 169/167/167 168/165/165 200/212/212 201/214/214
f 183/168/168 182/166/166 214/213/213 215/215/215
f 170/169/169 169/167/167 201/214/214 202/216/216
f 184/170/170 183/168/168 215/215/215 216/217/217
f 171/171/171 170/169/169 202/216/216 203/218/218
f 185/172/172 184/170/170 216/217/217 217/219/219
f 172/173/173 171/171/171 203/218/218 204/220/220
f 186/174/174 185/172/172 217/219/219 218/221/221
f 173/175/175 172/173/173 204/220/220 205/222/222
f 187/176/176 186/174/174 218/221/221 219/223/223
f 174/177/177 173/175/175 205/222/222 206/224/224
f 188/178/178 187/176/176 219/223/223 220/195/195
f 175/179/179 174/177/177 206/224/224 207/197/197
f 197/205/205 196/202/202 228/225/225 229/226/226
f 224/206/206 223/203/203 255/227/227 256/228/228
f 211/207/207 210/204/204 242/229/229 243/230/230
f 198/208/208 197/205/205 229/226/226 230/231/231
f 193/193/193 224/206/206 256/228/228 225/232/232
f 212/209/209 211/207/207 243/230/230 244/233/233
f 199/210/210 198/208/208 230/231/231 231/234/234
f 213/211/211 212/209/209 244/233/233 245/235/235
f 200/212/212 199/210/210 231/234/234 232/236/236
f 214/213/213 213/211/211 245/235/235 246/237/237
f 201/214/214 200/212/212 232/236/236 233/238/238
f 215/215/215 214/213/213 246/237/237 247/239/239
f 202/216/216 201/214/214 233/238/238 234/240/240
f 216/217/217 215/215/215 247/239/239 248/241/241
f 203/218/218 202/216/216 234/240/240 235/242/242
f 217/219/219 216/217/217 248/241/241 249/243/243
f 204/220/220 203/218/218 235/242/242 236/244/244
f 218/221/221 217/219/219 249/243/243 250/245/245
f 205/222/222 204/220/220 236/244/244 237/246/246
f 219/223/223 218/221/221 250/245/245 251/247/247
f 206/224/224 205/222/222 237/246/246 238/248/248
f 220/195/195 219/223/223 251/247/247 252/249/249
f 207/197/197 206/224/224 238/248/248 239/250/250
f 194/194/194 193/193/193 225/232/232 226/251/251
f 221/196/196 220/195/195 252/249/249 253/252/252
f 208/198/198 207/197/197 239/250/250 240/253/253
f 195/199/199 194/194/194 226/251/251 227/254/254
f 222/200/200 221/196/196 253/252/252 254/255/255
f 209/201/201 208/198/198 240/253/253 241/256/256
f 196/202/202 195/199/199 227/254/254 228/225/225
f 223/203/203 222/200/200 254/255/255 255/227/227
f 210/204/204 209/201/201 241/256/256 242/229/229
f 232/236/236 231/234/234 263/257/257 264/258/258
f 246/237/237 245/235/235 277/259/259 278/260/260
f 233/238/238 232/236/236 264/258/258 265/261/261
f 247/239/239 246/237/237 278/260/260 279/262/262
f 234/240/240 233/238/238 265/261/261 266/263/263
f 248/241/241 247/239/239 279/262/262 280/264/264
f 235/242/242 234/240/240 266/263/263 267/265/265
f 249/243/243 248/241/241 280/264/264 281/266/266
f 236/244/244 235/242/242 267/265/265 268/267/267
f 250/245/245 249/243/243 281/266/266 282/268/268
f 237/246/246 236/244/244 268/267/267 269/269/269
f 251/247/247 250/245/245 282/268/268 283/270/270
f 238/248/248 237/246/246 269/269/269 270/271/271
f 252/249/249 251/247/247 283/270/270 284/272/272
f 239/250/250 238/248/248 270/271/271 271/273/273
f 226/251/251 225/232/232 257/274/274 258/275/275
f 253/252/252 252/249/249 284/272/272 285/276/276
f 240/253/253 239/250/250 271/273/273 272/277/277
f 227/254/254 226/251/251 258/275/275 259/278/278
f 254/255/255 253/252/252 285/276/276 286/279/279
f 241/256/256 240/253/253 272/277/277 273/280/280
f 228/225/225 227/254/254 259/278/278 260/281/281
f 255/227/227 254/255/255 286/279/279 287/282/282
f 242/229/229 241/256/256 273/280/280 274/283/283
f 229/226/226 228/225/225 260/281/281 261/284/284
f 256/228/228 255/227/227 287/282/282 288/285/285
f 243/230/230 242/229/229 274/283/283 275/286/286
f 230/231/231 229/226/226 261/284/284 262/287/287
f 225/232/232 256/228/228 288/285/285 257/274/274
f 244/233/233 243/230/230 275/286/286 276/288/288
f 231/234/234 230/231/231 262/287/287 263/257/257
f 245/235/235 244/233/233 276/288/288 277/259/259
f 267/265/265 266/263/263 298/289/289 299/290/290
f 281/266/266 280/264/264 312/291/291 313/292/292
f 268/267/267 267/265/265 299/290/290 300/293/293
f 282/268/268 281/266/266 313/292/292 314/294/294
f 269/269/269 268/267/267 300/293/293 301/295/295
f 283/270/270 282/268/268 314/294/294 315/296/296
f 270/271/271 269/269/269 301/295/295 302/297/297
f 284/272/272 283/270/270 315/296/296 316/298/298
f 271/273/273 270/271/271 302/297/297 303/299/299
f 258/275/275 257/274/274 289/300/300 290/301/301
f 285/276/276 284/272/272 316/298/298 317/302/302
f 272/277/277 271/273/273 303/299/299 304/303/303
f 259/278/278 258/275/275 290/301/301 291/304/304
f 286/279/279 285/276/276 317/302/302 318/305/305
f 273/280/280 272/277/277 304/303/303 305/306/306
f 260/281/281 259/278/278 291/304/304 292/307/307
f 287/282/282 286/279/279 318/305/305 319/308/308
f 274/283/283 273/280/280 305/306/306 306/309/309
f 261/284/284 260/281/281 292/307/307 293/310/310
f 288/285/285 287/282/282 319/308/308 320/311/311
f 275/286/286 274/283/283 306/309/309 307/312/312
f 262/287/287 261/284/284 293/310/310 294/313/313
f 257/274/274 288/285/285 320/311/311 289/300/300
f 276/288/288 275/286/286 307/312/312 308/314/314
f 263/257/257 262/287/287 294/313/313 295/315/315
f 277/259/259 276/288/288 308/314/314 309/316/316
f 264/258/258 263/257/257 295/315/315 296/317/317
f 278/260/260 277/259/259 309/316/316 310/318/318
f 265/261/261 264/258/258 296/317/317 297/319/319
f 279/262/262 278/260/260 310/318/318 311/320/320
f 266/263/263 265/261/261 297/319/319 298/289/289
f 280/264/264 279/262/262 311/320/320 312/291/291
f 302/297/297 301/295/295 338/321/321
f 316/298/298 315/296/296 338/321/321
f 303/299/299 302/297/297 338/321/321
f 290/301/301 289/300/300 338/321/321
f 317/302/302 316/298/298 338/321/321
f 304/303/303 303/299/299 338/321/321
f 291/304/304 290/301/301 338/321/321
f 318/305/305 317/302/302 338/321/321
f 305/306/306 304/303/303 338/321/321
f 292/307/307 291/304/304 338/321/321
f 319/308/308 318/305/305 338/321/321
f 306/309/309 305/306/306 338/321/321
f 293/310/310 292/307/307 338/321/321
f 320/311/311 319/308/308 338/321/321
f 307/312/312 306/309/309 338/321/321
f 294/313/313 293/310/310 338/321/321
f 289/300/300 320/311/311 338/321/321
f 308/314/314 307/312/312 338/321/321
f 295/315/315 294/313/313 338/321/321
f 309/316/316 308/314/314 338/321/321
f 296/317/317 295/315/315 338/321/321
f 310/318/318 309/316/316 338/321/321
f 297/319/319 296/317/317 338/321/321
f 311/320/320 310/318/318 338/321/321
f 298/289/289 297/319/319 338/321/321
f 312/291/291 311/320/320 338/321/321
f 299/290/290 298/289/289 338/321/321
f 313/292/292 312/291/291 338/321/321
f 300/293/293 299/290/290 338/321/321
f 314/294/294 313/292/292 338/321/321
f 301/295/295 300/293/293 338/321/321
f 315/296/296 314/294/294 338/321/321
f 21/33/33 22/37/37 330/322/322 331/323/323
f 8/35/35 9/39/39 344/324/324 345/325/325
f 22/37/37 23/41/41 329/326/326 330/322/322
f 9/39/39 10/43/43 343/327/327 344/324/324
f 23/41/41 24/45/45 328/328/328 329/326/326
f 10/43/43 11/47/47 342/329/329 343/327/327
f 24/45/45 25/49/49 327/330/330 328/328/328
f 11/47/47 12/51/51 341/331/331 342/329/329
f 25/49/49 26/53/53 326/332/332 327/330/330
f 12/51/51 13/55/55 340/333/333 341/331/331
f 26/53/53 27/57/57 325/334/334 326/332/332
f 13/55/55 14/59/59 339/335/335 340/333/333
f 27/57/57 28/61/61 324/336/336 325/334/334
f 14/59/59 15/63/63 337/337/337 339/335/335
f 1/27/27 2/2/2 351/338/338 352/339/339
f 28/61/61 29/6/6 323/340/340 324/336/336
f 15/63/63 16/10/10 336/341/341 337/337/337
f 2/2/2 3/1/1 350/342/342 351/338/338
f 29/6/6 30/5/5 322/343/343 323/340/340
f 16/10/10 17/9/9 335/344/344 336/341/341
f 3/1/1 4/13/13 349/345/345 350/342/342
f 30/5/5 31/15/15 321/346/346 322/343/343
f 17/9/9 18/17/17 334/347/347 335/344/344
f 4/13/13 5/19/19 348/348/348 349/345/345
f 31/15/15 32/21/21 353/349/349 321/346/346
f 18/17/17 19/23/23 333/350/350 334/347/347
f 5/19/19 6/25/25 347/351/351 348/348/348
f 32/21/21 1/27/27 352/339/339 353/349/349
f 19/23/23 20/29/29 332/352/352 333/350/350
f 6/25/25 7/31/31 346/353/353 347/351/351
f 20/29/29 21/33/33 331/323/323 332/352/352
f 7/31/31 8/35/35 345/325/325 346/353/353
f 344/324/324 343/327/327 375/354/354 376/355/355
f 331/323/323 330/322/322 363/356/356 364/357/357
f 345/325/325 344/324/324 376/355/355 377/358/358
f 332/352/352 331/323/323 364/357/357 365/359/359
f 346/353/353 345/325/325 377/358/358 378/360/360
f 333/350/350 332/352/352 365/359/359 366/361/361
f 353/349/349 352/339/339 384/362/362 385/363/363
f 347/351/351 346/353/353 378/360/360 379/364/364
f 334/347/347 333/350/350 366/361/361 367/365/365
f 321/346/346 353/349/349 385/363/363 354/366/366
f 348/348/348 347/351/351 379/364/364 380/367/367
f 322/343/343 321/346/346 354/366/366 355/368/368
f 349/345/345 348/348/348 380/367/367 381/369/369
f 335/344/344 334/347/347 367/365/365 368/370/370
f 323/340/340 322/343/343 355/368/368 356/371/371
f 350/342/342 349/345/345 381/369/369 382/372/372
f 336/341/341 335/344/344 368/370/370 369/373/373
f 324/336/336 323/340/340 356/371/371 357/374/374
f 351/338/338 350/342/342 382/372/372 383/375/375
f 337/337/337 336/341/341 369/373/373 370/376/376
f 325/334/334 324/336/336 357/374/374 358/377/377
f 352/339/339 351/338/338 383/375/375 384/362/362
f 339/335/335 337/337/337 370/376/376 371/378/378
f 326/332/332 325/334/334 358/377/377 359/379/379
f 340/333/333 339/335/335 371/378/378 372/380/380
f 327/330/330 326/332/332 359/379/379 360/381/381
f 341/331/331 340/333/333 372/380/380 373/382/382
f 328/328/328 327/330/330 360/381/381 361/383/383
f 342/329/329 341/331/331 373/382/382 374/384/384
f 329/326/326 328/328/328 361/383/383 362/385/385
f 343/327/327 342/329/329 374/384/384 375/354/354
f 330/322/322 329/326/326 362/385/385 363/356/356
f 379/364/364 378/360/360 410/386/386 411/387/387
f 366/361/361 365/359/359 397/388/388 398/389/389
f 385/363/363 384/362/362 416/390/390 417/391/391
f 380/367/367 379/364/364 411/387/387 412/392/392
f 367/365/365 366/361/361 398/389/389 399/393/393
f 354/366/366 385/363/363 417/391/391 386/394/394
f 381/369/369 380/367/367 412/392/392 413/395/395
f 368/370/370 367/365/365 399/393/393 400/396/396
f 355/368/368 354/366/366 386/394/394 387/397/397
f 382/372/372 381/369/369 413/395/395 414/398/398
f 369/373/373 368/370/370 400/396/396 401/399/399
f 356/371/371 355/368/368 387/397/397 388/400/400
f 383/375/375 382/372/372 414/398/398 415/401/401
f 370/376/376 369/373/373 401/399/399 402/402/402
f 357/374/374 356/371/371 388/400/400 389/403/403
f 384/362/362 383/375/375 415/401/401 416/390/390
f 371/378/378 370/376/376 402/402/402 403/404/404
f 358/377/377 357/374/374 389/403/403 390/405/405
f 372/380/380 371/378/378 403/404/404 404/406/406
f 359/379/379 358/377/377 390/405/405 391/407/407
f 373/382/382 372/380/380 404/406/406 405/408/408
f 360/381/381 359/379/379 391/407/407 392/409/409
f 374/384/384 373/382/382 405/408/408 406/410/410
f 361/383/383 360/381/381 392/409/409 393/411/411
f 375/354/354 374/384/384 406/410/410 407/412/412
f 362/385/385 361/383/383 393/411/411 394/413/413
f 376/355/355 375/354/354 407/412/412 408/414/414
f 363/356/356 362/385/385 394/413/413 395/415/415
f 377/358/358 376/355/355 408/414/414 409/416/416
f 364/357/357 363/356/356 395/415/415 396/417/417
f 378/360/360 377/358/358 409/416/416 410/386/386
f 365/359/359 364/357/357 396/417/417 397/388/388
f 414/398/398 413/395/395 445/418/418 446/419/419
f 401/399/399 400/396/396 432/420/420 433/421/421
f 388/400/400 387/397/397 419/422/422 420/423/423
f 415/401/401 414/398/398 446/419/419 447/424/424
f 402/402/402 401/399/399 433/421/421 434/425/425
f 389/403/403 388/400/400 420/423/423 421/426/426
f 416/390/390 415/401/401 447/424/424 448/427/427
f 403/404/404 402/402/402 434/425/425 435/428/428
f 390/405/405 389/403/403 421/426/426 422/429/429
f 404/406/406 403/404/404 435/428/428 436/430/430
f 391/407/407 390/405/405 422/429/429 423/431/431
f 405/408/408 404/406/406 436/430/430 437/432/432
f 392/409/409 391/407/407 423/431/431 424/433/433
f 406/410/410 405/408/408 437/432/432 438/434/434
f 393/411/411 392/409/409 424/433/433 425/435/435
f 407/412/412 406/410/410 438/434/434 439/436/436
f 394/413/413 393/411/411 425/435/435 426/437/437
f 408/414/414 407/412/412 439/436/436 440/438/438
f 395/415/415 394/413/413 426/437/437 427/439/439
f 409/416/416 408/414/414 440/438/438 441/440/440
f 396/417/417 395/415/415 427/439/439 428/441/441
f 410/386/386 409/416/416 441/440/440 442/442/442
f 397/388/388 396/417/417 428/441/441 429/443/443
f 411/387/387 410/386/386 442/442/442 443/444/444
f 398/389/389 397/388/388 429/443/443 430/445/445
f 417/391/391 416/390/390 448/427/427 449/446/446
f 412/392/392 411/387/387 443/444/444 444/447/447
f 399/393/393 398/389/389 430/445/445 431/448/448
f 386/394/394 417/391/391 449/446/446 418/449/449
f 413/395/395 412/392/392 444/447/447 445/418/418
f 400/396/396 399/393/393 431/448/448 432/420/420
f 387/397/397 386/394/394 418/449/449 419/422/422
f 436/430/430 435/428/428 467/450/450 468/451/451
f 423/431/431 422/429/429 454/452/452 455/453/453
f 437/432/432 436/430/430 468/451/451 469/454/454
f 424/433/433 423/431/431 455/453/453 456/455/455
f 438/434/434 437/432/432 469/454/454 470/456/456
f 425/435/435 424/433/433 456/455/455 457/457/457
f 439/436/436 438/434/434 470/456/456 471/458/458
f 426/437/437 425/435/435 457/457/457 458/459/459
f 440/438/438 439/436/436 471/458/458 472/460/460
f 427/439/439 426/437/437 458/459/459 459/461/461
f 441/440/440 440/438/438 472/460/460 473/462/462
f 428/441/441 427/439/439 459/461/461 460/463/463
f 442/442/442 441/440/440 473/462/462 474/464/464
f 429/443/443 428/441/441 460/463/463 461/465/465
f 443/444/444 442/442/442 474/464/464 475/466/466
f 430/445/445 429/443/443 461/465/465 462/467/467
f 449/446/446 448/427/427 480/468/468 481/469/469
f 444/447/447 443/444/444 475/466/466 476/470/470
f 431/448/448 430/445/445 462/467/467 463/471/471
f 418/449/449 449/446/446 481/469/469 450/472/472
f 445/418/418 444/447/447 476/470/470 477/473/473
f 432/420/420 431/448/448 463/471/471 464/474/474
f 419/422/422 418/449/449 450/472/472 451/475/475
f 446/419/419 445/418/418 477/473/473 478/476/476
f 433/421/421 432/420/420 464/474/474 465/477/477
f 420/423/423 419/422/422 451/475/475 452/478/478
f 447/424/424 446/419/419 478/476/476 479/479/479
f 434/425/425 433/421/421 465/477/477 466/480/480
f 421/426/426 420/423/423 452/478/478 453/481/481
f 448/427/427 447/424/424 479/479/479 480/468/468
f 435/428/428 434/425/425 466/480/480 467/450/450
f 422/429/429 421/426/426 453/481/481 454/452/452
f 471/458/458 470/456/456 502/482/482 503/483/483
f 458/459/459 457/457/457 489/484/484 490/485/485
f 472/460/460 471/458/458 503/483/483 504/486/486
f 459/461/461 458/459/459 490/485/485 491/487/487
f 473/462/462 472/460/460 504/486/486 505/488/488
f 460/463/463 459/461/461 491/487/487 492/489/489
f 474/464/464 473/462/462 505/488/488 506/490/490
f 461/465/465 460/463/463 492/489/489 493/491/491
f 475/466/466 474/464/464 506/490/490 507/492/492
f 462/467/467 461/465/465 493/491/491 494/493/493
f 481/469/469 480/468/468 512/494/494 513/495/495
f 476/470/470 475/466/466 507/492/492 508/496/496
f 463/471/471 462/467/467 494/493/493 495/497/497
f 450/472/472 481/469/469 513/495/495 482/498/498
f 477/473/473 476/470/470 508/496/496 509/499/499
f 464/474/474 463/471/471 495/497/497 496/500/500
f 451/475/475 450/472/472 482/498/498 483/501/501
f 478/476/476 477/473/473 509/499/499 510/502/502
f 465/477/477 464/474/474 496/500/500 497/503/503
f 452/478/478 451/475/475 483/501/501 484/504/504
f 479/479/479 478/476/476 510/502/502 511/505/505
f 466/480/480 465/477/477 497/503/503 498/506/506
f 453/481/481 452/478/478 484/504/504 485/507/507
f 480/468/468 479/479/479 511/505/505 512/494/494
f 467/450/450 466/480/480 498/506/506 499/508/508
f 454/452/452 453/481/481 485/507/507 486/509/509
f 468/451/451 467/450/450 499/508/508 500/510/510
f 455/453/453 454/452/452 486/509/509 487/511/511
f 469/454/454 468/451/451 500/510/510 501/512/512
f 456/455/455 455/453/453 487/511/511 488/513/513
f 470/456/456 469/454/454 501/512/512 502/482/482
f 457/457/457 456/455/455 488/513/513 489/484/484
f 506/490/490 505/488/488 537/514/514 538/515/515
f 493/491/491 492/489/489 524/516/516 525/517/517
f 507/492/492 506/490/490 538/515/515 539/518/518
f 494/493/493 493/491/491 525/517/517 526/519/519
f 513/495/495 512/494/494 544/520/520 545/521/521
f 508/496/496 507/492/492 539/518/518 540/522/522
f 495/497/497 494/493/493 526/519/519 527/523/523
f 482/498/498 513/495/495 545/521/521 514/524/524
f 509/499/499 508/496/496 540/522/522 541/525/525
f 496/500/500 495/497/497 527/523/523 528/526/526
f 483/501/501 482/498/498 514/524/524 515/527/527
f 510/502/502 509/499/499 541/525/525 542/528/528
f 497/503/503 496/500/500 528/526/526 529/529/529
f 484/504/504 483/501/501 515/527/527 516/530/530
f 511/505/505 510/502/502 542/528/528 543/531/531
f 498/506/506 497/503/503 529/529/529 530/532/532
f 485/507/507 484/504/504 516/530/530 517/533/533
f 512/494/494 511/505/505 543/531/531 544/520/520
f 499/508/508 498/506/506 530/532/532 531/534/534
f 486/509/509 485/507/507 517/533/533 518/535/535
f 500/510/510 499/508/508 531/534/534 532/536/536
f 487/511/511 486/509/509 518/535/535 519/537/537
f 501/512/512 500/510/510 532/536/536 533/538/538
f 488/513/513 487/511/511 519/537/537 520/539/539
f 502/482/482 501/512/512 533/538/538 534/540/540
f 489/484/484 488/513/513 520/539/539 521/541/541
f 503/483/483 502/482/482 534/540/540 535/542/542
f 490/485/485 489/484/484 521/541/541 522/543/543
f 504/486/486 503/483/483 535/542/542 536/544/544
f 491/487/487 490/485/485 522/543/543 523/545/545
f 505/488/488 504/486/486 536/544/544 537/514/514
f 492/489/489 491/487/487 523/545/545 524/516/516
f 579/546/546 578/547/547 577/548/548 546/549/549
f 581/550/550 580/551/551 572/552/552 573/553/553
f 583/554/554 582/555/555 559/556/556 560/557/557
f 584/558/558 579/546/546 546/549/549 547/559/559
f 585/560/560 581/550/550 573/553/553 574/561/561
f 586/562/562 583/554/554 560/557/557 561/563/563
f 587/564/564 584/558/558 547/559/559 548/565/565
f 588/566/566 585/560/560 574/561/561 575/567/567
f 589/568/568 586/562/562 561/563/563 562/569/569
f 590/570/570 587/564/564 548/565/565 549/571/571
f 591/572/572 588/566/566 575/567/567 576/573/573
f 592/574/574 589/568/568 562/569/569 563/575/575
f 593/576/576 590/570/570 549/571/571 550/577/577
f 594/578/578 592/574/574 563/575/575 564/579/579
f 595/580/580 593/576/576 550/577/577 551/581/581
f 596/582/582 594/578/578 564/579/579 565/583/583
f 597/584/584 595/580/580 551/581/581 552/585/585
f 598/586/586 596/582/582 565/583/583 566/587/587
f 599/588/588 597/584/584 552/585/585 553/589/589
f 600/590/590 598/586/586 566/587/587 567/591/591
f 601/592/592 599/588/588 553/589/589 554/593/593
f 602/594/594 600/590/590 567/591/591 568/595/595
f 603/596/596 601/592/592 554/593/593 555/597/597
f 604/598/598 602/594/594 568/595/595 569/599/599
f 605/600/600 603/596/596 555/597/597 556/601/601
f 606/602/602 604/598/598 569/599/599 570/603/603
f 607/604/604 605/600/600 556/601/601 557/605/605
f 608/606/606 606/602/602 570/603/603 571/607/607
f 609/608/608 607/604/604 557/605/605 558/609/609
f 578/547/547 591/572/572 576/573/573 577/548/548
f 580/551/551 608/606/606 571/607/607 572/552/552
f 582/555/555 609/608/608 558/609/609 559/556/556
f 527/523/523 526/519/519 609/608/608 582/555/555
f 540/522/522 539/518/518 608/606/606 580/551/551
f 545/521/521 544/520/520 591/572/572 578/547/547
f 526/519/519 525/517/517 607/604/604 609/608/608
f 539/518/518 538/515/515 606/602/602 608/606/606
f 525/517/517 524/516/516 605/600/600 607/604/604
f 538/515/515 537/514/514 604/598/598 606/602/602
f 524/516/516 523/545/545 603/596/596 605/600/600
f 537/514/514 536/544/544 602/594/594 604/598/598
f 523/545/545 522/543/543 601/592/592 603/596/596
f 536/544/544 535/542/542 600/590/590 602/594/594
f 522/543/543 521/541/541 599/588/588 601/592/592
f 535/542/542 534/540/540 598/586/586 600/590/590
f 521/541/541 520/539/539 597/584/584 599/588/588
f 534/540/540 533/538/538 596/582/582 598/586/586
f 520/539/539 519/537/537 595/580/580 597/584/584
f 533/538/538 532/536/536 594/578/578 596/582/582
f 519/537/537 518/535/535 593/576/576 595/580/580
f 532/536/536 531/534/534 592/574/574 594/578/578
f 518/535/535 517/533/533 590/570/570 593/576/576
f 531/534/534 530/532/532 589/568/568 592/574/574
f 544/520/520 543/531/531 588/566/566 591/572/572
f 517/533/533 516/530/530 587/564/564 590/570/570
f 530/532/532 529/529/529 586/562/562 589/568/568
f 543/531/531 542/528/528 585/560/560 588/566/566
f 516/530/530 515/527/527 584/558/558 587/564/564
f 529/529/529 528/526/526 583/554/554 586/562/562
f 542/528/528 541/525/525 581/550/550 585/560/560
f 515/527/527 514/524/524 579/546/546 584/558/558
f 528/526/526 527/523/523 582/555/555 583/554/554
f 541/525/525 540/522/522 580/551/551 581/550/550
f 514/524/524 545/521/521 578/547/547 579/546/546
f 549/571/571 548/565/565 612/610/610 613/611/611
f 576/573/573 575/567/567 639/612/612 640/613/613
f 563/575/575 562/569/569 626/614/614 627/615/615
f 550/577/577 549/571/571 613/611/611 614/616/616
f 564/579/579 563/575/575 627/615/615 628/617/617
f 551/581/581 550/577/577 614/616/616 615/618/618
f 565/583/583 564/579/579 628/617/617 629/619/619
f 552/585/585 551/581/581 615/618/618 616/620/620
f 566/587/587 565/583/583 629/619/619 630/621/621
f 553/589/589 552/585/585 616/620/620 617/622/622
f 567/591/591 566/587/587 630/621/621 631/623/623
f 554/593/593 553/589/589 617/622/622 618/624/624
f 568/595/595 567/591/591 631/623/623 632/625/625
f 555/597/597 554/593/593 618/624/624 619/626/626
f 569/599/599 568/595/595 632/625/625 633/627/627
f 556/601/601 555/597/597 619/626/626 620/628/628
f 570/603/603 569/599/599 633/627/627 634/629/629
f 557/605/605 556/601/601 620/628/628 621/630/630
f 571/607/607 570/603/603 634/629/629 635/631/631
f 558/609/609 557/605/605 621/630/630 622/632/632
f 577/548/548 576/573/573 640/613/613 641/633/633
f 572/552/552 571/607/607 635/631/631 636/634/634
f 559/556/556 558/609/609 622/632/632 623/635/635
f 546/549/549 577/548/548 641/633/633 610/636/636
f 573/553/553 572/552/552 636/634/634 637/637/637
f 560/557/557 559/556/556 623/635/635 624/638/638
f 547/559/559 546/549/549 610/636/636 611/639/639
f 574/561/561 573/553/553 637/637/637 638/640/640
f 561/563/563 560/557/557 624/638/638 625/641/641
f 548/565/565 547/559/559 611/639/639 612/610/610
f 575/567/567 574/561/561 638/640/640 639/612/612
f 562/569/569 561/563/563 625/641/641 626/614/614
f 619/626/626 618/624/624 650/642/642 651/643/643
f 633/627/627 632/625/625 664/644/644 665/645/645
f 620/628/628 619/626/626 651/643/643 652/646/646
f 634/629/629 633/627/627 665/645/645 666/647/647
f 621/630/630 620/628/628 652/646/646 653/648/648
f 635/631/631 634/629/629 666/647/647 667/649/649
f 622/632/632 621/630/630 653/648/648 654/650/650
f 641/633/633 640/613/613 672/651/651 673/652/652
f 636/634/634 635/631/631 667/649/649 668/653/653
f 623/635/635 622/632/632 654/650/650 655/654/654
f 610/636/636 641/633/633 673/652/652 642/655/655
f 637/637/637 636/634/634 668/653/653 669/656/656
f 624/638/638 623/635/635 655/654/654 656/657/657
f 611/639/639 610/636/636 642/655/655 643/658/658
f 638/640/640 637/637/637 669/656/656 670/659/659
f 625/641/641 624/638/638 656/657/657 657/660/660
f 612/610/610 611/639/639 643/658/658 644/661/661
f 639/612/612 638/640/640 670/659/659 671/662/662
f 626/614/614 625/641/641 657/660/660 658/663/663
f 613/611/611 612/610/610 644/661/661 645/664/664
f 640/613/613 639/612/612 671/662/662 672/651/651
f 627/615/615 626/614/614 658/663/663 659/665/665
f 614/616/616 613/611/611 645/664/664 646/666/666
f 628/617/617 627/615/615 659/665/665 660/667/667
f 615/618/618 614/616/616 646/666/666 647/668/668
f 629/619/619 628/617/617 660/667/667 661/669/669
f 616/620/620 615/618/618 647/668/668 648/670/670
f 630/621/621 629/619/619 661/669/669 662/671/671
f 617/622/622 616/620/620 648/670/670 649/672/672
f 631/623/623 630/621/621 662/671/671 663/673/673
f 618/624/624 617/622/622 649/672/672 650/642/642
f 632/625/625 631/623/623 663/673/673 664/644/644
f 654/650/650 653/648/648 685/674/674 686/675/675
f 673/652/652 672/651/651 704/676/676 705/677/677
f 668/653/653 667/649/649 699/678/678 700/679/679
f 655/654/654 654/650/650 686/675/675 687/680/680
f 642/655/655 673/652/652 705/677/677 674/681/681
f 669/656/656 668/653/653 700/679/679 701/682/682
f 656/657/657 655/654/654 687/680/680 688/683/683
f 643/658/658 642/655/655 674/681/681 675/684/684
f 670/659/659 669/656/656 701/682/682 702/685/685
f 657/660/660 656/657/657 688/683/683 689/686/686
f 644/661/661 643/658/658 675/684/684 676/687/687
f 671/662/662 670/659/659 702/685/685 703/688/688
f 658/663/663 657/660/660 689/686/686 690/689/689
f 645/664/664 644/661/661 676/687/687 677/690/690
f 672/651/651 671/662/662 703/688/688 704/676/676
f 659/665/665 658/663/663 690/689/689 691/691/691
f 646/666/666 645/664/664 677/690/690 678/692/692
f 660/667/667 659/665/665 691/691/691 692/693/693
f 647/668/668 646/666/666 678/692/692 679/694/694
f 661/669/669 660/667/667 692/693/693 693/695/695
f 648/670/670 647/668/668 679/694/694 680/696/696
f 662/671/671 661/669/669 693/695/695 694/697/697
f 649/672/672 648/670/670 680/696/696 681/698/698
f 663/673/673 662/671/671 694/697/697 695/699/699
f 650/642/642 649/672/672 681/698/698 682/700/700
f 664/644/644 663/673/673 695/699/699 696/701/701
f 651/643/643 650/642/642 682/700/700 683/702/702
f 665/645/645 664/644/644 696/701/701 697/703/703
f 652/646/646 651/643/643 683/702/702 684/704/704
f 666/647/647 665/645/645 697/703/703 698/705/705
f 653/648/648 652/646/646 684/704/704 685/674/674
f 667/649/649 666/647/647 698/705/705 699/678/678
f 689/686/686 688/683/683 720/706/706 721/707/707
f 676/687/687 675/684/684 707/708/708 708/709/709
f 703/688/688 702/685/685 734/710/710 735/711/711
f 690/689/689 689/686/686 721/707/707 722/712/712
f 677/690/690 676/687/687 708/709/709 709/713/713
f 704/676/676 703/688/688 735/711/711 736/714/714
f 691/691/691 690/689/689 722/712/712 723/715/715
f 678/692/692 677/690/690 709/713/713 710/716/716
f 692/693/693 691/691/691 723/715/715 724/717/717
f 679/694/694 678/692/692 710/716/716 711/718/718
f 693/695/695 692/693/693 724/717/717 725/719/719
f 680/696/696 679/694/694 711/718/718 712/720/720
f 694/697/697 693/695/695 725/719/719 726/721/721
f 681/698/698 680/696/696 712/720/720 713/722/722
f 695/699/699 694/697/697 726/721/721 727/723/723
f 682/700/700 681/698/698 713/722/722 714/724/724
f 696/701/701 695/699/699 727/723/723 728/725/725
f 683/702/702 682/700/700 714/724/724 715/726/726
f 697/703/703 696/701/701 728/725/725 729/727/727
f 684/704/704 683/702/702 715/726/726 716/728/728
f 698/705/705 697/703/703 729/727/727 730/729/729
f 685/674/674 684/704/704 716/728/728 717/730/730
f 699/678/678 698/705/705 730/729/729 731/731/731
f 686/675/675 685/674/674 717/730/730 718/732/732
f 705/677/677 704/676/676 736/714/714 737/733/733
f 700/679/679 699/678/678 731/731/731 732/734/734
f 687/680/680 686/675/675 718/732/732 719/735/735
f 674/681/681 705/677/677 737/733/733 706/736/736
f 701/682/682 700/679/679 732/734/734 733/737/737
f 688/683/683 687/680/680 719/735/735 720/706/706
f 675/684/684 674/681/681 706/736/736 707/708/708
f 702/685/685 701/682/682 733/737/737 734/710/710
f 724/717/717 723/715/715 755/738/738 756/739/739
f 711/718/718 710/716/716 742/740/740 743/741/741
f 725/719/719 724/717/717 756/739/739 757/742/742
f 712/720/720 711/718/718 743/741/741 744/743/743
f 726/721/721 725/719/719 757/742/742 758/744/744
f 713/722/722 712/720/720 744/743/743 745/745/745
f 727/723/723 726/721/721 758/744/744 759/746/746
f 714/724/724 713/722/722 745/745/745 746/747/747
f 728/725/725 727/723/723 759/746/746 760/748/748
f 715/726/726 714/724/724 746/747/747 747/749/749
f 729/727/727 728/725/725 760/748/748 761/750/750
f 716/728/728 715/726/726 747/749/749 748/751/751
f 730/729/729 729/727/727 761/750/750 762/752/752
f 717/730/730 716/728/728 748/751/751 749/753/753
f 731/731/731 730/729/729 762/752/752 763/754/754
f 718/732/732 717/730/730 749/753/753 750/755/755
f 737/733/733 736/714/714 768/756/756 769/757/757
f 732/734/734 731/731/731 763/754/754 764/758/758
f 719/735/735 718/732/732 750/755/755 751/759/759
f 706/736/736 737/733/733 769/757/757 738/760/760
f 733/737/737 732/734/734 764/758/758 765/761/761
f 720/706/706 719/735/735 751/759/759 752/762/762
f 707/708/708 706/736/736 738/760/760 739/763/763
f 734/710/710 733/737/737 765/761/761 766/764/764
f 721/707/707 720/706/706 752/762/762 753/765/765
f 708/709/709 707/708/708 739/763/763 740/766/766
f 735/711/711 734/710/710 766/764/764 767/767/767
f 722/712/712 721/707/707 753/765/765 754/768/768
f 709/713/713 708/709/709 740/766/766 741/769/769
f 736/714/714 735/711/711 767/767/767 768/756/756
f 723/715/715 722/712/712 754/768/768 755/738/738
f 710/716/716 709/713/713 741/769/769 742/740/740
f 759/746/746 758/744/744 790/770/770 791/771/771
f 746/747/747 745/745/745 777/772/772 778/773/773
f 760/748/748 759/746/746 791/771/771 792/774/774
f 747/749/749 746/747/747 778/773/773 779/775/775
f 761/750/750 760/748/748 792/774/774 793/776/776
f 748/751/751 747/749/749 779/775/775 780/777/777
f 762/752/752 761/750/750 793/776/776 794/778/778
f 749/753/753 748/751/751 780/777/777 781/779/779
f 763/754/754 762/752/752 794/778/778 795/780/780
f 750/755/755 749/753/753 781/779/779 782/781/781
f 769/757/757 768/756/756 800/782/782 801/783/783
f 764/758/758 763/754/754 795/780/780 796/784/784
f 751/759/759 750/755/755 782/781/781 783/785/785
f 738/760/760 769/757/757 801/783/783 770/786/786
f 765/761/761 764/758/758 796/784/784 797/787/787
f 752/762/762 751/759/759 783/785/785 784/788/788
f 739/763/763 738/760/760 770/786/786 771/789/789
f 766/764/764 765/761/761 797/787/787 798/790/790
f 753/765/765 752/762/762 784/788/788 785/791/791
f 740/766/766 739/763/763 771/789/789 772/792/792
f 767/767/767 766/764/764 798/790/790 799/793/793
f 754/768/768 753/765/765 785/791/791 786/794/794
f 741/769/769 740/766/766 772/792/792 773/795/795
f 768/756/756 767/767/767 799/793/793 800/782/782
f 755/738/738 754/768/768 786/794/794 787/796/796
f 742/740/740 741/769/769 773/795/795 774/797/797
f 756/739/739 755/738/738 787/796/796 788/798/798
f 743/741/741 742/740/740 774/797/797 775/799/799
f 757/742/742 756/739/739 788/798/798 789/800/800
f 744/743/743 743/741/741 775/799/799 776/801/801
f 758/744/744 757/742/742 789/800/800 790/770/770
f 745/745/745 744/743/743 776/801/801 777/772/772
f 794/778/778 793/776/776 825/802/802 826/803/803
f 781/779/779 780/777/777 812/804/804 813/805/805
f 795/780/780 794/778/778 826/803/803 827/806/806
f 782/781/781 781/779/779 813/805/805 814/807/807
f 801/783/783 800/782/782 832/808/808 833/809/809
f 796/784/784 795/780/780 827/806/806 828/810/810
f 783/785/785 782/781/781 814/807/807 815/811/811
f 770/786/786 801/783/783 833/809/809 802/812/812
f 797/787/787 796/784/784 828/810/810 829/813/813
f 784/788/788 783/785/785 815/811/811 816/814/814
f 771/789/789 770/786/786 802/812/812 803/815/815
f 798/790/790 797/787/787 829/813/813 830/816/816
f 785/791/791 784/788/788 816/814/814 817/817/817
f 772/792/792 771/789/789 803/815/815 804/818/818
f 799/793/793 798/790/790 830/816/816 831/819/819
f 786/794/794 785/791/791 817/817/817 818/820/820
f 773/795/795 772/792/792 804/818/818 805/821/821
f 800/782/782 799/793/793 831/819/819 832/808/808
f 787/796/796 786/794/794 818/820/820 819/822/822
f 774/797/797 773/795/795 805/821/821 806/823/823
f 788/798/798 787/796/796 819/822/822 820/824/824
f 775/799/799 774/797/797 806/823/823 807/825/825
f 789/800/800 788/798/798 820/824/824 821/826/826
f 776/801/801 775/799/799 807/825/825 808/827/827
f 790/770/770 789/800/800 821/826/826 822/828/828
f 777/772/772 776/801/801 808/827/827 809/829/829
f 791/771/771 790/770/770 822/828/828 823/830/830
f 778/773/773 777/772/772 809/829/829 810/831/831
f 792/774/774 791/771/771 823/830/830 824/832/832
f 779/775/775 778/773/773 810/831/831 811/833/833
f 793/776/776 792/774/774 824/832/832 825/802/802
f 780/777/777 779/775/775 811/833/833 812/804/804
f 802/812/812 833/809/809 865/834/834 834/835/835
f 829/813/813 828/810/810 860/836/836 861/837/837
f 816/814/814 815/811/811 847/838/838 848/839/839
f 803/815/815 802/812/812 834/835/835 835/840/840
f 830/816/816 829/813/813 861/837/837 862/841/841
f 817/817/817 816/814/814 848/839/839 849/842/842
f 804/818/818 803/815/815 835/840/840 836/843/843
f 831/819/819 830/816/816 862/841/841 863/844/844
f 818/820/820 817/817/817 849/842/842 850/845/845
f 805/821/821 804/818/818 836/843/843 837/846/846
f 832/808/808 831/819/819 863/844/844 864/847/847
f 819/822/822 818/820/820 850/845/845 851/848/848
f 806/823/823 805/821/821 837/846/846 838/849/849
f 820/824/824 819/822/822 851/848/848 852/850/850
f 807/825/825 806/823/823 838/849/849 839/851/851
f 821/826/826 820/824/824 852/850/850 853/852/852
f 808/827/827 807/825/825 839/851/851 840/853/853
f 822/828/828 821/826/826 853/852/852 854/854/854
f 809/829/829 808/827/827 840/853/853 841/855/855
f 823/830/830 822/828/828 854/854/854 855/856/856
f 810/831/831 809/829/829 841/855/855 842/857/857
f 824/832/832 823/830/830 855/856/856 856/858/858
f 811/833/833 810/831/831 842/857/857 843/859/859
f 825/802/802 824/832/832 856/858/858 857/860/860
f 812/804/804 811/833/833 843/859/859 844/861/861
f 826/803/803 825/802/802 857/860/860 858/862/862
f 813/805/805 812/804/804 844/861/861 845/863/863
f 827/806/806 826/803/803 858/862/862 859/864/864
f 814/807/807 813/805/805 845/863/863 846/865/865
f 833/809/809 832/808/808 864/847/847 865/834/834
f 828/810/810 827/806/806 859/864/864 860/836/836
f 815/811/811 814/807/807 846/865/865 847/838/838
f 844/861/861 843/859/859 875/866/866 876/867/867
f 858/862/862 857/860/860 889/868/868 890/869/869
f 845/863/863 844/861/861 876/867/867 877/870/870
f 859/864/864 858/862/862 890/869/869 891/871/871
f 846/865/865 845/863/863 877/870/870 878/872/872
f 865/834/834 864/847/847 896/873/873 897/874/874
f 860/836/836 859/864/864 891/871/871 892/875/875
f 847/838/838 846/865/865 878/872/872 879/876/876
f 834/835/835 865/834/834 897/874/874 866/877/877
f 861/837/837 860/836/836 892/875/875 893/878/878
f 848/839/839 847/838/838 879/876/876 880/879/879
f 835/840/840 834/835/835 866/877/877 867/880/880
f 862/841/841 861/837/837 893/878/878 894/881/881
f 849/842/842 848/839/839 880/879/879 881/882/882
f 836/843/843 835/840/840 867/880/880 868/883/883
f 863/844/844 862/841/841 894/881/881 895/884/884
f 850/845/845 849/842/842 881/882/882 882/885/885
f 837/846/846 836/843/843 868/883/883 869/886/886
f 864/847/847 863/844/844 895/884/884 896/873/873
f 851/848/848 850/845/845 882/885/885 883/887/887
f 838/849/849 837/846/846 869/886/886 870/888/888
f 852/850/850 851/848/848 883/887/887 884/889/889
f 839/851/851 838/849/849 870/888/888 871/890/890
f 853/852/852 852/850/850 884/889/889 885/891/891
f 840/853/853 839/851/851 871/890/890 872/892/892
f 854/854/854 853/852/852 885/891/891 886/893/893
f 841/855/855 840/853/853 872/892/892 873/894/894
f 855/856/856 854/854/854 886/893/893 887/895/895
f 842/857/857 841/855/855 873/894/894 874/896/896
f 856/858/858 855/856/856 887/895/895 888/897/897
f 843/859/859 842/857/857 874/896/896 875/866/866
f 857/860/860 856/858/858 888/897/897 889/868/868
f 879/876/876 878/872/872 910/898/898 911/899/899
f 866/877/877 897/874/874 929/900/900 898/901/901
f 893/878/878 892/875/875 924/902/902 925/903/903
f 880/879/879 879/876/876 911/899/899 912/904/904
f 867/880/880 866/877/877 898/901/901 899/905/905
f 894/881/881 893/878/878 925/903/903 926/906/906
f 881/882/882 880/879/879 912/904/904 913/907/907
f 868/883/883 867/880/880 899/905/905 900/908/908
f 895/884/884 894/881/881 926/906/906 927/909/909
f 882/885/885 881/882/882 913/907/907 914/910/910
f 869/886/886 868/883/883 900/908/908 901/911/911
f 896/873/873 895/884/884 927/909/909 928/912/912
f 883/887/887 882/885/885 914/910/910 915/913/913
f 870/888/888 869/886/886 901/911/911 902/914/914
f 884/889/889 883/887/887 915/913/913 916/915/915
f 871/890/890 870/888/888 902/914/914 903/916/916
f 885/891/891 884/889/889 916/915/915 917/917/917
f 872/892/892 871/890/890 903/916/916 904/918/918
f 886/893/893 885/891/891 917/917/917 918/919/919
f 873/894/894 872/892/892 904/918/918 905/920/920
f 887/895/895 886/893/893 918/919/919 919/921/921
f 874/896/896 873/894/894 905/920/920 906/922/922
f 888/897/897 887/895/895 919/921/921 920/923/923
f 875/866/866 874/896/896 906/922/922 907/924/924
f 889/868/868 888/897/897 920/923/923 921/925/925
f 876/867/867 875/866/866 907/924/924 908/926/926
f 890/869/869 889/868/868 921/925/925 922/927/927
f 877/870/870 876/867/867 908/926/926 909/928/928
f 891/871/871 890/869/869 922/927/927 923/929/929
f 878/872/872 877/870/870 909/928/928 910/898/898
f 897/874/874 896/873/873 928/912/912 929/900/900
f 892/875/875 891/871/871 923/929/929 924/902/902
f 914/910/910 913/907/907 945/930/930 946/931/931
f 901/911/911 900/908/908 932/932/932 933/933/933
f 928/912/912 927/909/909 959/934/934 960/935/935
f 915/913/913 914/910/910 946/931/931 947/936/936
f 902/914/914 901/911/911 933/933/933 934/937/937
f 916/915/915 915/913/913 947/936/936 948/938/938
f 903/916/916 902/914/914 934/937/937 935/939/939
f 917/917/917 916/915/915 948/938/938 949/940/940
f 904/918/918 903/916/916 935/939/939 936/941/941
f 918/919/919 917/917/917 949/940/940 950/942/942
f 905/920/920 904/918/918 936/941/941 937/943/943
f 919/921/921 918/919/919 950/942/942 951/944/944
f 906/922/922 905/920/920 937/943/943 938/945/945
f 920/923/923 919/921/921 951/944/944 952/946/946
f 907/924/924 906/922/922 938/945/945 939/947/947
f 921/925/925 920/923/923 952/946/946 953/948/948
f 908/926/926 907/924/924 939/947/947 940/949/949
f 922/927/927 921/925/925 953/948/948 954/950/950
f 909/928/928 908/926/926 940/949/949 941/951/951
f 923/929/929 922/927/927 954/950/950 955/952/952
f 910/898/898 909/928/928 941/951/951 942/953/953
f 929/900/900 928/912/912 960/935/935 961/954/954
f 924/902/902 923/929/929 955/952/952 956/955/955
f 911/899/899 910/898/898 942/953/953 943/956/956
f 898/901/901 929/900/900 961/954/954 930/957/957
f 925/903/903 924/902/902 956/955/955 957/958/958
f 912/904/904 911/899/899 943/956/956 944/959/959
f 899/905/905 898/901/901 930/957/957 931/960/960
f 926/906/906 925/903/903 957/958/958 958/961/961
f 913/907/907 912/904/904 944/959/959 945/930/930
f 900/908/908 899/905/905 931/960/960 932/932/932
f 927/909/909 926/906/906 958/961/961 959/934/934
f 949/940/940 948/938/938 980/962/962 981/963/963
f 936/941/941 935/939/939 967/964/964 968/965/965
f 950/942/942 949/940/940 981/963/963 982/966/966
f 937/943/943 936/941/941 968/965/965 969/967/967
f 951/944/944 950/942/942 982/966/966 983/968/968
f 938/945/945 937/943/943 969/967/967 970/969/969
f 952/946/946 951/944/944 983/968/968 984/970/970
f 939/947/947 938/945/945 970/969/969 971/971/971
f 953/948/948 952/946/946 984/970/970 985/972/972
f 940/949/949 939/947/947 971/971/971 972/973/973
f 954/950/950 953/948/948 985/972/972 986/974/974
f 941/951/951 940/949/949 972/973/973 973/975/975
f 955/952/952 954/950/950 986/974/974 987/976/976
f 942/953/953 941/951/951 973/975/975 974/977/977
f 961/954/954 960/935/935 992/978/978 993/979/979
f 956/955/955 955/952/952 987/976/976 988/980/980
f 943/956/956 942/953/953 974/977/977 975/981/981
f 930/957/957 961/954/954 993/979/979 962/982/982
f 957/958/958 956/955/955 988/980/980 989/983/983
f 944/959/959 943/956/956 975/981/981 976/984/984
f 931/960/960 930/957/957 962/982/982 963/985/985
f 958/961/961 957/958/958 989/983/983 990/986/986
f 945/930/930 944/959/959 976/984/984 977/987/987
f 932/932/932 931/960/960 963/985/985 964/988/988
f 959/934/934 958/961/961 990/986/986 991/989/989
f 946/931/931 945/930/930 977/987/987 978/990/990
f 933/933/933 932/932/932 964/988/988 965/991/991
f 960/935/935 959/934/934 991/989/989 992/978/978
f 947/936/936 946/931/931 978/990/990 979/992/992
f 934/937/937 933/933/933 965/991/991 966/993/993
f 948/938/938 947/936/936 979/992/992 980/962/962
f 935/939/939 934/937/937 966/993/993 967/964/964
f 984/970/970 983/968/968 1015/994/895 1016/995/897
f 971/971/971 970/969/969 1002/996/896 1003/997/866
f 985/972/972 984/970/970 1016/995/897 1017/998/994
f 972/973/973 971/971/971 1003/997/866 1004/999/867
f 986/974/974 985/972/972 1017/998/994 1018/1000/869
f 973/975/975 972/973/973 1004/999/867 1005/1001/870
f 987/976/976 986/974/974 1018/1000/869 1019/1002/871
f 974/977/977 973/975/975 1005/1001/870 1006/1003/872
f 993/979/979 992/978/978 1024/1004/995 1025/1005/874
f 988/980/980 987/976/976 1019/1002/871 1020/1006/875
f 975/981/981 974/977/977 1006/1003/872 1007/1007/876
f 962/982/982 993/979/979 1025/1005/874 994/1008/877
f 989/983/983 988/980/980 1020/1006/875 1021/1009/878
f 976/984/984 975/981/981 1007/1007/876 1008/1010/879
f 963/985/985 962/982/982 994/1008/877 995/1011/880
f 990/986/986 989/983/983 1021/1009/878 1022/1012/881
f 977/987/987 976/984/984 1008/1010/879 1009/1013/882
f 964/988/988 963/985/985 995/1011/880 996/1014/883
f 991/989/989 990/986/986 1022/1012/881 1023/1015/996
f 978/990/990 977/987/987 1009/1013/882 1010/1016/885
f 965/991/991 964/988/988 996/1014/883 997/1017/886
f 992/978/978 991/989/989 1023/1015/996 1024/1004/995
f 979/992/992 978/990/990 1010/1016/885 1011/1018/887
f 966/993/993 965/991/991 997/1017/886 998/1019/888
f 980/962/962 979/992/992 1011/1018/887 1012/1020/889
f 967/964/964 966/993/993 998/1019/888 999/1021/890
f 981/963/963 980/962/962 1012/1020/889 1013/1022/891
f 968/965/965 967/964/964 999/1021/890 1000/1023/892
f 982/966/966 981/963/963 1013/1022/891 1014/1024/893
f 969/967/967 968/965/965 1000/1023/892 1001/1025/997
f 983/968/968 982/966/966 1014/1024/893 1015/994/895
f 970/969/969 969/967/967 1001/1025/997 1002/996/896
f 1019/1002/871 1018/1000/869 1050/1026/927 1051/1027/929
f 1006/1003/872 1005/1001/870 1037/1028/928 1038/1029/898
f 1025/1005/874 1024/1004/995 1056/1030/912 1057/1031/900
f 1020/1006/875 1019/1002/871 1051/1027/929 1052/1032/902
f 1007/1007/876 1006/1003/872 1038/1029/898 1039/1033/899
f 994/1008/877 1025/1005/874 1057/1031/900 1026/1034/901
f 1021/1009/878 1020/1006/875 1052/1032/902 1053/1035/903
f 1008/1010/879 1007/1007/876 1039/1033/899 1040/1036/904
f 995/1011/880 994/1008/877 1026/1034/901 1027/1037/905
f 1022/1012/881 1021/1009/878 1053/1035/903 1054/1038/906
f 1009/1013/882 1008/1010/879 1040/1036/904 1041/1039/907
f 996/1014/883 995/1011/880 1027/1037/905 1028/1040/908
f 1023/1015/996 1022/1012/881 1054/1038/906 1055/1041/909
f 1010/1016/885 1009/1013/882 1041/1039/907 1042/1042/910
f 997/1017/886 996/1014/883 1028/1040/908 1029/1043/911
f 1024/1004/995 1023/1015/996 1055/1041/909 1056/1030/912
f 1011/1018/887 1010/1016/885 1042/1042/910 1043/1044/913
f 998/1019/888 997/1017/886 1029/1043/911 1030/1045/914
f 1012/1020/889 1011/1018/887 1043/1044/913 1044/1046/915
f 999/1021/890 998/1019/888 1030/1045/914 1031/1047/916
f 1013/1022/891 1012/1020/889 1044/1046/915 1045/1048/917
f 1000/1023/892 999/1021/890 1031/1047/916 1032/1049/918
f 1014/1024/893 1013/1022/891 1045/1048/917 1046/1050/919
f 1001/1025/997 1000/1023/892 1032/1049/918 1033/1051/920
f 1015/994/895 1014/1024/893 1046/1050/919 1047/1052/921
f 1002/996/896 1001/1025/997 1033/1051/920 1034/1053/922
f 1016/995/897 1015/994/895 1047/1052/921 1048/1054/923
f 1003/997/866 1002/996/896 1034/1053/922 1035/1055/924
f 1017/998/994 1016/995/897 1048/1054/923 1049/1056/925
f 1004/999/867 1003/997/866 1035/1055/924 1036/1057/926
f 1018/1000/869 1017/998/994 1049/1056/925 1050/1026/927
f 1005/1001/870 1004/999/867 1036/1057/926 1037/1028/928
f 1027/1037/905 1026/1034/901 1058/1058/998 1059/1059/999
f 1054/1038/906 1053/1035/903 1085/1060/1000 1086/1061/1001
f 1041/1039/907 1040/1036/904 1072/1062/1002 1073/1063/1003
f 1028/1040/908 1027/1037/905 1059/1059/999 1060/1064/1004
f 1055/1041/909 1054/1038/906 1086/1061/1001 1087/1065/1005
f 1042/1042/910 1041/1039/907 1073/1063/1003 1074/1066/1006
f 1029/1043/911 1028/1040/908 1060/1064/1004 1061/1067/1007
f 1056/1030/912 1055/1041/909 1087/1065/1005 1088/1068/1008
f 1043/1044/913 1042/1042/910 1074/1066/1006 1075/1069/1009
f 1030/1045/914 1029/1043/911 1061/1067/1007 1062/1070/1010
f 1044/1046/915 1043/1044/913 1075/1069/1009 1076/1071/1011
f 1031/1047/916 1030/1045/914 1062/1070/1010 1063/1072/1012
f 1045/1048/917 1044/1046/915 1076/1071/1011 1077/1073/1013
f 1032/1049/918 1031/1047/916 1063/1072/1012 1064/1074/1014
f 1046/1050/919 1045/1048/917 1077/1073/1013 1078/1075/1015
f 1033/1051/920 1032/1049/918 1064/1074/1014 1065/1076/1016
f 1047/1052/921 1046/1050/919 1078/1075/1015 1079/1077/1017
f 1034/1053/922 1033/1051/920 1065/1076/1016 1066/1078/1018
f 1048/1054/923 1047/1052/921 1079/1077/1017 1080/1079/1019
f 1035/1055/924 1034/1053/922 1066/1078/1018 1067/1080/1020
f 1049/1056/925 1048/1054/923 1080/1079/1019 1081/1081/1021
f 1036/1057/926 1035/1055/924 1067/1080/1020 1068/1082/1022
f 1050/1026/927 1049/1056/925 1081/1081/1021 1082/1083/1023
f 1037/1028/928 1036/1057/926 1068/1082/1022 1069/1084/1024
f 1051/1027/929 1050/1026/927 1082/1083/1023 1083/1085/1025
f 1038/1029/898 1037/1028/928 1069/1084/1024 1070/1086/1026
f 1057/1031/900 1056/1030/912 1088/1068/1008 1089/1087/1027
f 1052/1032/902 1051/1027/929 1083/1085/1025 1084/1088/1028
f 1039/1033/899 1038/1029/898 1070/1086/1026 1071/1089/1029
f 1026/1034/901 1057/1031/900 1089/1087/1027 1058/1058/998
f 1053/1035/903 1052/1032/902 1084/1088/1028 1085/1060/1000
f 1040/1036/904 1039/1033/899 1071/1089/1029 1072/1062/1002
f 1062/1070/1010 1061/1067/1007 1093/1090/1030 1094/1091/1031
f 1076/1071/1011 1075/1069/1009 1107/1092/1032 1108/1093/1033
f 1063/1072/1012 1062/1070/1010 1094/1091/1031 1095/1094/1034
f 1077/1073/1013 1076/1071/1011 1108/1093/1033 1109/1095/1035
f 1064/1074/1014 1063/1072/1012 1095/1094/1034 1096/1096/1036
f 1078/1075/1015 1077/1073/1013 1109/1095/1035 1110/1097/1037
f 1065/1076/1016 1064/1074/1014 1096/1096/1036 1097/1098/1038
f 1079/1077/1017 1078/1075/1015 1110/1097/1037 1111/1099/1039
f 1066/1078/1018 1065/1076/1016 1097/1098/1038 1098/1100/1040
f 1080/1079/1019 1079/1077/1017 1111/1099/1039 1112/1101/1041
f 1067/1080/1020 1066/1078/1018 1098/1100/1040 1099/1102/1042
f 1081/1081/1021 1080/1079/1019 1112/1101/1041 1113/1103/1043
f 1068/1082/1022 1067/1080/1020 1099/1102/1042 1100/1104/1044
f 1082/1083/1023 1081/1081/1021 1113/1103/1043 1114/1105/1045
f 1069/1084/1024 1068/1082/1022 1100/1104/1044 1101/1106/1046
f 1083/1085/1025 1082/1083/1023 1114/1105/1045 1115/1107/1047
f 1070/1086/1026 1069/1084/1024 1101/1106/1046 1102/1108/1048
f 1089/1087/1027 1088/1068/1008 1120/1109/1049 1121/1110/1050
f 1084/1088/1028 1083/1085/1025 1115/1107/1047 1116/1111/1051
f 1071/1089/1029 1070/1086/1026 1102/1108/1048 1103/1112/1052
f 1058/1058/998 1089/1087/1027 1121/1110/1050 1090/1113/1053
f 1085/1060/1000 1084/1088/1028 1116/1111/1051 1117/1114/1054
f 1072/1062/1002 1071/1089/1029 1103/1112/1052 1104/1115/1055
f 1059/1059/999 1058/1058/998 1090/1113/1053 1091/1116/1056
f 1086/1061/1001 1085/1060/1000 1117/1114/1054 1118/1117/1057
f 1073/1063/1003 1072/1062/1002 1104/1115/1055 1105/1118/1058
f 1060/1064/1004 1059/1059/999 1091/1116/1056 1092/1119/1059
f 1087/1065/1005 1086/1061/1001 1118/1117/1057 1119/1120/1060
f 1074/1066/1006 1073/1063/1003 1105/1118/1058 1106/1121/1061
f 1061/1067/1007 1060/1064/1004 1092/1119/1059 1093/1090/1030
f 1088/1068/1008 1087/1065/1005 1119/1120/1060 1120/1109/1049
f 1075/1069/1009 1074/1066/1006 1106/1121/1061 1107/1092/1032
f 1097/1098/1038 1096/1096/1036 1128/1122/1062 1129/1123/1063
f 1111/1099/1039 1110/1097/1037 1142/1124/1064 1143/1125/1065
f 1098/1100/1040 1097/1098/1038 1129/1123/1063 1130/1126/1066
f 1112/1101/1041 1111/1099/1039 1143/1125/1065 1144/1127/1067
f 1099/1102/1042 1098/1100/1040 1130/1126/1066 1131/1128/1068
f 1113/1103/1043 1112/1101/1041 1144/1127/1067 1145/1129/1069
f 1100/1104/1044 1099/1102/1042 1131/1128/1068 1132/1130/1070
f 1114/1105/1045 1113/1103/1043 1145/1129/1069 1146/1131/1071
f 1101/1106/1046 1100/1104/1044 1132/1130/1070 1133/1132/1072
f 1115/1107/1047 1114/1105/1045 1146/1131/1071 1147/1133/1073
f 1102/1108/1048 1101/1106/1046 1133/1132/1072 1134/1134/1074
f 1121/1110/1050 1120/1109/1049 1152/1135/1075 1153/1136/1076
f 1116/1111/1051 1115/1107/1047 1147/1133/1073 1148/1137/1077
f 1103/1112/1052 1102/1108/1048 1134/1134/1074 1135/1138/1078
f 1090/1113/1053 1121/1110/1050 1153/1136/1076 1122/1139/1079
f 1117/1114/1054 1116/1111/1051 1148/1137/1077 1149/1140/1080
f 1104/1115/1055 1103/1112/1052 1135/1138/1078 1136/1141/1081
f 1091/1116/1056 1090/1113/1053 1122/1139/1079 1123/1142/1082
f 1118/1117/1057 1117/1114/1054 1149/1140/1080 1150/1143/1083
f 1105/1118/1058 1104/1115/1055 1136/1141/1081 1137/1144/1084
f 1092/1119/1059 1091/1116/1056 1123/1142/1082 1124/1145/1085
f 1119/1120/1060 1118/1117/1057 1150/1143/1083 1151/1146/1086
f 1106/1121/1061 1105/1118/1058 1137/1144/1084 1138/1147/1087
f 1093/1090/1030 1092/1119/1059 1124/1145/1085 1125/1148/1088
f 1120/1109/1049 1119/1120/1060 1151/1146/1086 1152/1135/1075
f 1107/1092/1032 1106/1121/1061 1138/1147/1087 1139/1149/1089
f 1094/1091/1031 1093/1090/1030 1125/1148/1088 1126/1150/1090
f 1108/1093/1033 1107/1092/1032 1139/1149/1089 1140/1151/1091
f 1095/1094/1034 1094/1091/1031 1126/1150/1090 1127/1152/1092
f 1109/1095/1035 1108/1093/1033 1140/1151/1091 1141/1153/1093
f 1096/1096/1036 1095/1094/1034 1127/1152/1092 1128/1122/1062
f 1110/1097/1037 1109/1095/1035 1141/1153/1093 1142/1124/1064
f 1132/1130/1070 1131/1128/1068 1163/1154/947 1164/1155/949
f 1146/1131/1071 1145/1129/1069 1177/1156/948 1178/1157/950
f 1133/1132/1072 1132/1130/1070 1164/1155/949 1165/1158/951
f 1147/1133/1073 1146/1131/1071 1178/1157/950 1179/1159/952
f 1134/1134/1074 1133/1132/1072 1165/1158/951 1166/1160/953
f 1153/1136/1076 1152/1135/1075 1184/1161/935 1185/1162/954
f 1148/1137/1077 1147/1133/1073 1179/1159/952 1180/1163/955
f 1135/1138/1078 1134/1134/1074 1166/1160/953 1167/1164/956
f 1122/1139/1079 1153/1136/1076 1185/1162/954 1154/1165/957
f 1149/1140/1080 1148/1137/1077 1180/1163/955 1181/1166/958
f 1136/1141/1081 1135/1138/1078 1167/1164/956 1168/1167/959
f 1123/1142/1082 1122/1139/1079 1154/1165/957 1155/1168/960
f 1150/1143/1083 1149/1140/1080 1181/1166/958 1182/1169/961
f 1137/1144/1084 1136/1141/1081 1168/1167/959 1169/1170/930
f 1124/1145/1085 1123/1142/1082 1155/1168/960 1156/1171/932
f 1151/1146/1086 1150/1143/1083 1182/1169/961 1183/1172/934
f 1138/1147/1087 1137/1144/1084 1169/1170/930 1170/1173/931
f 1125/1148/1088 1124/1145/1085 1156/1171/932 1157/1174/933
f 1152/1135/1075 1151/1146/1086 1183/1172/934 1184/1161/935
f 1139/1149/1089 1138/1147/1087 1170/1173/931 1171/1175/936
f 1126/1150/1090 1125/1148/1088 1157/1174/933 1158/1176/937
f 1140/1151/1091 1139/1149/1089 1171/1175/936 1172/1177/938
f 1127/1152/1092 1126/1150/1090 1158/1176/937 1159/1178/939
f 1141/1153/1093 1140/1151/1091 1172/1177/938 1173/1179/940
f 1128/1122/1062 1127/1152/1092 1159/1178/939 1160/1180/941
f 1142/1124/1064 1141/1153/1093 1173/1179/940 1174/1181/942
f 1129/1123/1063 1128/1122/1062 1160/1180/941 1161/1182/943
f 1143/1125/1065 1142/1124/1064 1174/1181/942 1175/1183/944
f 1130/1126/1066 1129/1123/1063 1161/1182/943 1162/1184/945
f 1144/1127/1067 1143/1125/1065 1175/1183/944 1176/1185/946
f 1131/1128/1068 1130/1126/1066 1162/1184/945 1163/1154/947
f 1145/1129/1069 1144/1127/1067 1176/1185/946 1177/1156/948
f 1167/1164/956 1166/1160/953 1186/1186/1094
f 1154/1165/957 1185/1162/954 1186/1186/1094
f 1181/1166/958 1180/1163/955 1186/1186/1094
f 1168/1167/959 1167/1164/956 1186/1186/1094
f 1155/1168/960 1154/1165/957 1186/1186/1094
f 1182/1169/961 1181/1166/958 1186/1186/1094
f 1169/1170/930 1168/1167/959 1186/1186/1094
f 1156/1171/932 1155/1168/960 1186/1186/1094
f 1183/1172/934 1182/1169/961 1186/1186/1094
f 1170/1173/931 1169/1170/930 1186/1186/1094
f 1157/1174/933 1156/1171/932 1186/1186/1094
f 1184/1161/935 1183/1172/934 1186/1186/1094
f 1171/1175/936 1170/1173/931 1186/1186/1094
f 1158/1176/937 1157/1174/933 1186/1186/1094
f 1172/1177/938 1171/1175/936 1186/1186/1094
f 1159/1178/939 1158/1176/937 1186/1186/1094
f 1173/1179/940 1172/1177/938 1186/1186/1094
f 1160/1180/941 1159/1178/939 1186/1186/1094
f 1174/1181/942 1173/1179/940 1186/1186/1094
f 1161/1182/943 1160/1180/941 1186/1186/1094
f 1175/1183/944 1174/1181/942 1186/1186/1094
f 1162/1184/945 1161/1182/943 1186/1186/1094
f 1176/1185/946 1175/1183/944 1186/1186/1094
f 1163/1154/947 1162/1184/945 1186/1186/1094
f 1177/1156/948 1176/1185/946 1186/1186/1094
f 1164/1155/949 1163/1154/947 1186/1186/1094
f 1178/1157/950 1177/1156/948 1186/1186/1094
f 1165/1158/951 1164/1155/949 1186/1186/1094
f 1179/1159/952 1178/1157/950 1186/1186/1094
f 1166/1160/953 1165/1158/951 1186/1186/1094
f 1185/1162/954 1184/1161/935 1186/1186/1094
f 1180/1163/955 1179/1159/952 1186/1186/1094
