# Blender 5.2.0 Alpha
# www.blender.org
mtllib Fernet botella2.mtl
o Botella_Fernet
v 0.094777 -0.457924 -0.000172
v 0.090889 -0.473478 -0.000172
v 0.077742 -0.486440 -0.000172
v 0.033302 -0.491773 -0.000172
v 0.093889 0.012520 -0.000172
v 0.089508 0.044891 -0.000033
v 0.057190 0.134829 -0.000172
v 0.043111 0.182185 -0.000172
v 0.030453 0.253315 -0.000176
v 0.086206 -0.457924 -0.040585
v 0.082614 -0.473478 -0.039190
v 0.070468 -0.486440 -0.034471
v 0.085385 0.012520 -0.040266
v 0.081395 0.044891 -0.038566
v 0.051480 0.134829 -0.027095
v 0.038473 0.182185 -0.022041
v 0.026775 0.253548 -0.017500
v -0.017804 -0.493328 -0.000175
v 0.061798 -0.457924 -0.074846
v 0.059049 -0.473478 -0.072267
v 0.049752 -0.486440 -0.063548
v 0.024170 -0.491803 -0.028411
v 0.061170 0.012520 -0.074256
v 0.058017 0.045237 -0.071299
v 0.035220 0.134829 -0.049918
v 0.025265 0.182185 -0.040581
v 0.016264 0.253402 -0.032238
v 0.025269 -0.457924 -0.097738
v 0.023781 -0.473478 -0.094369
v 0.018750 -0.486440 -0.082977
v 0.001743 -0.491773 -0.044469
v 0.024929 0.012520 -0.096968
v 0.023265 0.044664 -0.093201
v 0.010885 0.134829 -0.065168
v 0.005497 0.182185 -0.052969
v 0.000650 0.253315 -0.042003
v -0.017820 -0.457924 -0.105777
v -0.017820 -0.473478 -0.102130
v -0.017820 -0.486440 -0.089799
v -0.017820 0.012520 -0.104943
v -0.017671 0.044891 -0.100835
v -0.017820 0.134829 -0.070523
v -0.017820 0.182185 -0.057319
v -0.017757 0.253439 -0.045444
v -0.060909 -0.457924 -0.097738
v -0.059421 -0.473478 -0.094369
v -0.054390 -0.486440 -0.082977
v -0.027954 -0.491807 -0.047350
v -0.060569 0.012520 -0.096968
v -0.058756 0.044891 -0.093226
v -0.046525 0.134829 -0.065168
v -0.041137 0.182185 -0.052969
v -0.036225 0.253407 -0.042030
v -0.097438 -0.457924 -0.074846
v -0.094689 -0.473478 -0.072267
v -0.085393 -0.486440 -0.063548
v -0.096810 0.012520 -0.074256
v -0.093685 0.045165 -0.071306
v -0.070860 0.134829 -0.049918
v -0.060905 0.182185 -0.040581
v -0.051907 0.253439 -0.032226
v -0.121846 -0.457924 -0.040585
v -0.118254 -0.473478 -0.039190
v -0.106108 -0.486440 -0.034471
v -0.061249 -0.491786 -0.027320
v -0.121025 0.012520 -0.040266
v -0.117004 0.044693 -0.038693
v -0.087120 0.134829 -0.027095
v -0.074113 0.182185 -0.022041
v -0.062392 0.253407 -0.017564
v -0.130417 -0.457924 -0.000172
v -0.126529 -0.473478 -0.000172
v -0.113382 -0.486440 -0.000172
v -0.129529 0.012520 -0.000172
v -0.125148 0.044891 -0.000312
v -0.092830 0.134829 -0.000172
v -0.078751 0.182185 -0.000172
v -0.066087 0.253453 -0.000235
v -0.017833 -0.493324 -0.000185
v -0.121846 -0.457924 0.040241
v -0.118254 -0.473478 0.038845
v -0.106108 -0.486440 0.034126
v -0.068122 -0.491807 0.009332
v -0.121025 0.012520 0.039922
v -0.117035 0.044891 0.038221
v -0.087120 0.134829 0.026750
v -0.074113 0.182185 0.021697
v -0.062439 0.253439 0.017098
v -0.097438 -0.457924 0.074501
v -0.094689 -0.473478 0.071922
v -0.085393 -0.486440 0.063203
v -0.053968 -0.491773 0.033731
v -0.096810 0.012520 0.073912
v -0.093665 0.045165 0.070981
v -0.070860 0.134829 0.049574
v -0.060905 0.182185 0.040237
v -0.052009 0.253407 0.031794
v -0.060909 -0.457924 0.097393
v -0.059421 -0.473478 0.094024
v -0.054390 -0.486440 0.082632
v -0.060569 0.012520 0.096623
v -0.058891 0.044693 0.092851
v -0.046525 0.134829 0.064824
v -0.041137 0.182185 0.052625
v -0.036353 0.253453 0.041627
v -0.017820 -0.457924 0.105432
v -0.017820 -0.473478 0.101785
v -0.017820 -0.486440 0.089455
v -0.027954 -0.491807 0.047005
v -0.017820 0.012520 0.104598
v -0.017969 0.044891 0.100490
v -0.017820 0.134829 0.070179
v -0.017820 0.182185 0.056975
v -0.017883 0.253439 0.045100
v 0.025269 -0.457924 0.097393
v 0.023781 -0.473478 0.094024
v 0.018750 -0.486440 0.082632
v 0.001743 -0.491773 0.044125
v 0.024929 0.012520 0.096623
v 0.023080 0.044997 0.092857
v 0.010885 0.134829 0.064824
v 0.005497 0.182185 0.052625
v 0.000585 0.253407 0.041685
v -0.017820 -0.493327 -0.000156
v 0.061798 -0.457924 0.074501
v 0.059049 -0.473478 0.071922
v 0.049753 -0.486440 0.063203
v 0.061170 0.012520 0.073912
v 0.057968 0.044904 0.071099
v 0.035220 0.134829 0.049573
v 0.025265 0.182185 0.040237
v 0.016267 0.253439 0.031881
v 0.086206 -0.457924 0.040241
v 0.082614 -0.473478 0.038845
v 0.070468 -0.486440 0.034126
v 0.024220 -0.491786 0.028237
v 0.085385 0.012520 0.039922
v 0.081282 0.044891 0.038478
v 0.051480 0.134829 0.026750
v 0.038473 0.182185 0.021697
v 0.026779 0.253532 0.017154
v 0.030453 0.253315 -0.000176
v 0.026775 0.253548 -0.017500
v 0.016264 0.253402 -0.032238
v 0.000650 0.253315 -0.042003
v -0.017757 0.253439 -0.045444
v -0.036225 0.253407 -0.042030
v -0.051907 0.253439 -0.032226
v -0.062392 0.253407 -0.017564
v -0.066087 0.253453 -0.000235
v -0.062439 0.253439 0.017098
v -0.052009 0.253407 0.031794
v -0.036353 0.253453 0.041627
v -0.017883 0.253439 0.045100
v 0.000585 0.253407 0.041685
v 0.016267 0.253439 0.031881
v 0.026779 0.253532 0.017154
v 0.030567 0.288580 -0.000184
v 0.026878 0.288673 -0.017550
v 0.016367 0.288616 -0.032290
v 0.000685 0.288581 -0.042104
v -0.017795 0.288624 -0.045550
v -0.036310 0.288622 -0.042114
v -0.052014 0.288624 -0.032276
v -0.062516 0.288622 -0.017566
v -0.066205 0.288636 -0.000188
v -0.062530 0.288624 0.017171
v -0.052059 0.288622 0.031900
v -0.036351 0.288636 0.041747
v -0.017845 0.288624 0.045206
v 0.000671 0.288622 0.041769
v 0.016374 0.288625 0.031932
v 0.026886 0.288672 0.017196
v 0.030644 0.312510 -0.000189
v 0.026947 0.312508 -0.017584
v 0.016437 0.312510 -0.032325
v 0.000709 0.312512 -0.042173
v -0.017820 0.312500 -0.045622
v -0.036368 0.312519 -0.042171
v -0.052086 0.312500 -0.032310
v -0.062600 0.312518 -0.017568
v -0.066284 0.312510 -0.000156
v -0.062591 0.312500 0.017221
v -0.052092 0.312518 0.031972
v -0.036351 0.312510 0.041828
v -0.017820 0.312500 0.045278
v 0.000729 0.312518 0.041826
v 0.016446 0.312501 0.031966
v 0.026959 0.312517 0.017224
v 0.030567 0.288580 -0.000184
v 0.026878 0.288673 -0.017550
v 0.016367 0.288616 -0.032290
v 0.000685 0.288581 -0.042104
v -0.017795 0.288624 -0.045550
v -0.036310 0.288622 -0.042114
v -0.052014 0.288624 -0.032276
v -0.062516 0.288622 -0.017566
v -0.066205 0.288636 -0.000188
v -0.062530 0.288624 0.017171
v -0.052059 0.288622 0.031900
v -0.036351 0.288636 0.041747
v -0.017845 0.288624 0.045206
v 0.000671 0.288622 0.041769
v 0.016374 0.288625 0.031932
v 0.026886 0.288672 0.017196
v 0.030644 0.312510 -0.000189
v 0.031572 0.314410 -0.000172
v 0.027093 0.319923 -0.000172
v 0.031310 0.326930 -0.000172
v 0.031304 0.334172 -0.000278
v 0.032780 0.356831 -0.000172
v 0.028495 0.361957 -0.000172
v 0.030995 0.364904 -0.000172
v 0.030817 0.368654 -0.000172
v 0.027870 0.371333 -0.000172
v 0.030013 0.375262 -0.000172
v 0.030102 0.383121 -0.000172
v 0.032235 0.384919 -0.000172
v 0.031835 0.395355 -0.000172
v 0.025655 0.399373 -0.000172
v 0.026947 0.312508 -0.017584
v 0.027812 0.314410 -0.017900
v 0.023675 0.319923 -0.016292
v 0.027570 0.326930 -0.017806
v 0.027439 0.333723 -0.017898
v 0.026108 0.357544 -0.017259
v 0.024969 0.361957 -0.016795
v 0.027279 0.364904 -0.017693
v 0.027114 0.368654 -0.017629
v 0.024392 0.371333 -0.016571
v 0.026372 0.375262 -0.017340
v 0.026454 0.383121 -0.017372
v 0.025635 0.383952 -0.017075
v 0.025287 0.393763 -0.016940
v 0.022346 0.399373 -0.015776
v 0.012929 0.401138 -0.005977
v -0.017385 0.401695 -0.000253
v 0.016437 0.312510 -0.032325
v 0.017106 0.314410 -0.032929
v 0.013939 0.319923 -0.029959
v 0.016920 0.326930 -0.032755
v 0.016858 0.333953 -0.032748
v 0.017960 0.356831 -0.033730
v 0.014930 0.361957 -0.030888
v 0.016698 0.364904 -0.032546
v 0.016571 0.368654 -0.032428
v 0.014488 0.371333 -0.030473
v 0.016003 0.375262 -0.031895
v 0.016066 0.383121 -0.031954
v 0.017574 0.384919 -0.033368
v 0.017291 0.395355 -0.033103
v 0.012922 0.399373 -0.029005
v 0.004269 0.401114 -0.020889
v 0.000709 0.312512 -0.042173
v 0.001082 0.314410 -0.042971
v -0.000632 0.319923 -0.039090
v 0.000981 0.326930 -0.042744
v 0.000963 0.334046 -0.042702
v 0.000362 0.357544 -0.041406
v -0.000096 0.361957 -0.040304
v 0.000861 0.364904 -0.042471
v 0.000792 0.368654 -0.042316
v -0.000335 0.371333 -0.039763
v 0.000485 0.375262 -0.041620
v 0.000519 0.383121 -0.041697
v 0.000166 0.383952 -0.040962
v 0.000022 0.393763 -0.040636
v -0.001183 0.399373 -0.037844
v -0.017574 0.401695 -0.000518
v -0.017820 0.312500 -0.045622
v -0.017820 0.314410 -0.046497
v -0.017820 0.319923 -0.042296
v -0.017820 0.326930 -0.046251
v -0.017933 0.334172 -0.046246
v -0.017820 0.356831 -0.047629
v -0.017820 0.361957 -0.043611
v -0.017820 0.364904 -0.045956
v -0.017820 0.368654 -0.045788
v -0.017820 0.371333 -0.043025
v -0.017820 0.375262 -0.045035
v -0.017820 0.383121 -0.045118
v -0.017820 0.384919 -0.047118
v -0.017820 0.395355 -0.046743
v -0.017820 0.399373 -0.040947
v -0.011631 0.401138 -0.029011
v -0.006535 0.401714 -0.010756
v -0.036368 0.312519 -0.042171
v -0.036722 0.314410 -0.042971
v -0.035008 0.319923 -0.039090
v -0.036621 0.326930 -0.042744
v -0.036574 0.333548 -0.042636
v -0.036048 0.357544 -0.041406
v -0.035544 0.361957 -0.040304
v -0.036501 0.364904 -0.042471
v -0.036432 0.368654 -0.042316
v -0.035305 0.371333 -0.039763
v -0.036125 0.375262 -0.041620
v -0.036159 0.383121 -0.041697
v -0.035852 0.383952 -0.040962
v -0.035708 0.393763 -0.040636
v -0.034457 0.399373 -0.037844
v -0.029774 0.401114 -0.027240
v -0.052086 0.312500 -0.032310
v -0.052746 0.314410 -0.032929
v -0.049579 0.319923 -0.029959
v -0.052560 0.326930 -0.032755
v -0.052358 0.333993 -0.032885
v -0.053600 0.356831 -0.033730
v -0.050570 0.361957 -0.030888
v -0.052338 0.364904 -0.032546
v -0.052211 0.368654 -0.032428
v -0.050128 0.371333 -0.030473
v -0.051643 0.375262 -0.031895
v -0.051706 0.383121 -0.031954
v -0.053214 0.384919 -0.033368
v -0.052931 0.395355 -0.033103
v -0.048562 0.399373 -0.029005
v -0.017995 0.401695 -0.000568
v -0.062600 0.312518 -0.017568
v -0.063452 0.314410 -0.017900
v -0.059315 0.319923 -0.016292
v -0.063211 0.326930 -0.017806
v -0.063077 0.333993 -0.017998
v -0.061794 0.357544 -0.017259
v -0.060609 0.361957 -0.016795
v -0.062919 0.364904 -0.017693
v -0.062754 0.368654 -0.017629
v -0.060032 0.371333 -0.016571
v -0.062012 0.375262 -0.017340
v -0.062094 0.383121 -0.017372
v -0.061320 0.383952 -0.017075
v -0.060973 0.393763 -0.016940
v -0.057986 0.399373 -0.015776
v -0.044648 0.401135 -0.015800
v -0.066284 0.312510 -0.000156
v -0.067212 0.314410 -0.000172
v -0.062734 0.319923 -0.000172
v -0.066950 0.326930 -0.000172
v -0.066951 0.334304 -0.000295
v -0.068420 0.356831 -0.000172
v -0.064135 0.361957 -0.000172
v -0.066635 0.364904 -0.000172
v -0.066457 0.368654 -0.000172
v -0.063510 0.371333 -0.000172
v -0.065653 0.375262 -0.000172
v -0.065742 0.383121 -0.000172
v -0.067874 0.384919 -0.000172
v -0.067475 0.395355 -0.000172
v -0.061295 0.399373 -0.000172
v -0.018255 0.401695 -0.000253
v -0.062591 0.312500 0.017221
v -0.063452 0.314410 0.017555
v -0.059315 0.319923 0.015948
v -0.063211 0.326930 0.017461
v -0.063168 0.333889 0.017445
v -0.061794 0.357544 0.016890
v -0.060609 0.361957 0.016451
v -0.062919 0.364904 0.017348
v -0.062754 0.368654 0.017284
v -0.060032 0.371333 0.016227
v -0.062012 0.375262 0.016996
v -0.062094 0.383121 0.017028
v -0.061320 0.383952 0.016706
v -0.060973 0.393763 0.016571
v -0.057986 0.399373 0.015432
v -0.048573 0.401135 0.006570
v -0.032816 0.401710 -0.004996
v -0.052092 0.312518 0.031972
v -0.052746 0.314410 0.032584
v -0.049579 0.319923 0.029614
v -0.052560 0.326930 0.032410
v -0.052556 0.333758 0.032292
v -0.053600 0.356831 0.033385
v -0.050570 0.361957 0.030543
v -0.052338 0.364904 0.032202
v -0.052211 0.368654 0.032083
v -0.050128 0.371333 0.030129
v -0.051643 0.375262 0.031550
v -0.051706 0.383121 0.031609
v -0.051716 0.384220 0.031585
v -0.052931 0.395355 0.032758
v -0.048562 0.399373 0.028660
v -0.039909 0.401114 0.020545
v -0.018189 0.401695 0.000059
v -0.036351 0.312510 0.041828
v -0.036722 0.314410 0.042626
v -0.035008 0.319923 0.038745
v -0.036621 0.326930 0.042399
v -0.036826 0.333993 0.042274
v -0.036048 0.357544 0.041037
v -0.035544 0.361957 0.039960
v -0.036501 0.364904 0.042126
v -0.036432 0.368654 0.041971
v -0.035305 0.371333 0.039418
v -0.036125 0.375262 0.041275
v -0.036159 0.383121 0.041352
v -0.035852 0.383952 0.040592
v -0.036487 0.394890 0.042095
v -0.034457 0.399373 0.037499
v -0.017820 0.312500 0.045278
v -0.017820 0.314410 0.046152
v -0.017820 0.319923 0.041952
v -0.017820 0.326930 0.045907
v -0.017933 0.334172 0.045901
v -0.017820 0.356831 0.047285
v -0.017820 0.361957 0.043266
v -0.017820 0.364904 0.045611
v -0.017820 0.368654 0.045444
v -0.017820 0.371333 0.042680
v -0.017820 0.375262 0.044690
v -0.017820 0.383121 0.044774
v -0.017820 0.384919 0.046774
v -0.017820 0.395355 0.046399
v -0.017820 0.399373 0.040603
v -0.022947 0.401135 0.029055
v -0.017907 0.401695 0.000236
v 0.000729 0.312518 0.041826
v 0.001082 0.314410 0.042626
v -0.000632 0.319923 0.038745
v 0.000981 0.326930 0.042399
v 0.000963 0.334046 0.042357
v 0.000362 0.357544 0.041037
v -0.000096 0.361957 0.039960
v 0.000861 0.364904 0.042126
v 0.000792 0.368654 0.041971
v -0.000335 0.371333 0.039418
v 0.000485 0.375262 0.041275
v 0.000519 0.383121 0.041352
v 0.000166 0.383952 0.040592
v 0.000022 0.393763 0.040267
v -0.001183 0.399373 0.037499
v 0.016446 0.312501 0.031966
v 0.017106 0.314410 0.032584
v 0.013939 0.319923 0.029614
v 0.016920 0.326930 0.032410
v 0.016858 0.333953 0.032403
v 0.017960 0.356831 0.033385
v 0.014930 0.361957 0.030543
v 0.016698 0.364904 0.032202
v 0.016571 0.368654 0.032083
v 0.014488 0.371333 0.030129
v 0.016003 0.375262 0.031550
v 0.016066 0.383121 0.031609
v 0.017574 0.384919 0.033024
v 0.017291 0.395355 0.032758
v 0.012922 0.399373 0.028660
v -0.000421 0.401145 0.024249
v 0.026959 0.312517 0.017224
v 0.027812 0.314410 0.017555
v 0.023675 0.319923 0.015948
v 0.027570 0.326930 0.017461
v 0.027510 0.333953 0.017477
v 0.026108 0.357544 0.016890
v 0.024969 0.361957 0.016451
v 0.027279 0.364904 0.017348
v 0.027114 0.368654 0.017284
v 0.024392 0.371333 0.016227
v 0.026372 0.375262 0.016996
v 0.026454 0.383121 0.017028
v 0.025635 0.383952 0.016706
v 0.025287 0.393763 0.016571
v 0.022346 0.399373 0.015432
v 0.011041 0.401114 0.011040
v -0.014699 0.401719 0.014546
v -0.017497 0.401695 0.000130
v 0.031704 0.338954 -0.000255
v 0.025083 0.340411 -0.016965
v 0.017154 0.338785 -0.033014
v -0.000037 0.340646 -0.040504
v -0.017908 0.338954 -0.046621
v -0.035628 0.340285 -0.040456
v -0.052687 0.338816 -0.033120
v -0.060767 0.340607 -0.017038
v -0.067350 0.339057 -0.000267
v -0.060833 0.340531 0.016516
v -0.052839 0.338635 0.032583
v -0.035811 0.340607 0.040073
v -0.017908 0.338954 0.046276
v -0.000037 0.340646 0.040133
v 0.017154 0.338785 0.032669
v 0.025134 0.340578 0.016539
vn -0.9928 0.1197 -0.0000
vn -0.8750 0.4841 -0.0000
vn -0.4604 0.8877 -0.0000
vn -0.0791 0.9969 -0.0001
vn -0.9977 -0.0677 -0.0001
vn -0.9720 -0.2350 -0.0018
vn -0.9499 -0.3126 0.0001
vn -0.9728 -0.2316 -0.0000
vn -0.9845 -0.1752 0.0001
vn -0.9057 0.1184 0.4072
vn -0.8011 0.4784 0.3598
vn -0.4289 0.8841 0.1856
vn -0.9102 -0.0670 0.4087
vn -0.8878 -0.2325 0.3972
vn -0.8683 -0.3097 0.3874
vn -0.8889 -0.2295 0.3964
vn -0.9001 -0.1732 0.3997
vn 0.0151 0.9998 0.0159
vn -0.6724 0.1151 0.7312
vn -0.6002 0.4643 0.6513
vn -0.3333 0.8751 0.3508
vn -0.0657 0.9967 0.0481
vn -0.6764 -0.0656 0.7336
vn -0.6599 -0.2278 0.7160
vn -0.6479 -0.3035 0.6986
vn -0.6628 -0.2247 0.7143
vn -0.6716 -0.1692 0.7214
vn -0.3530 0.1120 0.9289
vn -0.3183 0.4496 0.8346
vn -0.1840 0.8653 0.4663
vn -0.0310 0.9963 0.0799
vn -0.3554 -0.0636 0.9325
vn -0.3474 -0.2203 0.9115
vn -0.3417 -0.2975 0.8915
vn -0.3495 -0.2203 0.9107
vn -0.3550 -0.1658 0.9200
vn -0.0000 0.1107 0.9939
vn -0.0000 0.4431 0.8965
vn -0.0004 0.8604 0.5095
vn 0.0002 -0.0631 0.9980
vn -0.0012 -0.2186 0.9758
vn -0.0001 -0.2953 0.9554
vn -0.0000 -0.2186 0.9758
vn -0.0009 -0.1644 0.9864
vn 0.3530 0.1120 0.9289
vn 0.3183 0.4496 0.8346
vn 0.1848 0.8656 0.4655
vn 0.0191 0.9963 0.0840
vn 0.3554 -0.0639 0.9325
vn 0.3459 -0.2205 0.9120
vn 0.3418 -0.2977 0.8914
vn 0.3494 -0.2203 0.9107
vn 0.3538 -0.1656 0.9206
vn 0.6724 0.1151 0.7312
vn 0.6002 0.4643 0.6513
vn 0.3320 0.8757 0.3506
vn 0.6763 -0.0656 0.7337
vn 0.6599 -0.2274 0.7161
vn 0.6480 -0.3034 0.6986
vn 0.6628 -0.2247 0.7143
vn 0.6713 -0.1692 0.7216
vn 0.9057 0.1184 0.4072
vn 0.8011 0.4784 0.3598
vn 0.4289 0.8843 0.1847
vn 0.0676 0.9966 0.0469
vn 0.9103 -0.0670 0.4084
vn 0.8874 -0.2319 0.3983
vn 0.8683 -0.3096 0.3876
vn 0.8890 -0.2296 0.3963
vn 0.8997 -0.1731 0.4006
vn 0.9928 0.1197 -0.0000
vn 0.8750 0.4841 -0.0000
vn 0.4598 0.8880 0.0015
vn 0.9977 -0.0676 -0.0000
vn 0.9720 -0.2351 0.0017
vn 0.9499 -0.3126 -0.0001
vn 0.9728 -0.2317 0.0001
vn 0.9846 -0.1749 0.0016
vn 0.0498 0.9972 0.0566
vn 0.9057 0.1184 -0.4072
vn 0.8011 0.4784 -0.3598
vn 0.4282 0.8842 -0.1868
vn 0.0778 0.9969 -0.0139
vn 0.9103 -0.0669 -0.4086
vn 0.8878 -0.2325 -0.3971
vn 0.8683 -0.3097 -0.3874
vn 0.8890 -0.2294 -0.3963
vn 0.9009 -0.1734 -0.3978
vn 0.6724 0.1151 -0.7312
vn 0.6002 0.4643 -0.6513
vn 0.3323 0.8759 -0.3499
vn 0.0573 0.9965 -0.0617
vn 0.6764 -0.0655 -0.7336
vn 0.6598 -0.2274 -0.7162
vn 0.6480 -0.3035 -0.6986
vn 0.6628 -0.2245 -0.7143
vn 0.6733 -0.1696 -0.7196
vn 0.3530 0.1120 -0.9289
vn 0.3183 0.4496 -0.8346
vn 0.1848 0.8656 -0.4655
vn 0.3554 -0.0637 -0.9325
vn 0.3473 -0.2204 -0.9115
vn 0.3417 -0.2975 -0.8915
vn 0.3494 -0.2202 -0.9107
vn 0.3562 -0.1660 -0.9196
vn -0.0000 0.1107 -0.9939
vn -0.0000 0.4431 -0.8965
vn -0.0004 0.8604 -0.5095
vn 0.0177 0.9962 -0.0848
vn -0.0002 -0.0631 -0.9980
vn 0.0012 -0.2185 -0.9758
vn 0.0001 -0.2953 -0.9554
vn -0.0000 -0.2186 -0.9758
vn 0.0013 -0.1644 -0.9864
vn -0.3530 0.1120 -0.9289
vn -0.3183 0.4496 -0.8346
vn -0.1840 0.8653 -0.4663
vn -0.0310 0.9963 -0.0799
vn -0.3555 -0.0641 -0.9325
vn -0.3458 -0.2210 -0.9119
vn -0.3418 -0.2977 -0.8914
vn -0.3494 -0.2203 -0.9107
vn -0.3538 -0.1656 -0.9206
vn 0.0111 0.9999 0.0009
vn -0.6724 0.1151 -0.7312
vn -0.6002 0.4643 -0.6513
vn -0.3333 0.8751 -0.3508
vn -0.6763 -0.0656 -0.7337
vn -0.6588 -0.2263 -0.7175
vn -0.6479 -0.3035 -0.6987
vn -0.6628 -0.2247 -0.7143
vn -0.6715 -0.1692 -0.7214
vn -0.9057 0.1184 -0.4072
vn -0.8011 0.4784 -0.3598
vn -0.4289 0.8841 -0.1856
vn -0.0658 0.9967 -0.0484
vn -0.9104 -0.0671 -0.4082
vn -0.8867 -0.2322 -0.3997
vn -0.8683 -0.3099 -0.3874
vn -0.8889 -0.2294 -0.3964
vn -0.9001 -0.1732 -0.3997
vn -1.0000 0.0032 0.0001
vn -0.9128 0.0033 0.4083
vn -0.6779 0.0031 0.7352
vn -0.3571 0.0031 0.9341
vn -0.0012 0.0030 1.0000
vn 0.3557 0.0031 0.9346
vn 0.6781 0.0031 0.7350
vn 0.9122 0.0032 0.4098
vn 1.0000 0.0035 0.0015
vn 0.9135 0.0034 -0.4068
vn 0.6801 0.0033 -0.7332
vn 0.3584 0.0033 -0.9336
vn 0.0012 0.0031 -1.0000
vn -0.3557 0.0031 -0.9346
vn -0.6780 0.0033 -0.7350
vn -0.9129 0.0033 -0.4082
vn -1.0000 0.0033 0.0003
vn -0.9126 0.0033 0.4088
vn -0.6788 0.0031 0.7343
vn -0.3567 0.0029 0.9342
vn -0.0002 0.0030 1.0000
vn 0.3564 0.0031 0.9343
vn 0.6786 0.0031 0.7345
vn 0.9126 0.0032 0.4089
vn 1.0000 0.0031 0.0003
vn 0.9131 0.0031 -0.4076
vn 0.6792 0.0030 -0.7339
vn 0.3572 0.0030 -0.9340
vn 0.0005 0.0030 -1.0000
vn -0.3564 0.0031 -0.9343
vn -0.6788 0.0031 -0.7343
vn -0.9127 0.0033 -0.4086
vn -1.0000 0.0033 0.0004
vn -0.9127 0.0033 0.4087
vn -0.6787 0.0031 0.7344
vn -0.0000 0.0029 1.0000
vn 0.3570 0.0030 0.9341
vn 0.6789 0.0030 0.7342
vn 0.9129 0.0031 0.4083
vn 1.0000 0.0032 -0.0004
vn 0.9128 0.0031 -0.4083
vn 0.6788 0.0030 -0.7343
vn 0.3567 0.0030 -0.9342
vn -0.0000 0.0029 -1.0000
vn -0.3570 0.0030 -0.9341
vn -0.6790 0.0031 -0.7341
vn -0.9128 0.0033 -0.4083
vn -1.0000 0.0032 0.0003
vn -0.9128 0.0033 0.4084
vn -0.6783 0.0031 0.7347
vn -0.3569 0.0031 0.9341
vn -0.0006 0.0031 1.0000
vn 0.3565 0.0032 0.9343
vn 0.6786 0.0032 0.7345
vn 0.9126 0.0033 0.4089
vn 1.0000 0.0035 0.0004
vn 0.9132 0.0033 -0.4076
vn 0.6795 0.0033 -0.7337
vn 0.3574 0.0033 -0.9339
vn 0.0005 0.0032 -1.0000
vn -0.3565 0.0032 -0.9343
vn -0.6786 0.0032 -0.7345
vn -0.8986 0.4388 0.0016
vn -0.9942 -0.1079 -0.0005
vn -0.9972 -0.0748 -0.0000
vn -0.9656 0.2601 -0.0017
vn -1.0000 -0.0030 0.0034
vn -0.9580 -0.2869 -0.0003
vn -0.9994 0.0340 -0.0001
vn -0.9504 0.3111 -0.0000
vn -0.9114 -0.4116 -0.0000
vn -0.9841 -0.1776 -0.0000
vn -0.9691 0.2467 -0.0000
vn -0.8998 0.4357 -0.0216
vn -0.9330 0.3595 -0.0149
vn -0.8800 -0.4750 -0.0003
vn -0.4085 -0.9128 -0.0020
vn -0.8243 0.4349 0.3624
vn -0.9047 -0.1052 0.4129
vn -0.9148 -0.0732 0.3973
vn -0.8820 0.2519 0.3983
vn -0.9070 -0.1655 0.3873
vn -0.9035 -0.1435 0.4037
vn -0.8939 0.2203 0.3905
vn -0.8673 0.3058 0.3927
vn -0.8333 -0.4049 0.3764
vn -0.9035 -0.1736 0.3919
vn -0.8841 0.2433 0.3989
vn -0.8388 -0.3520 0.4153
vn -0.8205 -0.4002 0.4082
vn -0.8704 -0.3018 0.3890
vn -0.5491 -0.7998 0.2427
vn -0.0909 -0.9957 0.0179
vn 0.0020 -1.0000 0.0003
vn -0.6206 0.4272 0.6576
vn -0.6677 -0.0978 0.7380
vn -0.6884 -0.0694 0.7220
vn -0.6550 0.2446 0.7149
vn -0.6530 0.0133 0.7573
vn -0.6384 -0.2666 0.7220
vn -0.6921 0.0349 0.7210
vn -0.6449 0.2926 0.7061
vn -0.6224 -0.3882 0.6796
vn -0.6812 -0.1638 0.7136
vn -0.6567 0.2352 0.7166
vn -0.6375 0.4170 0.6478
vn -0.6369 0.3304 0.6966
vn -0.6193 -0.4233 0.6613
vn -0.3139 -0.9128 0.2613
vn -0.0684 -0.9951 0.0714
vn -0.3300 0.4197 0.8455
vn -0.3489 -0.0901 0.9328
vn -0.3664 -0.0654 0.9282
vn -0.3439 0.2353 0.9091
vn -0.3716 -0.1538 0.9155
vn -0.3542 -0.1424 0.9243
vn -0.3577 0.2008 0.9120
vn -0.3392 0.2786 0.8985
vn -0.3290 -0.3703 0.8687
vn -0.3632 -0.1536 0.9190
vn -0.3450 0.2267 0.9108
vn -0.3100 -0.3133 0.8976
vn -0.3012 -0.3670 0.8801
vn -0.3215 -0.2674 0.9084
vn -0.1830 -0.7809 0.5973
vn 0.0006 -1.0000 -0.0013
vn -0.0000 0.4162 0.9093
vn -0.0000 -0.0871 0.9962
vn -0.0000 -0.0637 0.9980
vn 0.0002 0.2328 0.9725
vn 0.0342 0.0156 0.9993
vn -0.0002 -0.2464 0.9692
vn -0.0002 0.0357 0.9994
vn -0.0000 0.2725 0.9622
vn -0.0000 -0.3625 0.9320
vn -0.0000 -0.1493 0.9888
vn -0.0000 0.2231 0.9748
vn -0.0001 0.3896 0.9210
vn -0.0003 0.3103 0.9506
vn -0.0003 -0.4087 0.9127
vn 0.0009 -0.8873 0.4612
vn -0.0181 -0.9950 0.0982
vn -0.0143 -0.9998 0.0153
vn 0.3311 0.4194 0.8452
vn 0.3484 -0.0902 0.9330
vn 0.3664 -0.0654 0.9282
vn 0.3430 0.2304 0.9106
vn 0.3499 -0.1670 0.9218
vn 0.3546 -0.1429 0.9240
vn 0.3573 0.1990 0.9125
vn 0.3392 0.2786 0.8985
vn 0.3290 -0.3703 0.8687
vn 0.3632 -0.1536 0.9190
vn 0.3450 0.2267 0.9108
vn 0.3336 -0.3280 0.8838
vn 0.3435 -0.3438 0.8739
vn 0.3217 -0.2680 0.9081
vn 0.1814 -0.7815 0.5969
vn 0.0360 -0.9952 0.0908
vn 0.6215 0.4271 0.6568
vn 0.6674 -0.0978 0.7383
vn 0.6884 -0.0694 0.7220
vn 0.6557 0.2456 0.7140
vn 0.6475 0.0126 0.7620
vn 0.6381 -0.2666 0.7223
vn 0.6919 0.0345 0.7212
vn 0.6449 0.2926 0.7061
vn 0.6224 -0.3882 0.6796
vn 0.6812 -0.1638 0.7136
vn 0.6567 0.2352 0.7166
vn 0.6261 0.4084 0.6642
vn 0.6240 0.3391 0.7040
vn 0.6189 -0.4235 0.6615
vn 0.3123 -0.9132 0.2619
vn -0.0004 -1.0000 -0.0017
vn 0.8249 0.4351 0.3609
vn 0.9044 -0.1051 0.4135
vn 0.9148 -0.0732 0.3973
vn 0.8819 0.2547 0.3968
vn 0.9062 -0.1636 0.3900
vn 0.9031 -0.1476 0.4032
vn 0.8947 0.2159 0.3911
vn 0.8673 0.3058 0.3927
vn 0.8333 -0.4049 0.3764
vn 0.9035 -0.1736 0.3919
vn 0.8841 0.2433 0.3989
vn 0.8420 -0.3421 0.4171
vn 0.8250 -0.3894 0.4096
vn 0.8699 -0.3038 0.3886
vn 0.5490 -0.8015 0.2371
vn 0.0819 -0.9953 0.0521
vn 0.8986 0.4388 -0.0015
vn 0.9942 -0.1079 0.0006
vn 0.9972 -0.0748 -0.0000
vn 0.9655 0.2606 -0.0018
vn 1.0000 -0.0017 0.0032
vn 0.9579 -0.2871 -0.0004
vn 0.9994 0.0334 -0.0001
vn 0.9504 0.3111 -0.0000
vn 0.9114 -0.4116 -0.0000
vn 0.9841 -0.1776 -0.0000
vn 0.9691 0.2467 -0.0000
vn 0.8960 0.4441 -0.0000
vn 0.9358 0.3526 -0.0002
vn 0.8799 -0.4752 -0.0003
vn 0.4063 -0.9137 0.0034
vn -0.0010 -1.0000 -0.0002
vn 0.8249 0.4351 -0.3609
vn 0.9044 -0.1051 -0.4135
vn 0.9148 -0.0732 -0.3973
vn 0.8814 0.2536 -0.3985
vn 0.9084 -0.1632 -0.3848
vn 0.9033 -0.1468 -0.4031
vn 0.8943 0.2169 -0.3915
vn 0.8673 0.3058 -0.3927
vn 0.8333 -0.4049 -0.3764
vn 0.9035 -0.1736 -0.3919
vn 0.8841 0.2433 -0.3989
vn 0.8474 -0.3401 -0.4078
vn 0.8084 -0.4105 -0.4218
vn 0.8642 -0.2887 -0.4120
vn 0.5479 -0.8004 -0.2432
vn 0.0914 -0.9956 -0.0213
vn 0.0195 -0.9998 0.0069
vn 0.6214 0.4270 -0.6569
vn 0.6674 -0.0978 -0.7383
vn 0.6884 -0.0694 -0.7220
vn 0.6554 0.2423 -0.7154
vn 0.6566 0.0106 -0.7541
vn 0.6377 -0.2663 -0.7227
vn 0.6918 0.0347 -0.7213
vn 0.6449 0.2926 -0.7061
vn 0.6224 -0.3882 -0.6796
vn 0.6812 -0.1638 -0.7136
vn 0.6567 0.2352 -0.7166
vn 0.6688 -0.0070 -0.7434
vn 0.6844 0.0522 -0.7272
vn 0.6668 -0.3536 -0.6560
vn 0.3135 -0.9129 -0.2614
vn 0.0653 -0.9955 -0.0684
vn -0.0015 -1.0000 0.0016
vn 0.3301 0.4195 -0.8456
vn 0.3488 -0.0902 -0.9328
vn 0.3664 -0.0654 -0.9282
vn 0.3429 0.2361 -0.9092
vn 0.3779 -0.1551 -0.9128
vn 0.3547 -0.1419 -0.9241
vn 0.3569 0.2015 -0.9121
vn 0.3392 0.2786 -0.8985
vn 0.3290 -0.3703 -0.8687
vn 0.3632 -0.1536 -0.9190
vn 0.3450 0.2267 -0.9108
vn 0.3666 -0.3122 -0.8764
vn 0.4117 -0.2962 -0.8619
vn 0.3517 -0.3086 -0.8838
vn 0.1589 -0.8870 -0.4336
vn -0.0000 0.4162 -0.9093
vn -0.0000 -0.0871 -0.9962
vn -0.0000 -0.0637 -0.9980
vn -0.0012 0.2338 -0.9723
vn 0.0023 0.0384 -0.9993
vn -0.0005 -0.2466 -0.9691
vn -0.0002 0.0361 -0.9993
vn -0.0000 0.2725 -0.9622
vn -0.0000 -0.3625 -0.9320
vn -0.0000 -0.1493 -0.9888
vn -0.0000 0.2231 -0.9748
vn -0.0189 0.3987 -0.9169
vn -0.0331 0.3167 -0.9479
vn -0.0527 -0.4088 -0.9111
vn -0.0335 -0.8969 -0.4411
vn 0.0147 -0.9947 -0.1021
vn -0.0006 -1.0000 0.0018
vn -0.3312 0.4193 -0.8453
vn -0.3484 -0.0903 -0.9330
vn -0.3664 -0.0654 -0.9282
vn -0.3439 0.2353 -0.9091
vn -0.3716 -0.1551 -0.9153
vn -0.3545 -0.1405 -0.9244
vn -0.3573 0.2033 -0.9116
vn -0.3392 0.2786 -0.8985
vn -0.3290 -0.3703 -0.8687
vn -0.3632 -0.1536 -0.9190
vn -0.3450 0.2267 -0.9108
vn -0.3333 -0.3365 -0.8807
vn -0.3409 -0.3540 -0.8709
vn -0.3214 -0.2662 -0.9087
vn -0.1795 -0.7809 -0.5984
vn -0.6215 0.4273 -0.6566
vn -0.6674 -0.0977 -0.7383
vn -0.6884 -0.0694 -0.7220
vn -0.6549 0.2447 -0.7150
vn -0.6527 0.0129 -0.7575
vn -0.6380 -0.2666 -0.7224
vn -0.6919 0.0351 -0.7211
vn -0.6449 0.2926 -0.7061
vn -0.6224 -0.3882 -0.6796
vn -0.6812 -0.1638 -0.7136
vn -0.6567 0.2352 -0.7166
vn -0.6084 0.4166 -0.6755
vn -0.6176 0.3322 -0.7129
vn -0.6192 -0.4231 -0.6616
vn -0.3152 -0.9127 -0.2600
vn -0.0524 -0.9951 -0.0844
vn -0.8250 0.4348 -0.3610
vn -0.9044 -0.1053 -0.4135
vn -0.9148 -0.0732 -0.3973
vn -0.8817 0.2536 -0.3978
vn -0.9085 -0.1665 -0.3834
vn -0.9038 -0.1430 -0.4034
vn -0.8935 0.2213 -0.3908
vn -0.8673 0.3058 -0.3927
vn -0.8333 -0.4049 -0.3764
vn -0.9035 -0.1736 -0.3919
vn -0.8841 0.2433 -0.3989
vn -0.8678 -0.3530 -0.3497
vn -0.8543 -0.4030 -0.3281
vn -0.8706 -0.3013 -0.3888
vn -0.5505 -0.7989 -0.2421
vn -0.0840 -0.9958 -0.0355
vn -0.0039 -0.9998 -0.0210
vn 0.0020 -1.0000 0.0012
vn -0.9974 0.0720 0.0018
vn -0.9161 -0.1274 0.3803
vn -0.6424 0.0497 0.7647
vn -0.3799 -0.1171 0.9176
vn 0.0333 0.0431 0.9985
vn 0.3620 -0.0999 0.9268
vn 0.6390 0.0491 0.7677
vn 0.9156 -0.1266 0.3818
vn 0.9974 0.0722 0.0019
vn 0.9163 -0.1265 -0.3799
vn 0.6429 0.0514 -0.7642
vn 0.3832 -0.1168 -0.9163
vn 0.0017 0.0197 -0.9998
vn -0.3801 -0.1184 -0.9173
vn -0.6416 0.0496 -0.7654
vn -0.9165 -0.1289 -0.3787
vt 0.751599 -0.432501
vt 0.900517 -0.430945
vt 0.968750 -0.432501
vt 0.125000 -0.412651
vt 0.062500 -0.397097
vt 0.125000 -0.397097
vt 0.187500 -0.412651
vt 0.187500 -0.397097
vt 0.250000 -0.412651
vt 0.250000 -0.397097
vt 0.312500 -0.397097
vt 0.312500 -0.412651
vt 0.375000 -0.397097
vt 0.375000 -0.412651
vt 0.437500 -0.397097
vt 0.500000 -0.397097
vt 0.437500 -0.412651
vt 0.562500 -0.412651
vt 0.562500 -0.397097
vt 0.625000 -0.412651
vt 0.625000 -0.397097
vt 0.687500 -0.412651
vt 0.687500 -0.397097
vt 0.750000 -0.412651
vt 0.750000 -0.397097
vt 0.812500 -0.397097
vt 0.812500 -0.412651
vt 0.875000 -0.397097
vt 0.875000 -0.412651
vt 0.937500 -0.397097
vt 0.937500 -0.412651
vt 1.000000 -0.397097
vt 1.000000 -0.412651
vt 0.062500 -0.425613
vt 0.000000 -0.412651
vt 0.062500 -0.412651
vt 0.125000 -0.425613
vt 0.187500 -0.425613
vt 0.250000 -0.425613
vt 0.312500 -0.425613
vt 0.375000 -0.425613
vt 0.437500 -0.425613
vt 0.500000 -0.412651
vt 0.500000 -0.425613
vt 0.562500 -0.425613
vt 0.625000 -0.425613
vt 0.687500 -0.425613
vt 0.750000 -0.425613
vt 0.812500 -0.425613
vt 0.875000 -0.425613
vt 0.937500 -0.425613
vt 1.000000 -0.425613
vt 0.000000 -0.430945
vt 0.000000 -0.425613
vt 0.187500 -0.430945
vt 0.099094 -0.430945
vt 0.281643 -0.430945
vt 0.406440 -0.430945
vt 0.625000 -0.430945
vt 0.531643 -0.430945
vt 0.718357 -0.430945
vt 0.812500 -0.430945
vt 1.000000 -0.430945
vt 0.046876 -0.432501
vt 0.378049 -0.432501
vt 0.000000 -0.397097
vt 0.062500 0.073348
vt 0.125000 0.073348
vt 0.187500 0.073348
vt 0.250000 0.073348
vt 0.312500 0.073348
vt 0.375000 0.073348
vt 0.437500 0.073348
vt 0.500000 0.073348
vt 0.562500 0.073348
vt 0.625000 0.073348
vt 0.687500 0.073348
vt 0.750000 0.073348
vt 0.812500 0.073348
vt 0.875000 0.073348
vt 0.937500 0.073348
vt 1.000000 0.073348
vt 0.000000 0.073348
vt 0.062500 0.105656
vt 0.125000 0.105989
vt 0.187500 0.105443
vt 0.250000 0.105656
vt 0.312500 0.105656
vt 0.375000 0.105917
vt 0.437500 0.105472
vt 0.500000 0.105656
vt 0.562500 0.105656
vt 0.625000 0.105917
vt 0.687500 0.105472
vt 0.750000 0.105656
vt 0.812500 0.105762
vt 0.875000 0.105669
vt 0.937500 0.105656
vt 1.000000 0.105656
vt 0.000000 0.105656
vt 0.062500 0.195656
vt 0.125000 0.195656
vt 0.187500 0.195656
vt 0.250000 0.195656
vt 0.312500 0.195656
vt 0.375000 0.195656
vt 0.437500 0.195656
vt 0.500000 0.195656
vt 0.562500 0.195656
vt 0.625000 0.195656
vt 0.687500 0.195656
vt 0.750000 0.195656
vt 0.812500 0.195656
vt 0.875000 0.195656
vt 0.937500 0.195656
vt 1.000000 0.195656
vt 0.062500 0.243012
vt 0.000000 0.195656
vt 0.000000 0.243012
vt 0.125000 0.243012
vt 0.187500 0.243012
vt 0.250000 0.243012
vt 0.312500 0.243012
vt 0.375000 0.243012
vt 0.437500 0.243012
vt 0.500000 0.243012
vt 0.562500 0.243012
vt 0.625000 0.243012
vt 0.687500 0.243012
vt 0.750000 0.243012
vt 0.812500 0.243012
vt 0.875000 0.243012
vt 0.937500 0.243012
vt 1.000000 0.243012
vt 0.062500 0.314386
vt 0.125000 0.314243
vt 0.187500 0.314159
vt 0.250000 0.314281
vt 0.312500 0.314248
vt 0.375000 0.314280
vt 0.437500 0.314248
vt 0.500000 0.314294
vt 0.562500 0.314281
vt 0.625000 0.314248
vt 0.687500 0.314294
vt 0.750000 0.314280
vt 0.812500 0.314248
vt 0.875000 0.314281
vt 0.937500 0.314370
vt 1.000000 0.314159
vt 0.312500 0.349455
vt 0.250000 0.349457
vt 0.437500 0.349455
vt 0.375000 0.349457
vt 0.562500 0.349457
vt 0.625000 0.349455
vt 0.812500 0.349455
vt 0.750000 0.349457
vt 0.875000 0.349458
vt 0.937500 0.349503
vt 1.000000 0.349414
vt 0.687500 0.349469
vt 0.500000 0.349469
vt 0.187500 0.349415
vt 0.125000 0.349448
vt 0.000000 0.349414
vt 0.062500 0.349505
vt 0.000000 0.373337
vt 0.062500 0.373335
vt 0.125000 0.373337
vt 0.187500 0.373339
vt 0.250000 0.373327
vt 0.312500 0.373346
vt 0.375000 0.373327
vt 0.437500 0.373345
vt 0.500000 0.373337
vt 0.562500 0.373327
vt 0.625000 0.373345
vt 0.687500 0.373337
vt 0.750000 0.373327
vt 0.812500 0.373345
vt 0.875000 0.373328
vt 1.000000 0.373337
vt 0.937500 0.373343
vt 0.031613 0.461941
vt 0.062500 0.460200
vt 0.000000 0.460200
vt 0.187500 0.460200
vt 0.218387 0.461941
vt 0.250000 0.460200
vt 0.375000 0.460200
vt 0.411638 0.461941
vt 0.437500 0.460200
vt 0.536638 0.461941
vt 0.562500 0.460200
vt 0.500000 0.460200
vt 0.724138 0.461941
vt 0.750000 0.460200
vt 0.687500 0.460200
vt 0.843750 0.461941
vt 0.875000 0.460200
vt 0.812500 0.460200
vt 0.123844 0.462522
vt 0.125000 0.461941
vt 0.446111 0.462522
vt 0.312500 0.461941
vt 0.781625 0.462522
vt 0.625000 0.461941
vt 0.937500 0.461941
vt 0.313236 0.462522
vt 0.593750 0.462522
vt 0.000000 0.375238
vt 0.062500 0.375238
vt 0.125000 0.375238
vt 0.187500 0.375238
vt 0.250000 0.375238
vt 0.312500 0.375238
vt 0.375000 0.375238
vt 0.437500 0.375238
vt 0.500000 0.375238
vt 0.562500 0.375238
vt 0.625000 0.375238
vt 0.687500 0.375238
vt 0.750000 0.375238
vt 0.812500 0.375238
vt 0.875000 0.375238
vt 0.937500 0.375238
vt 1.000000 0.375238
vt 0.062500 0.380750
vt 0.000000 0.380750
vt 0.125000 0.380750
vt 0.187500 0.380750
vt 0.250000 0.380750
vt 0.312500 0.380750
vt 0.375000 0.380750
vt 0.437500 0.380750
vt 0.500000 0.380750
vt 0.562500 0.380750
vt 0.625000 0.380750
vt 0.687500 0.380750
vt 0.750000 0.380750
vt 0.812500 0.380750
vt 0.875000 0.380750
vt 0.937500 0.380750
vt 1.000000 0.380750
vt 0.000000 0.387757
vt 0.062500 0.387757
vt 0.125000 0.387757
vt 0.187500 0.387757
vt 0.250000 0.387757
vt 0.312500 0.387757
vt 0.375000 0.387757
vt 0.437500 0.387757
vt 0.500000 0.387757
vt 0.562500 0.387757
vt 0.625000 0.387757
vt 0.687500 0.387757
vt 0.750000 0.387757
vt 0.812500 0.387757
vt 0.875000 0.387757
vt 0.937500 0.387757
vt 1.000000 0.387757
vt 0.000000 0.395007
vt 0.062500 0.394557
vt 0.125000 0.394787
vt 0.187500 0.394878
vt 0.250000 0.395007
vt 0.312500 0.394381
vt 0.375000 0.394827
vt 0.437500 0.394827
vt 0.500000 0.395137
vt 0.562500 0.394725
vt 0.625000 0.394590
vt 0.687500 0.394827
vt 0.750000 0.395007
vt 0.812500 0.394878
vt 0.875000 0.394787
vt 0.937500 0.394787
vt 1.000000 0.395007
vt 0.062515 0.399974
vt 0.000048 0.400319
vt 0.124992 0.400150
vt 0.187483 0.400220
vt 0.250000 0.417873
vt 0.250027 0.400319
vt 0.312515 0.399838
vt 0.375000 0.417873
vt 0.374971 0.400181
vt 0.437487 0.400181
vt 0.437500 0.417873
vt 0.500000 0.417873
vt 0.499997 0.400419
vt 0.562526 0.400102
vt 0.562500 0.417873
vt 0.625007 0.399999
vt 0.687467 0.400181
vt 0.625000 0.417873
vt 0.687500 0.417873
vt 0.750000 0.417873
vt 0.750001 0.400319
vt 0.812517 0.400220
vt 0.875000 0.417873
vt 0.874996 0.400150
vt 0.937483 0.400150
vt 0.937500 0.417873
vt 1.000000 0.417873
vt 0.999981 0.400319
vt 0.062500 0.417873
vt 0.000000 0.422784
vt 0.062500 0.422784
vt 0.125000 0.422784
vt 0.125000 0.417873
vt 0.187500 0.417873
vt 0.187500 0.422784
vt 0.250000 0.422784
vt 0.312500 0.417873
vt 0.312500 0.422784
vt 0.375000 0.422784
vt 0.437500 0.422784
vt 0.500000 0.422784
vt 0.562500 0.422784
vt 0.625000 0.422784
vt 0.687500 0.422784
vt 0.750000 0.422784
vt 0.812500 0.417873
vt 0.812500 0.422784
vt 0.875000 0.422784
vt 0.937500 0.422784
vt 1.000000 0.422784
vt 0.000000 0.425731
vt 0.062500 0.425731
vt 0.125000 0.425731
vt 0.187500 0.425731
vt 0.250000 0.425731
vt 0.312500 0.425731
vt 0.375000 0.425731
vt 0.437500 0.425731
vt 0.500000 0.425731
vt 0.562500 0.425731
vt 0.625000 0.425731
vt 0.687500 0.425731
vt 0.750000 0.425731
vt 0.812500 0.425731
vt 0.875000 0.425731
vt 0.937500 0.425731
vt 1.000000 0.425731
vt 0.062500 0.429481
vt 0.125000 0.429481
vt 0.187500 0.429481
vt 0.250000 0.429481
vt 0.312500 0.429481
vt 0.375000 0.429481
vt 0.437500 0.429481
vt 0.500000 0.429481
vt 0.562500 0.429481
vt 0.625000 0.429481
vt 0.687500 0.429481
vt 0.750000 0.429481
vt 0.812500 0.429481
vt 0.875000 0.429481
vt 0.937500 0.429481
vt 1.000000 0.429481
vt 0.062500 0.432160
vt 0.000000 0.429481
vt 0.000000 0.432160
vt 0.125000 0.432160
vt 0.187500 0.432160
vt 0.250000 0.432160
vt 0.312500 0.432160
vt 0.375000 0.432160
vt 0.437500 0.432160
vt 0.500000 0.432160
vt 0.562500 0.432160
vt 0.625000 0.432160
vt 0.687500 0.432160
vt 0.750000 0.432160
vt 0.812500 0.432160
vt 0.875000 0.432160
vt 0.937500 0.432160
vt 1.000000 0.432160
vt 0.000000 0.436090
vt 0.062500 0.436090
vt 0.125000 0.436090
vt 0.187500 0.436090
vt 0.250000 0.436090
vt 0.312500 0.436090
vt 0.375000 0.436090
vt 0.437500 0.436090
vt 0.500000 0.436090
vt 0.562500 0.436090
vt 0.625000 0.436090
vt 0.687500 0.436090
vt 0.750000 0.436090
vt 0.812500 0.436090
vt 0.875000 0.436090
vt 0.937500 0.436090
vt 1.000000 0.436090
vt 0.000000 0.443948
vt 0.062500 0.443948
vt 0.125000 0.443948
vt 0.187500 0.443948
vt 0.250000 0.443948
vt 0.312500 0.443948
vt 0.375000 0.443948
vt 0.437500 0.443948
vt 0.500000 0.443948
vt 0.562500 0.443948
vt 0.625000 0.443948
vt 0.687500 0.443948
vt 0.750000 0.443948
vt 0.812500 0.443948
vt 0.875000 0.443948
vt 0.937500 0.443948
vt 1.000000 0.443948
vt 0.000000 0.445466
vt 0.062500 0.445466
vt 0.125000 0.445466
vt 0.187500 0.445466
vt 0.250000 0.445466
vt 0.312500 0.445466
vt 0.375000 0.445466
vt 0.437500 0.445466
vt 0.500000 0.445466
vt 0.562500 0.445466
vt 0.625000 0.445466
vt 0.687500 0.445466
vt 0.750000 0.445466
vt 0.812500 0.445466
vt 0.875000 0.445466
vt 0.937500 0.445466
vt 1.000000 0.445466
vt 0.062500 0.455717
vt 0.125000 0.455717
vt 0.187500 0.455717
vt 0.250000 0.455717
vt 0.312500 0.455717
vt 0.375000 0.455717
vt 0.437500 0.455717
vt 0.500000 0.455717
vt 0.562500 0.455717
vt 0.625000 0.455717
vt 0.687500 0.455717
vt 0.750000 0.455717
vt 0.812500 0.455717
vt 0.875000 0.455717
vt 0.937500 0.455717
vt 1.000000 0.455717
vt 0.125000 0.460200
vt 0.312500 0.460200
vt 0.625000 0.460200
vt 0.937500 0.460200
vt 1.000000 0.460200
vt 1.000000 0.461941
vt 1.000000 0.462522
vt 0.875736 0.462522
vt 0.031250 0.462522
vt 0.156250 0.462522
vt 0.468750 0.462522
vt 0.718750 0.462522
vt 0.000000 0.417873
vt 0.000000 0.314159
vt 0.000000 0.455717
s 1
usemtl Vidrio
f 124/1/124 136/2/136 18/3/18
f 20/4/20 10/5/10 19/6/19
f 29/7/29 19/6/19 28/8/28
f 38/9/38 28/8/28 37/10/37
f 38/9/38 45/11/45 46/12/46
f 46/12/46 54/13/54 55/14/55
f 62/15/62 55/14/55 54/13/54
f 71/16/71 63/17/63 62/15/62
f 81/18/81 71/16/71 80/19/80
f 90/20/90 80/19/80 89/21/89
f 99/22/99 89/21/89 98/23/98
f 107/24/107 98/23/98 106/25/106
f 107/24/107 115/26/115 116/27/116
f 116/27/116 125/28/125 126/29/126
f 126/29/126 133/30/133 134/31/134
f 134/31/134 1/32/1 2/33/2
f 12/34/12 2/35/2 11/36/11
f 21/37/21 11/36/11 20/4/20
f 30/38/30 20/4/20 29/7/29
f 39/39/39 29/7/29 38/9/38
f 46/12/46 39/39/39 38/9/38
f 55/14/55 47/40/47 46/12/46
f 63/17/63 56/41/56 55/14/55
f 64/42/64 72/43/72 73/44/73
f 82/45/82 72/43/72 81/18/81
f 91/46/91 81/18/81 90/20/90
f 100/47/100 90/20/90 99/22/99
f 108/48/108 99/22/99 107/24/107
f 108/48/108 116/27/116 117/49/117
f 117/49/117 126/29/126 127/50/127
f 134/31/134 127/50/127 126/29/126
f 135/51/135 2/33/2 3/52/3
f 12/34/12 4/53/4 3/54/3
f 31/55/31 21/37/21 30/38/30
f 22/56/22 12/34/12 21/37/21
f 39/39/39 31/55/31 30/38/30
f 48/57/48 56/41/56 65/58/65
f 39/39/39 47/40/47 48/57/48
f 73/44/73 65/58/65 64/42/64
f 65/58/65 56/41/56 64/42/64
f 92/59/92 82/45/82 91/46/91
f 73/44/73 82/45/82 83/60/83
f 109/61/109 91/46/91 100/47/100
f 118/62/118 108/48/108 117/49/117
f 100/47/100 108/48/108 109/61/109
f 118/62/118 127/50/127 136/2/136
f 4/63/4 135/51/135 3/52/3
f 127/50/127 135/51/135 136/2/136
f 31/55/31 18/64/18 22/56/22
f 18/64/18 4/53/4 22/56/22
f 124/1/124 83/60/83 92/59/92
f 31/55/31 48/57/48 79/65/79
f 48/57/48 65/58/65 79/65/79
f 65/58/65 83/60/83 79/65/79
f 1/66/1 13/67/13 10/5/10
f 124/1/124 92/59/92 109/61/109
f 124/1/124 109/61/109 118/62/118
f 118/62/118 136/2/136 124/1/124
f 18/3/18 136/2/136 4/63/4
f 10/5/10 23/68/23 19/6/19
f 19/6/19 32/69/32 28/8/28
f 28/8/28 40/70/40 37/10/37
f 45/11/45 40/70/40 49/71/49
f 54/13/54 49/71/49 57/72/57
f 62/15/62 57/72/57 66/73/66
f 71/16/71 66/73/66 74/74/74
f 71/16/71 84/75/84 80/19/80
f 80/19/80 93/76/93 89/21/89
f 89/21/89 101/77/101 98/23/98
f 98/23/98 110/78/110 106/25/106
f 115/26/115 110/78/110 119/79/119
f 125/28/125 119/79/119 128/80/128
f 133/30/133 128/80/128 137/81/137
f 1/32/1 137/81/137 5/82/5
f 5/83/5 14/84/14 13/67/13
f 13/67/13 24/85/24 23/68/23
f 33/86/33 23/68/23 24/85/24
f 32/69/32 41/87/41 40/70/40
f 49/71/49 41/87/41 50/88/50
f 57/72/57 50/88/50 58/89/58
f 66/73/66 58/89/58 67/90/67
f 74/74/74 67/90/67 75/91/75
f 74/74/74 85/92/85 84/75/84
f 84/75/84 94/93/94 93/76/93
f 93/76/93 102/94/102 101/77/101
f 101/77/101 111/95/111 110/78/110
f 119/79/119 111/95/111 120/96/120
f 128/80/128 120/96/120 129/97/129
f 137/81/137 129/97/129 138/98/138
f 5/82/5 138/98/138 6/99/6
f 6/100/6 15/101/15 14/84/14
f 11/36/11 1/66/1 10/5/10
f 14/84/14 25/102/25 24/85/24
f 34/103/34 24/85/24 25/102/25
f 33/86/33 42/104/42 41/87/41
f 50/88/50 42/104/42 51/105/51
f 58/89/58 51/105/51 59/106/59
f 67/90/67 59/106/59 68/107/68
f 75/91/75 68/107/68 76/108/76
f 75/91/75 86/109/86 85/92/85
f 85/92/85 95/110/95 94/93/94
f 103/111/103 94/93/94 95/110/95
f 102/94/102 112/112/112 111/95/111
f 120/96/120 112/112/112 121/113/121
f 129/97/129 121/113/121 130/114/130
f 138/98/138 130/114/130 139/115/139
f 6/99/6 139/115/139 7/116/7
f 16/117/16 7/118/7 8/119/8
f 15/101/15 26/120/26 25/102/25
f 25/102/25 35/121/35 34/103/34
f 43/122/43 34/103/34 35/121/35
f 51/105/51 43/122/43 52/123/52
f 59/106/59 52/123/52 60/124/60
f 68/107/68 60/124/60 69/125/69
f 76/108/76 69/125/69 77/126/77
f 76/108/76 87/127/87 86/109/86
f 96/128/96 86/109/86 87/127/87
f 95/110/95 104/129/104 103/111/103
f 113/130/113 103/111/103 104/129/104
f 121/113/121 113/130/113 122/131/122
f 130/114/130 122/131/122 131/132/131
f 139/115/139 131/132/131 140/133/140
f 7/116/7 140/133/140 8/134/8
f 8/119/8 17/135/17 16/117/16
f 27/136/27 16/117/16 17/135/17
f 36/137/36 26/120/26 27/136/27
f 35/121/35 44/138/44 43/122/43
f 52/123/52 44/138/44 53/139/53
f 60/124/60 53/139/53 61/140/61
f 69/125/69 61/140/61 70/141/70
f 77/126/77 70/141/70 78/142/78
f 77/126/77 88/143/88 87/127/87
f 87/127/87 97/144/97 96/128/96
f 96/128/96 105/145/105 104/129/104
f 104/129/104 114/146/114 113/130/113
f 122/131/122 114/146/114 123/147/123
f 131/132/131 123/147/123 132/148/132
f 140/133/140 132/148/132 141/149/141
f 8/134/8 141/149/141 9/150/9
f 20/4/20 11/36/11 10/5/10
f 29/7/29 20/4/20 19/6/19
f 38/9/38 29/7/29 28/8/28
f 38/9/38 37/10/37 45/11/45
f 46/12/46 45/11/45 54/13/54
f 62/15/62 63/17/63 55/14/55
f 71/16/71 72/43/72 63/17/63
f 81/18/81 72/43/72 71/16/71
f 90/20/90 81/18/81 80/19/80
f 99/22/99 90/20/90 89/21/89
f 107/24/107 99/22/99 98/23/98
f 107/24/107 106/25/106 115/26/115
f 116/27/116 115/26/115 125/28/125
f 126/29/126 125/28/125 133/30/133
f 134/31/134 133/30/133 1/32/1
f 12/34/12 3/54/3 2/35/2
f 21/37/21 12/34/12 11/36/11
f 30/38/30 21/37/21 20/4/20
f 39/39/39 30/38/30 29/7/29
f 46/12/46 47/40/47 39/39/39
f 55/14/55 56/41/56 47/40/47
f 63/17/63 64/42/64 56/41/56
f 64/42/64 63/17/63 72/43/72
f 82/45/82 73/44/73 72/43/72
f 91/46/91 82/45/82 81/18/81
f 100/47/100 91/46/91 90/20/90
f 108/48/108 100/47/100 99/22/99
f 108/48/108 107/24/107 116/27/116
f 117/49/117 116/27/116 126/29/126
f 134/31/134 135/51/135 127/50/127
f 135/51/135 134/31/134 2/33/2
f 12/34/12 22/56/22 4/53/4
f 31/55/31 22/56/22 21/37/21
f 39/39/39 48/57/48 31/55/31
f 48/57/48 47/40/47 56/41/56
f 73/44/73 83/60/83 65/58/65
f 92/59/92 83/60/83 82/45/82
f 109/61/109 92/59/92 91/46/91
f 118/62/118 109/61/109 108/48/108
f 118/62/118 117/49/117 127/50/127
f 4/63/4 136/2/136 135/51/135
f 31/55/31 79/65/79 18/64/18
f 124/1/124 79/65/79 83/60/83
f 1/66/1 5/83/5 13/67/13
f 10/5/10 13/67/13 23/68/23
f 19/6/19 23/68/23 32/69/32
f 28/8/28 32/69/32 40/70/40
f 45/11/45 37/10/37 40/70/40
f 54/13/54 45/11/45 49/71/49
f 62/15/62 54/13/54 57/72/57
f 71/16/71 62/15/62 66/73/66
f 71/16/71 74/74/74 84/75/84
f 80/19/80 84/75/84 93/76/93
f 89/21/89 93/76/93 101/77/101
f 98/23/98 101/77/101 110/78/110
f 115/26/115 106/25/106 110/78/110
f 125/28/125 115/26/115 119/79/119
f 133/30/133 125/28/125 128/80/128
f 1/32/1 133/30/133 137/81/137
f 5/83/5 6/100/6 14/84/14
f 13/67/13 14/84/14 24/85/24
f 33/86/33 32/69/32 23/68/23
f 32/69/32 33/86/33 41/87/41
f 49/71/49 40/70/40 41/87/41
f 57/72/57 49/71/49 50/88/50
f 66/73/66 57/72/57 58/89/58
f 74/74/74 66/73/66 67/90/67
f 74/74/74 75/91/75 85/92/85
f 84/75/84 85/92/85 94/93/94
f 93/76/93 94/93/94 102/94/102
f 101/77/101 102/94/102 111/95/111
f 119/79/119 110/78/110 111/95/111
f 128/80/128 119/79/119 120/96/120
f 137/81/137 128/80/128 129/97/129
f 5/82/5 137/81/137 138/98/138
f 6/100/6 7/118/7 15/101/15
f 11/36/11 2/35/2 1/66/1
f 14/84/14 15/101/15 25/102/25
f 34/103/34 33/86/33 24/85/24
f 33/86/33 34/103/34 42/104/42
f 50/88/50 41/87/41 42/104/42
f 58/89/58 50/88/50 51/105/51
f 67/90/67 58/89/58 59/106/59
f 75/91/75 67/90/67 68/107/68
f 75/91/75 76/108/76 86/109/86
f 85/92/85 86/109/86 95/110/95
f 103/111/103 102/94/102 94/93/94
f 102/94/102 103/111/103 112/112/112
f 120/96/120 111/95/111 112/112/112
f 129/97/129 120/96/120 121/113/121
f 138/98/138 129/97/129 130/114/130
f 6/99/6 138/98/138 139/115/139
f 16/117/16 15/101/15 7/118/7
f 15/101/15 16/117/16 26/120/26
f 25/102/25 26/120/26 35/121/35
f 43/122/43 42/104/42 34/103/34
f 51/105/51 42/104/42 43/122/43
f 59/106/59 51/105/51 52/123/52
f 68/107/68 59/106/59 60/124/60
f 76/108/76 68/107/68 69/125/69
f 76/108/76 77/126/77 87/127/87
f 96/128/96 95/110/95 86/109/86
f 95/110/95 96/128/96 104/129/104
f 113/130/113 112/112/112 103/111/103
f 121/113/121 112/112/112 113/130/113
f 130/114/130 121/113/121 122/131/122
f 139/115/139 130/114/130 131/132/131
f 7/116/7 139/115/139 140/133/140
f 8/119/8 9/461/9 17/135/17
f 27/136/27 26/120/26 16/117/16
f 36/137/36 35/121/35 26/120/26
f 35/121/35 36/137/36 44/138/44
f 52/123/52 43/122/43 44/138/44
f 60/124/60 52/123/52 53/139/53
f 69/125/69 60/124/60 61/140/61
f 77/126/77 69/125/69 70/141/70
f 77/126/77 78/142/78 88/143/88
f 87/127/87 88/143/88 97/144/97
f 96/128/96 97/144/97 105/145/105
f 104/129/104 105/145/105 114/146/114
f 122/131/122 113/130/113 114/146/114
f 131/132/131 122/131/122 123/147/123
f 140/133/140 131/132/131 132/148/132
f 8/134/8 140/133/140 141/149/141
usemtl Coso_abajo_tapa
f 163/151/163 146/138/146 162/152/162
f 165/153/165 148/140/148 164/154/164
f 152/144/152 167/155/167 168/156/168
f 171/157/171 154/146/154 170/158/170
f 157/149/157 172/159/172 173/160/173
f 157/149/157 158/161/158 142/150/142
f 156/148/156 171/157/171 172/159/172
f 154/146/154 169/162/169 170/158/170
f 153/145/153 168/156/168 169/162/169
f 151/143/151 166/163/166 167/155/167
f 150/142/150 165/153/165 166/163/166
f 148/140/148 163/151/163 164/154/164
f 146/138/146 161/164/161 162/152/162
f 144/136/144 161/164/161 145/137/145
f 143/135/143 160/165/160 144/136/144
f 143/135/143 158/166/158 159/167/159
f 163/151/163 147/139/147 146/138/146
f 165/153/165 149/141/149 148/140/148
f 152/144/152 151/143/151 167/155/167
f 171/157/171 155/147/155 154/146/154
f 157/149/157 156/148/156 172/159/172
f 157/149/157 173/160/173 158/161/158
f 156/148/156 155/147/155 171/157/171
f 154/146/154 153/145/153 169/162/169
f 153/145/153 152/144/152 168/156/168
f 151/143/151 150/142/150 166/163/166
f 150/142/150 149/141/149 165/153/165
f 148/140/148 147/139/147 163/151/163
f 146/138/146 145/137/145 161/164/161
f 144/136/144 160/165/160 161/164/161
f 143/135/143 159/167/159 160/165/160
f 143/135/143 142/461/142 158/166/158
usemtl Tapa
f 191/167/190 174/168/174 175/169/175
f 191/167/190 176/170/176 192/165/191
f 192/165/191 177/171/161 193/164/192
f 194/152/193 177/171/161 178/172/177
f 196/154/195 179/173/178 180/174/179
f 198/163/197 181/175/180 182/176/181
f 199/155/198 182/176/181 183/177/182
f 201/162/200 184/178/183 185/179/184
f 202/158/201 185/179/184 186/180/185
f 204/159/203 187/181/186 188/182/187
f 205/160/157 174/183/174 190/161/189
f 205/160/157 188/182/187 189/184/188
f 203/157/202 186/180/185 187/181/186
f 200/156/199 183/177/182 184/178/183
f 197/153/196 180/174/179 181/175/180
f 195/151/194 178/172/177 179/173/178
f 236/185/234 235/186/233 220/187/218
f 268/188/266 285/189/283 284/190/282
f 317/191/315 334/192/332 333/193/331
f 366/194/364 365/195/363 349/196/347
f 415/197/413 414/198/412 399/199/397
f 447/200/445 446/201/444 431/202/429
f 236/185/234 286/203/284 253/204/251
f 286/203/284 285/189/283 253/204/251
f 367/205/365 334/192/332 302/206/300
f 367/205/365 366/194/364 334/192/332
f 464/207/462 415/197/413 383/208/381
f 464/207/462 447/200/445 415/197/413
f 447/200/445 464/207/462 463/209/461
f 318/210/316 367/205/365 286/203/284
f 384/211/382 464/207/462 367/205/365
f 221/169/219 207/212/205 222/213/220
f 238/170/236 222/213/220 239/214/237
f 254/171/252 239/214/237 255/215/253
f 270/172/268 255/215/253 271/216/269
f 270/172/268 288/217/286 287/173/285
f 304/218/302 287/173/285 288/217/286
f 303/174/301 320/219/318 319/175/317
f 319/175/317 336/220/334 335/176/333
f 351/177/349 336/220/334 352/221/350
f 368/178/366 352/221/350 369/222/367
f 385/179/383 369/222/367 386/223/384
f 400/180/398 386/223/384 401/224/399
f 400/180/398 418/225/416 417/181/415
f 417/181/415 433/226/431 432/182/430
f 449/227/447 432/182/430 433/226/431
f 448/184/446 207/228/205 206/183/204
f 223/229/221 207/212/205 208/230/206
f 240/231/238 222/213/220 223/229/221
f 239/214/237 256/232/254 255/215/253
f 272/233/270 255/215/253 256/232/254
f 288/217/286 272/233/270 289/234/287
f 304/218/302 289/234/287 305/235/303
f 320/219/318 305/235/303 321/236/319
f 336/220/334 321/236/319 337/237/335
f 353/238/351 336/220/334 337/237/335
f 370/239/368 352/221/350 353/238/351
f 387/240/385 369/222/367 370/239/368
f 386/223/384 402/241/400 401/224/399
f 418/225/416 402/241/400 419/242/417
f 433/226/431 419/242/417 434/243/432
f 449/227/447 434/243/432 450/244/448
f 207/228/205 450/244/448 208/245/206
f 223/229/221 209/246/207 224/247/222
f 240/231/238 224/247/222 241/248/239
f 256/232/254 241/248/239 257/249/255
f 272/233/270 257/249/255 273/250/271
f 272/233/270 290/251/288 289/234/287
f 306/252/304 289/234/287 290/251/288
f 305/235/303 322/253/320 321/236/319
f 338/254/336 321/236/319 322/253/320
f 353/238/351 338/254/336 354/255/352
f 370/239/368 354/255/352 371/256/369
f 387/240/385 371/256/369 388/257/386
f 402/241/400 388/257/386 403/258/401
f 420/259/418 402/241/400 403/258/401
f 419/242/417 435/260/433 434/243/432
f 434/243/432 451/261/449 450/244/448
f 450/244/448 209/262/207 208/245/206
f 224/247/222 210/263/208 225/264/223
f 241/248/239 225/264/223 242/265/240
f 257/249/255 242/265/240 258/266/256
f 273/250/271 258/266/256 274/267/272
f 291/268/289 273/250/271 274/267/272
f 290/251/288 307/269/305 306/252/304
f 306/252/304 323/270/321 322/253/320
f 322/253/320 339/271/337 338/254/336
f 355/272/353 338/254/336 339/271/337
f 354/255/352 372/273/370 371/256/369
f 371/256/369 389/274/387 388/257/386
f 388/257/386 404/275/402 403/258/401
f 403/258/401 421/276/419 420/259/418
f 436/277/434 420/259/418 421/276/419
f 452/278/450 435/260/433 436/277/434
f 209/262/207 452/278/450 210/279/208
f 467/280/465 210/263/208 466/281/464
f 468/282/466 225/264/223 467/280/465
f 469/283/467 242/265/240 468/282/466
f 469/283/467 275/284/273 470/285/468
f 471/286/469 274/267/272 470/285/468
f 471/286/469 308/287/306 472/288/470
f 473/289/471 308/287/306 324/290/322
f 473/289/471 340/291/338 474/292/472
f 475/293/473 340/291/338 356/294/354
f 476/295/474 355/272/353 475/293/473
f 477/296/475 373/297/371 390/298/388
f 477/296/475 405/299/403 478/300/476
f 421/276/419 478/300/476 479/301/477
f 479/301/477 437/302/435 480/303/478
f 481/304/479 437/302/435 453/305/451
f 481/304/479 211/306/209 466/307/464
f 226/308/224 212/309/210 227/310/225
f 226/308/224 244/311/242 243/312/241
f 259/313/257 244/311/242 260/314/258
f 259/313/257 276/315/274 275/284/273
f 292/316/290 276/315/274 293/317/291
f 309/318/307 292/316/290 293/317/291
f 324/290/322 309/318/307 325/319/323
f 324/290/322 341/320/339 340/291/338
f 356/294/354 341/320/339 357/321/355
f 356/294/354 374/322/372 373/297/371
f 390/298/388 374/322/372 391/323/389
f 390/298/388 406/324/404 405/299/403
f 422/325/420 406/324/404 423/326/421
f 438/327/436 422/325/420 423/326/421
f 453/305/451 438/327/436 454/328/452
f 453/305/451 212/329/210 211/306/209
f 227/310/225 213/330/211 228/331/226
f 244/311/242 228/331/226 245/332/243
f 260/314/258 245/332/243 261/333/259
f 276/315/274 261/333/259 277/334/275
f 276/315/274 294/335/292 293/317/291
f 310/336/308 293/317/291 294/335/292
f 309/318/307 326/337/324 325/319/323
f 342/338/340 325/319/323 326/337/324
f 357/321/355 342/338/340 358/339/356
f 374/322/372 358/339/356 375/340/373
f 391/323/389 375/340/373 392/341/390
f 406/324/404 392/341/390 407/342/405
f 406/324/404 424/343/422 423/326/421
f 423/326/421 439/344/437 438/327/436
f 455/345/453 438/327/436 439/344/437
f 454/328/452 213/346/211 212/329/210
f 213/330/211 229/347/227 228/331/226
f 228/331/226 246/348/244 245/332/243
f 245/332/243 262/349/260 261/333/259
f 261/333/259 278/350/276 277/334/275
f 294/335/292 278/350/276 295/351/293
f 310/336/308 295/351/293 311/352/309
f 326/337/324 311/352/309 327/353/325
f 342/338/340 327/353/325 343/354/341
f 342/338/340 359/355/357 358/339/356
f 358/339/356 376/356/374 375/340/373
f 375/340/373 393/357/391 392/341/390
f 392/341/390 408/358/406 407/342/405
f 424/343/422 408/358/406 425/359/423
f 439/344/437 425/359/423 440/360/438
f 455/345/453 440/360/438 456/361/454
f 213/346/211 456/361/454 214/362/212
f 230/363/228 214/364/212 215/365/213
f 247/366/245 229/347/227 230/363/228
f 263/367/261 246/348/244 247/366/245
f 279/368/277 262/349/260 263/367/261
f 295/351/293 279/368/277 296/369/294
f 311/352/309 296/369/294 312/370/310
f 327/353/325 312/370/310 328/371/326
f 343/354/341 328/371/326 344/372/342
f 360/373/358 343/354/341 344/372/342
f 377/374/375 359/355/357 360/373/358
f 394/375/392 376/356/374 377/374/375
f 393/357/391 409/376/407 408/358/406
f 425/359/423 409/376/407 426/377/424
f 440/360/438 426/377/424 441/378/439
f 456/361/454 441/378/439 457/379/455
f 214/362/212 457/379/455 215/380/213
f 230/363/228 216/381/214 231/382/229
f 247/366/245 231/382/229 248/383/246
f 263/367/261 248/383/246 264/384/262
f 279/368/277 264/384/262 280/385/278
f 297/386/295 279/368/277 280/385/278
f 313/387/311 296/369/294 297/386/295
f 329/388/327 312/370/310 313/387/311
f 345/389/343 328/371/326 329/388/327
f 360/373/358 345/389/343 361/390/359
f 377/374/375 361/390/359 378/391/376
f 394/375/392 378/391/376 395/392/393
f 409/376/407 395/392/393 410/393/408
f 427/394/425 409/376/407 410/393/408
f 442/395/440 426/377/424 427/394/425
f 441/378/439 458/396/456 457/379/455
f 216/397/214 457/379/455 458/396/456
f 231/382/229 217/398/215 232/399/230
f 248/383/246 232/399/230 249/400/247
f 264/384/262 249/400/247 265/401/263
f 280/385/278 265/401/263 281/402/279
f 280/385/278 298/403/296 297/386/295
f 297/386/295 314/404/312 313/387/311
f 330/405/328 313/387/311 314/404/312
f 346/406/344 329/388/327 330/405/328
f 361/390/359 346/406/344 362/407/360
f 378/391/376 362/407/360 379/408/377
f 395/392/393 379/408/377 396/409/394
f 410/393/408 396/409/394 411/410/409
f 410/393/408 428/411/426 427/394/425
f 427/394/425 443/412/441 442/395/440
f 442/395/440 459/413/457 458/396/456
f 458/396/456 217/414/215 216/397/214
f 232/399/230 218/415/216 233/416/231
f 249/400/247 233/416/231 250/417/248
f 265/401/263 250/417/248 266/418/264
f 281/402/279 266/418/264 282/419/280
f 299/420/297 281/402/279 282/419/280
f 314/404/312 299/420/297 315/421/313
f 331/422/329 314/404/312 315/421/313
f 347/423/345 330/405/328 331/422/329
f 362/407/360 347/423/345 363/424/361
f 362/407/360 380/425/378 379/408/377
f 397/426/395 379/408/377 380/425/378
f 412/427/410 396/409/394 397/426/395
f 429/428/427 411/410/409 412/427/410
f 443/412/441 429/428/427 444/429/442
f 459/413/457 444/429/442 460/430/458
f 217/414/215 460/430/458 218/431/216
f 218/415/216 234/432/232 233/416/231
f 250/417/248 234/432/232 251/433/249
f 250/417/248 267/434/265 266/418/264
f 282/419/280 267/434/265 283/435/281
f 282/419/280 300/436/298 299/420/297
f 315/421/313 300/436/298 316/437/314
f 315/421/313 332/438/330 331/422/329
f 347/423/345 332/438/330 348/439/346
f 364/440/362 347/423/345 348/439/346
f 380/425/378 364/440/362 381/441/379
f 397/426/395 381/441/379 398/442/396
f 412/427/410 398/442/396 413/443/411
f 430/444/428 412/427/410 413/443/411
f 444/429/442 430/444/428 445/445/443
f 461/446/459 444/429/442 445/445/443
f 218/431/216 461/446/459 219/447/217
f 234/432/232 220/187/218 235/186/233
f 252/448/250 234/432/232 235/186/233
f 251/433/249 268/188/266 267/434/265
f 267/434/265 284/190/282 283/435/281
f 300/436/298 284/190/282 301/449/299
f 316/437/314 301/449/299 317/191/315
f 332/438/330 317/191/315 333/193/331
f 349/196/347 332/438/330 333/193/331
f 364/440/362 349/196/347 365/195/363
f 364/440/362 382/450/380 381/441/379
f 399/199/397 381/441/379 382/450/380
f 398/442/396 414/198/412 413/443/411
f 430/444/428 414/198/412 431/202/429
f 445/445/443 431/202/429 446/201/444
f 461/446/459 446/201/444 462/451/460
f 220/452/218 461/446/459 462/451/460
f 253/204/251 235/186/233 236/185/234
f 268/188/266 253/204/251 285/189/283
f 302/206/300 284/190/282 285/189/283
f 317/191/315 302/206/300 334/192/332
f 349/196/347 334/192/332 366/194/364
f 365/195/363 383/208/381 382/450/380
f 399/199/397 383/208/381 415/197/413
f 431/202/429 415/197/413 447/200/445
f 463/209/461 446/201/444 447/200/445
f 220/452/218 463/209/461 236/453/234
f 302/206/300 286/203/284 367/205/365
f 383/208/381 367/205/365 464/207/462
f 286/454/284 463/209/461 464/207/462
f 286/454/284 465/455/463 237/454/235
f 237/456/235 269/457/267 286/203/284
f 269/457/267 318/210/316 286/203/284
f 318/210/316 350/458/348 367/205/365
f 350/458/348 384/211/382 367/205/365
f 464/207/462 384/211/382 416/459/414
f 416/459/414 465/455/463 464/207/462
f 210/279/208 481/304/479 466/307/464
f 452/278/450 480/303/478 481/304/479
f 436/277/434 479/301/477 480/303/478
f 479/301/477 405/299/403 422/325/420
f 389/274/387 478/300/476 404/275/402
f 372/273/370 477/296/475 389/274/387
f 373/297/371 475/293/473 356/294/354
f 339/271/337 475/293/473 355/272/353
f 339/271/337 473/289/471 474/292/472
f 323/270/321 472/288/470 473/289/471
f 307/269/305 471/286/469 472/288/470
f 471/286/469 275/284/273 292/316/290
f 258/266/256 470/285/468 274/267/272
f 469/283/467 243/312/241 259/313/257
f 243/312/241 467/280/465 226/308/224
f 467/280/465 211/460/209 226/308/224
f 191/167/190 190/166/189 174/168/174
f 191/167/190 175/169/175 176/170/176
f 192/165/191 176/170/176 177/171/161
f 194/152/193 193/164/192 177/171/161
f 196/154/195 195/151/194 179/173/178
f 198/163/197 197/153/196 181/175/180
f 199/155/198 198/163/197 182/176/181
f 201/162/200 200/156/199 184/178/183
f 202/158/201 201/162/200 185/179/184
f 204/159/203 203/157/202 187/181/186
f 205/160/157 189/184/188 174/183/174
f 205/160/157 204/159/203 188/182/187
f 203/157/202 202/158/201 186/180/185
f 200/156/199 199/155/198 183/177/182
f 197/153/196 196/154/195 180/174/179
f 195/151/194 194/152/193 178/172/177
f 221/169/219 206/168/204 207/212/205
f 238/170/236 221/169/219 222/213/220
f 254/171/252 238/170/236 239/214/237
f 270/172/268 254/171/252 255/215/253
f 270/172/268 271/216/269 288/217/286
f 304/218/302 303/174/301 287/173/285
f 303/174/301 304/218/302 320/219/318
f 319/175/317 320/219/318 336/220/334
f 351/177/349 335/176/333 336/220/334
f 368/178/366 351/177/349 352/221/350
f 385/179/383 368/178/366 369/222/367
f 400/180/398 385/179/383 386/223/384
f 400/180/398 401/224/399 418/225/416
f 417/181/415 418/225/416 433/226/431
f 449/227/447 448/184/446 432/182/430
f 448/184/446 449/227/447 207/228/205
f 223/229/221 222/213/220 207/212/205
f 240/231/238 239/214/237 222/213/220
f 239/214/237 240/231/238 256/232/254
f 272/233/270 271/216/269 255/215/253
f 288/217/286 271/216/269 272/233/270
f 304/218/302 288/217/286 289/234/287
f 320/219/318 304/218/302 305/235/303
f 336/220/334 320/219/318 321/236/319
f 353/238/351 352/221/350 336/220/334
f 370/239/368 369/222/367 352/221/350
f 387/240/385 386/223/384 369/222/367
f 386/223/384 387/240/385 402/241/400
f 418/225/416 401/224/399 402/241/400
f 433/226/431 418/225/416 419/242/417
f 449/227/447 433/226/431 434/243/432
f 207/228/205 449/227/447 450/244/448
f 223/229/221 208/230/206 209/246/207
f 240/231/238 223/229/221 224/247/222
f 256/232/254 240/231/238 241/248/239
f 272/233/270 256/232/254 257/249/255
f 272/233/270 273/250/271 290/251/288
f 306/252/304 305/235/303 289/234/287
f 305/235/303 306/252/304 322/253/320
f 338/254/336 337/237/335 321/236/319
f 353/238/351 337/237/335 338/254/336
f 370/239/368 353/238/351 354/255/352
f 387/240/385 370/239/368 371/256/369
f 402/241/400 387/240/385 388/257/386
f 420/259/418 419/242/417 402/241/400
f 419/242/417 420/259/418 435/260/433
f 434/243/432 435/260/433 451/261/449
f 450/244/448 451/261/449 209/262/207
f 224/247/222 209/246/207 210/263/208
f 241/248/239 224/247/222 225/264/223
f 257/249/255 241/248/239 242/265/240
f 273/250/271 257/249/255 258/266/256
f 291/268/289 290/251/288 273/250/271
f 290/251/288 291/268/289 307/269/305
f 306/252/304 307/269/305 323/270/321
f 322/253/320 323/270/321 339/271/337
f 355/272/353 354/255/352 338/254/336
f 354/255/352 355/272/353 372/273/370
f 371/256/369 372/273/370 389/274/387
f 388/257/386 389/274/387 404/275/402
f 403/258/401 404/275/402 421/276/419
f 436/277/434 435/260/433 420/259/418
f 452/278/450 451/261/449 435/260/433
f 209/262/207 451/261/449 452/278/450
f 467/280/465 225/264/223 210/263/208
f 468/282/466 242/265/240 225/264/223
f 469/283/467 258/266/256 242/265/240
f 469/283/467 259/313/257 275/284/273
f 471/286/469 291/268/289 274/267/272
f 471/286/469 292/316/290 308/287/306
f 473/289/471 472/288/470 308/287/306
f 473/289/471 324/290/322 340/291/338
f 475/293/473 474/292/472 340/291/338
f 476/295/474 372/273/370 355/272/353
f 477/296/475 476/295/474 373/297/371
f 477/296/475 390/298/388 405/299/403
f 421/276/419 404/275/402 478/300/476
f 479/301/477 422/325/420 437/302/435
f 481/304/479 480/303/478 437/302/435
f 481/304/479 453/305/451 211/306/209
f 226/308/224 211/460/209 212/309/210
f 226/308/224 227/310/225 244/311/242
f 259/313/257 243/312/241 244/311/242
f 259/313/257 260/314/258 276/315/274
f 292/316/290 275/284/273 276/315/274
f 309/318/307 308/287/306 292/316/290
f 324/290/322 308/287/306 309/318/307
f 324/290/322 325/319/323 341/320/339
f 356/294/354 340/291/338 341/320/339
f 356/294/354 357/321/355 374/322/372
f 390/298/388 373/297/371 374/322/372
f 390/298/388 391/323/389 406/324/404
f 422/325/420 405/299/403 406/324/404
f 438/327/436 437/302/435 422/325/420
f 453/305/451 437/302/435 438/327/436
f 453/305/451 454/328/452 212/329/210
f 227/310/225 212/309/210 213/330/211
f 244/311/242 227/310/225 228/331/226
f 260/314/258 244/311/242 245/332/243
f 276/315/274 260/314/258 261/333/259
f 276/315/274 277/334/275 294/335/292
f 310/336/308 309/318/307 293/317/291
f 309/318/307 310/336/308 326/337/324
f 342/338/340 341/320/339 325/319/323
f 357/321/355 341/320/339 342/338/340
f 374/322/372 357/321/355 358/339/356
f 391/323/389 374/322/372 375/340/373
f 406/324/404 391/323/389 392/341/390
f 406/324/404 407/342/405 424/343/422
f 423/326/421 424/343/422 439/344/437
f 455/345/453 454/328/452 438/327/436
f 454/328/452 455/345/453 213/346/211
f 213/330/211 214/364/212 229/347/227
f 228/331/226 229/347/227 246/348/244
f 245/332/243 246/348/244 262/349/260
f 261/333/259 262/349/260 278/350/276
f 294/335/292 277/334/275 278/350/276
f 310/336/308 294/335/292 295/351/293
f 326/337/324 310/336/308 311/352/309
f 342/338/340 326/337/324 327/353/325
f 342/338/340 343/354/341 359/355/357
f 358/339/356 359/355/357 376/356/374
f 375/340/373 376/356/374 393/357/391
f 392/341/390 393/357/391 408/358/406
f 424/343/422 407/342/405 408/358/406
f 439/344/437 424/343/422 425/359/423
f 455/345/453 439/344/437 440/360/438
f 213/346/211 455/345/453 456/361/454
f 230/363/228 229/347/227 214/364/212
f 247/366/245 246/348/244 229/347/227
f 263/367/261 262/349/260 246/348/244
f 279/368/277 278/350/276 262/349/260
f 295/351/293 278/350/276 279/368/277
f 311/352/309 295/351/293 296/369/294
f 327/353/325 311/352/309 312/370/310
f 343/354/341 327/353/325 328/371/326
f 360/373/358 359/355/357 343/354/341
f 377/374/375 376/356/374 359/355/357
f 394/375/392 393/357/391 376/356/374
f 393/357/391 394/375/392 409/376/407
f 425/359/423 408/358/406 409/376/407
f 440/360/438 425/359/423 426/377/424
f 456/361/454 440/360/438 441/378/439
f 214/362/212 456/361/454 457/379/455
f 230/363/228 215/365/213 216/381/214
f 247/366/245 230/363/228 231/382/229
f 263/367/261 247/366/245 248/383/246
f 279/368/277 263/367/261 264/384/262
f 297/386/295 296/369/294 279/368/277
f 313/387/311 312/370/310 296/369/294
f 329/388/327 328/371/326 312/370/310
f 345/389/343 344/372/342 328/371/326
f 360/373/358 344/372/342 345/389/343
f 377/374/375 360/373/358 361/390/359
f 394/375/392 377/374/375 378/391/376
f 409/376/407 394/375/392 395/392/393
f 427/394/425 426/377/424 409/376/407
f 442/395/440 441/378/439 426/377/424
f 441/378/439 442/395/440 458/396/456
f 216/397/214 215/380/213 457/379/455
f 231/382/229 216/381/214 217/398/215
f 248/383/246 231/382/229 232/399/230
f 264/384/262 248/383/246 249/400/247
f 280/385/278 264/384/262 265/401/263
f 280/385/278 281/402/279 298/403/296
f 297/386/295 298/403/296 314/404/312
f 330/405/328 329/388/327 313/387/311
f 346/406/344 345/389/343 329/388/327
f 361/390/359 345/389/343 346/406/344
f 378/391/376 361/390/359 362/407/360
f 395/392/393 378/391/376 379/408/377
f 410/393/408 395/392/393 396/409/394
f 410/393/408 411/410/409 428/411/426
f 427/394/425 428/411/426 443/412/441
f 442/395/440 443/412/441 459/413/457
f 458/396/456 459/413/457 217/414/215
f 232/399/230 217/398/215 218/415/216
f 249/400/247 232/399/230 233/416/231
f 265/401/263 249/400/247 250/417/248
f 281/402/279 265/401/263 266/418/264
f 299/420/297 298/403/296 281/402/279
f 314/404/312 298/403/296 299/420/297
f 331/422/329 330/405/328 314/404/312
f 347/423/345 346/406/344 330/405/328
f 362/407/360 346/406/344 347/423/345
f 362/407/360 363/424/361 380/425/378
f 397/426/395 396/409/394 379/408/377
f 412/427/410 411/410/409 396/409/394
f 429/428/427 428/411/426 411/410/409
f 443/412/441 428/411/426 429/428/427
f 459/413/457 443/412/441 444/429/442
f 217/414/215 459/413/457 460/430/458
f 218/415/216 219/462/217 234/432/232
f 250/417/248 233/416/231 234/432/232
f 250/417/248 251/433/249 267/434/265
f 282/419/280 266/418/264 267/434/265
f 282/419/280 283/435/281 300/436/298
f 315/421/313 299/420/297 300/436/298
f 315/421/313 316/437/314 332/438/330
f 347/423/345 331/422/329 332/438/330
f 364/440/362 363/424/361 347/423/345
f 380/425/378 363/424/361 364/440/362
f 397/426/395 380/425/378 381/441/379
f 412/427/410 397/426/395 398/442/396
f 430/444/428 429/428/427 412/427/410
f 444/429/442 429/428/427 430/444/428
f 461/446/459 460/430/458 444/429/442
f 218/431/216 460/430/458 461/446/459
f 234/432/232 219/462/217 220/187/218
f 252/448/250 251/433/249 234/432/232
f 251/433/249 252/448/250 268/188/266
f 267/434/265 268/188/266 284/190/282
f 300/436/298 283/435/281 284/190/282
f 316/437/314 300/436/298 301/449/299
f 332/438/330 316/437/314 317/191/315
f 349/196/347 348/439/346 332/438/330
f 364/440/362 348/439/346 349/196/347
f 364/440/362 365/195/363 382/450/380
f 399/199/397 398/442/396 381/441/379
f 398/442/396 399/199/397 414/198/412
f 430/444/428 413/443/411 414/198/412
f 445/445/443 430/444/428 431/202/429
f 461/446/459 445/445/443 446/201/444
f 220/452/218 219/447/217 461/446/459
f 253/204/251 252/448/250 235/186/233
f 268/188/266 252/448/250 253/204/251
f 302/206/300 301/449/299 284/190/282
f 317/191/315 301/449/299 302/206/300
f 349/196/347 333/193/331 334/192/332
f 365/195/363 366/194/364 383/208/381
f 399/199/397 382/450/380 383/208/381
f 431/202/429 414/198/412 415/197/413
f 463/209/461 462/451/460 446/201/444
f 220/452/218 462/451/460 463/209/461
f 302/206/300 285/189/283 286/203/284
f 383/208/381 366/194/364 367/205/365
f 286/454/284 236/453/234 463/209/461
f 286/454/284 464/207/462 465/455/463
f 210/279/208 452/278/450 481/304/479
f 452/278/450 436/277/434 480/303/478
f 436/277/434 421/276/419 479/301/477
f 479/301/477 478/300/476 405/299/403
f 389/274/387 477/296/475 478/300/476
f 372/273/370 476/295/474 477/296/475
f 373/297/371 476/295/474 475/293/473
f 339/271/337 474/292/472 475/293/473
f 339/271/337 323/270/321 473/289/471
f 323/270/321 307/269/305 472/288/470
f 307/269/305 291/268/289 471/286/469
f 471/286/469 470/285/468 275/284/273
f 258/266/256 469/283/467 470/285/468
f 469/283/467 468/282/466 243/312/241
f 243/312/241 468/282/466 467/280/465
f 467/280/465 466/281/464 211/460/209
o Botella_Fernet.005
v 0.086597 -0.445231 -0.000181
v 0.082940 -0.459409 -0.000181
v 0.070574 -0.471224 -0.000181
v 0.028775 -0.476085 -0.000181
v 0.085761 -0.007856 -0.000181
v 0.081641 0.021649 -0.000050
v 0.051244 0.103629 -0.000181
v 0.038002 0.146794 -0.000181
v 0.026096 0.221445 -0.000184
v 0.078535 -0.445231 -0.038191
v 0.075156 -0.459409 -0.036879
v 0.063732 -0.471224 -0.032441
v 0.077763 -0.007856 -0.037891
v 0.074010 0.021649 -0.036292
v 0.045873 0.103629 -0.025502
v 0.033639 0.146794 -0.020750
v 0.022637 0.221659 -0.016478
v -0.019292 -0.468942 -0.000183
v 0.055578 -0.445231 -0.070415
v 0.052992 -0.459409 -0.067990
v 0.044248 -0.471224 -0.059789
v 0.020187 -0.476113 -0.026740
v 0.054987 -0.007856 -0.069861
v 0.052021 0.021965 -0.067079
v 0.030580 0.103629 -0.046969
v 0.021216 0.146794 -0.038187
v 0.012751 0.221525 -0.030340
v 0.021220 -0.445231 -0.091947
v 0.019821 -0.459409 -0.088778
v 0.015089 -0.471224 -0.078063
v -0.000907 -0.476085 -0.041844
v 0.020901 -0.007856 -0.091222
v 0.019336 0.021443 -0.087679
v 0.007691 0.103629 -0.061313
v 0.002624 0.146794 -0.049839
v -0.001936 0.221445 -0.039524
v -0.019307 -0.445231 -0.099507
v -0.019307 -0.459409 -0.096077
v -0.019307 -0.471224 -0.084480
v -0.019307 -0.007856 -0.098723
v -0.019168 0.021649 -0.094859
v -0.019307 0.103629 -0.066350
v -0.019307 0.146794 -0.053930
v -0.019248 0.221559 -0.042761
v -0.059835 -0.445231 -0.091947
v -0.058435 -0.459409 -0.088778
v -0.053703 -0.471224 -0.078063
v -0.028838 -0.476116 -0.044554
v -0.059515 -0.007856 -0.091222
v -0.057809 0.021649 -0.087703
v -0.046306 0.103629 -0.061313
v -0.041239 0.146794 -0.049839
v -0.036619 0.221529 -0.039550
v -0.094193 -0.445231 -0.070415
v -0.091607 -0.459409 -0.067990
v -0.082863 -0.471224 -0.059789
v -0.093602 -0.007856 -0.069861
v -0.090663 0.021899 -0.067086
v -0.069194 0.103629 -0.046969
v -0.059831 0.146794 -0.038187
v -0.051368 0.221559 -0.030329
v -0.117150 -0.445231 -0.038191
v -0.113771 -0.459409 -0.036879
v -0.102347 -0.471224 -0.032440
v -0.060155 -0.476097 -0.025714
v -0.116378 -0.007856 -0.037891
v -0.112595 0.021469 -0.036411
v -0.084488 0.103629 -0.025502
v -0.072254 0.146794 -0.020750
v -0.061230 0.221529 -0.016538
v -0.125211 -0.445231 -0.000181
v -0.121554 -0.459409 -0.000181
v -0.109189 -0.471224 -0.000181
v -0.124375 -0.007856 -0.000181
v -0.120256 0.021649 -0.000312
v -0.089858 0.103629 -0.000181
v -0.076616 0.146794 -0.000181
v -0.064705 0.221572 -0.000239
v -0.019320 -0.468938 -0.000192
v -0.117150 -0.445231 0.037830
v -0.113771 -0.459409 0.036517
v -0.102347 -0.471224 0.032079
v -0.066619 -0.476116 0.008759
v -0.116378 -0.007856 0.037530
v -0.112625 0.021649 0.035930
v -0.084488 0.103629 0.025141
v -0.072254 0.146794 0.020389
v -0.061274 0.221559 0.016063
v -0.094193 -0.445231 0.070054
v -0.091607 -0.459409 0.067629
v -0.082863 -0.471224 0.059428
v -0.053307 -0.476085 0.031707
v -0.093602 -0.007856 0.069500
v -0.090643 0.021899 0.066743
v -0.069194 0.103629 0.046608
v -0.059831 0.146794 0.037826
v -0.051464 0.221529 0.029886
v -0.059835 -0.445231 0.091585
v -0.058435 -0.459409 0.088416
v -0.053703 -0.471224 0.077702
v -0.059515 -0.007856 0.090861
v -0.057937 0.021469 0.087313
v -0.046306 0.103629 0.060952
v -0.041239 0.146794 0.049478
v -0.036738 0.221572 0.039134
v -0.019307 -0.445231 0.099146
v -0.019307 -0.459409 0.095716
v -0.019307 -0.471224 0.084119
v -0.028838 -0.476116 0.044193
v -0.019307 -0.007856 0.098362
v -0.019447 0.021649 0.094498
v -0.019307 0.103629 0.065989
v -0.019307 0.146794 0.053569
v -0.019366 0.221559 0.042400
v 0.021221 -0.445231 0.091585
v 0.019821 -0.459409 0.088416
v 0.015089 -0.471224 0.077702
v -0.000907 -0.476085 0.041483
v 0.020901 -0.007856 0.090861
v 0.019161 0.021746 0.087318
v 0.007691 0.103629 0.060952
v 0.002624 0.146794 0.049478
v -0.001996 0.221529 0.039189
v -0.019307 -0.477502 -0.000165
v 0.055578 -0.445231 0.070054
v 0.052992 -0.459409 0.067629
v 0.044248 -0.471224 0.059428
v 0.054987 -0.007856 0.069500
v 0.051975 0.021662 0.066854
v 0.030580 0.103629 0.046608
v 0.021216 0.146794 0.037826
v 0.012754 0.221559 0.029968
v 0.078535 -0.445231 0.037830
v 0.075156 -0.459409 0.036517
v 0.063732 -0.471224 0.032079
v 0.020234 -0.476097 0.026540
v 0.077763 -0.007856 0.037530
v 0.073903 0.021649 0.036173
v 0.045873 0.103629 0.025141
v 0.033639 0.146794 0.020389
v 0.022640 0.221643 0.016116
vn -0.9924 0.1233 -0.0000
vn -0.8696 0.4938 -0.0000
vn -0.4515 0.8923 -0.0000
vn -0.0021 1.0000 -0.0002
vn -0.9976 -0.0698 -0.0001
vn -0.9703 -0.2418 -0.0018
vn -0.9469 -0.3215 0.0001
vn -0.9738 -0.2274 -0.0000
vn -0.6873 -0.7264 0.0003
vn -0.9052 0.1219 0.4070
vn -0.7962 0.4880 0.3576
vn -0.4206 0.8888 0.1819
vn -0.9101 -0.0691 0.4086
vn -0.8863 -0.2392 0.3965
vn -0.8657 -0.3185 0.3862
vn -0.8899 -0.2253 0.3966
vn -0.6217 -0.7335 0.2747
vn -0.1263 0.9392 0.3193
vn -0.6721 0.1186 0.7309
vn -0.5969 0.4737 0.6476
vn -0.3270 0.8802 0.3439
vn -0.0069 1.0000 0.0006
vn -0.6763 -0.0677 0.7335
vn -0.6588 -0.2343 0.7149
vn -0.6461 -0.3122 0.6965
vn -0.6636 -0.2206 0.7148
vn -0.4955 -0.6855 0.5335
vn -0.3529 0.1153 0.9285
vn -0.3167 0.4586 0.8303
vn -0.1805 0.8708 0.4573
vn -0.0055 1.0000 0.0064
vn -0.3553 -0.0655 0.9324
vn -0.3468 -0.2266 0.9101
vn -0.3407 -0.3061 0.8889
vn -0.3500 -0.2163 0.9114
vn -0.2763 -0.6420 0.7152
vn -0.0000 0.1139 0.9935
vn -0.0000 0.4521 0.8920
vn -0.0004 0.8662 0.4998
vn 0.0003 -0.0650 0.9979
vn -0.0012 -0.2249 0.9744
vn -0.0001 -0.3039 0.9527
vn -0.0000 -0.2146 0.9767
vn -0.0013 -0.6354 0.7722
vn 0.3529 0.1153 0.9285
vn 0.3167 0.4586 0.8303
vn 0.1813 0.8711 0.4565
vn 0.0048 0.9999 0.0124
vn 0.3553 -0.0658 0.9324
vn 0.3454 -0.2269 0.9106
vn 0.3409 -0.3063 0.8888
vn 0.3499 -0.2163 0.9115
vn 0.2731 -0.6478 0.7112
vn 0.6721 0.1186 0.7309
vn 0.5969 0.4737 0.6476
vn 0.3258 0.8808 0.3437
vn 0.6762 -0.0676 0.7337
vn 0.6588 -0.2340 0.7150
vn 0.6461 -0.3122 0.6965
vn 0.6636 -0.2206 0.7148
vn 0.4954 -0.6859 0.5331
vn 0.9052 0.1219 0.4070
vn 0.7962 0.4880 0.3576
vn 0.4206 0.8890 0.1811
vn 0.0130 0.9999 0.0036
vn 0.9102 -0.0691 0.4084
vn 0.8859 -0.2387 0.3977
vn 0.8656 -0.3185 0.3864
vn 0.8899 -0.2254 0.3965
vn 0.6403 -0.7131 0.2856
vn 0.9924 0.1233 -0.0000
vn 0.8696 0.4938 -0.0000
vn 0.4509 0.8926 0.0014
vn 0.9976 -0.0697 -0.0000
vn 0.9703 -0.2419 0.0017
vn 0.9469 -0.3215 -0.0001
vn 0.9738 -0.2275 0.0001
vn 0.6842 -0.7293 0.0010
vn 0.0948 0.9304 0.3540
vn 0.9052 0.1219 -0.4070
vn 0.7962 0.4880 -0.3576
vn 0.4199 0.8889 -0.1831
vn 0.0469 0.9988 0.0148
vn 0.9101 -0.0690 -0.4086
vn 0.8863 -0.2393 -0.3964
vn 0.8657 -0.3185 -0.3862
vn 0.8900 -0.2253 -0.3965
vn 0.6365 -0.7178 -0.2821
vn 0.6721 0.1186 -0.7309
vn 0.5969 0.4737 -0.6476
vn 0.3260 0.8809 -0.3430
vn 0.0555 0.9967 -0.0598
vn 0.6763 -0.0675 -0.7336
vn 0.6587 -0.2340 -0.7151
vn 0.6461 -0.3122 -0.6965
vn 0.6636 -0.2205 -0.7148
vn 0.4970 -0.6859 -0.5316
vn 0.3529 0.1153 -0.9285
vn 0.3167 0.4586 -0.8303
vn 0.1813 0.8711 -0.4565
vn 0.3554 -0.0656 -0.9324
vn 0.3467 -0.2268 -0.9101
vn 0.3407 -0.3062 -0.8889
vn 0.3499 -0.2162 -0.9115
vn 0.2735 -0.6536 -0.7057
vn -0.0000 0.1139 -0.9935
vn -0.0000 0.4521 -0.8920
vn -0.0004 0.8662 -0.4998
vn 0.0172 0.9965 -0.0822
vn -0.0003 -0.0650 -0.9979
vn 0.0012 -0.2248 -0.9744
vn 0.0001 -0.3039 -0.9527
vn -0.0000 -0.2146 -0.9767
vn 0.0010 -0.6353 -0.7722
vn -0.3529 0.1153 -0.9285
vn -0.3167 0.4586 -0.8303
vn -0.1805 0.8708 -0.4573
vn -0.0300 0.9965 -0.0774
vn -0.3554 -0.0661 -0.9324
vn -0.3453 -0.2274 -0.9105
vn -0.3409 -0.3063 -0.8888
vn -0.3499 -0.2163 -0.9115
vn -0.2731 -0.6478 -0.7112
vn -0.1560 0.5394 0.8275
vn -0.6721 0.1186 -0.7309
vn -0.5969 0.4737 -0.6476
vn -0.3270 0.8802 -0.3439
vn -0.6762 -0.0676 -0.7336
vn -0.6578 -0.2328 -0.7163
vn -0.6460 -0.3122 -0.6966
vn -0.6636 -0.2206 -0.7148
vn -0.4954 -0.6859 -0.5330
vn -0.9052 0.1219 -0.4070
vn -0.7962 0.4880 -0.3576
vn -0.4206 0.8888 -0.1819
vn -0.0500 0.9987 -0.0119
vn -0.9103 -0.0692 -0.4082
vn -0.8852 -0.2389 -0.3991
vn -0.8656 -0.3187 -0.3862
vn -0.8899 -0.2253 -0.3966
vn -0.6250 -0.7304 -0.2755
vt 0.751599 -0.432501
vt 0.900517 -0.430945
vt 0.968750 -0.432501
vt 0.125000 -0.412651
vt 0.062500 -0.397097
vt 0.125000 -0.397097
vt 0.187500 -0.412651
vt 0.187500 -0.397097
vt 0.250000 -0.412651
vt 0.250000 -0.397097
vt 0.312500 -0.397097
vt 0.312500 -0.412651
vt 0.375000 -0.397097
vt 0.375000 -0.412651
vt 0.437500 -0.397097
vt 0.500000 -0.397097
vt 0.437500 -0.412651
vt 0.562500 -0.412651
vt 0.562500 -0.397097
vt 0.625000 -0.412651
vt 0.625000 -0.397097
vt 0.687500 -0.412651
vt 0.687500 -0.397097
vt 0.750000 -0.412651
vt 0.750000 -0.397097
vt 0.812500 -0.397097
vt 0.812500 -0.412651
vt 0.875000 -0.397097
vt 0.875000 -0.412651
vt 0.937500 -0.397097
vt 0.937500 -0.412651
vt 1.000000 -0.397097
vt 1.000000 -0.412651
vt 0.062500 -0.425613
vt 0.000000 -0.412651
vt 0.062500 -0.412651
vt 0.125000 -0.425613
vt 0.187500 -0.425613
vt 0.250000 -0.425613
vt 0.312500 -0.425613
vt 0.375000 -0.425613
vt 0.437500 -0.425613
vt 0.500000 -0.412651
vt 0.500000 -0.425613
vt 0.562500 -0.425613
vt 0.625000 -0.425613
vt 0.687500 -0.425613
vt 0.750000 -0.425613
vt 0.812500 -0.425613
vt 0.875000 -0.425613
vt 0.937500 -0.425613
vt 1.000000 -0.425613
vt 0.000000 -0.430945
vt 0.000000 -0.425613
vt 0.187500 -0.430945
vt 0.099094 -0.430945
vt 0.281643 -0.430945
vt 0.406440 -0.430945
vt 0.625000 -0.430945
vt 0.531643 -0.430945
vt 0.718357 -0.430945
vt 0.812500 -0.430945
vt 1.000000 -0.430945
vt 0.046876 -0.432501
vt 0.378049 -0.432501
vt 0.000000 -0.397097
vt 0.062500 0.073348
vt 0.125000 0.073348
vt 0.187500 0.073348
vt 0.250000 0.073348
vt 0.312500 0.073348
vt 0.375000 0.073348
vt 0.437500 0.073348
vt 0.500000 0.073348
vt 0.562500 0.073348
vt 0.625000 0.073348
vt 0.687500 0.073348
vt 0.750000 0.073348
vt 0.812500 0.073348
vt 0.875000 0.073348
vt 0.937500 0.073348
vt 1.000000 0.073348
vt 0.000000 0.073348
vt 0.062500 0.105656
vt 0.125000 0.105989
vt 0.187500 0.105443
vt 0.250000 0.105656
vt 0.312500 0.105656
vt 0.375000 0.105917
vt 0.437500 0.105472
vt 0.500000 0.105656
vt 0.562500 0.105656
vt 0.625000 0.105917
vt 0.687500 0.105472
vt 0.750000 0.105656
vt 0.812500 0.105762
vt 0.875000 0.105669
vt 0.937500 0.105656
vt 1.000000 0.105656
vt 0.000000 0.105656
vt 0.062500 0.195656
vt 0.125000 0.195656
vt 0.187500 0.195656
vt 0.250000 0.195656
vt 0.312500 0.195656
vt 0.375000 0.195656
vt 0.437500 0.195656
vt 0.500000 0.195656
vt 0.562500 0.195656
vt 0.625000 0.195656
vt 0.687500 0.195656
vt 0.750000 0.195656
vt 0.812500 0.195656
vt 0.875000 0.195656
vt 0.937500 0.195656
vt 1.000000 0.195656
vt 0.062500 0.243012
vt 0.000000 0.195656
vt 0.000000 0.243012
vt 0.125000 0.243012
vt 0.187500 0.243012
vt 0.250000 0.243012
vt 0.312500 0.243012
vt 0.375000 0.243012
vt 0.437500 0.243012
vt 0.500000 0.243012
vt 0.562500 0.243012
vt 0.625000 0.243012
vt 0.687500 0.243012
vt 0.750000 0.243012
vt 0.812500 0.243012
vt 0.875000 0.243012
vt 0.937500 0.243012
vt 1.000000 0.243012
vt 0.062500 0.314386
vt 0.125000 0.314243
vt 0.187500 0.314159
vt 0.250000 0.314281
vt 0.312500 0.314248
vt 0.375000 0.314280
vt 0.437500 0.314248
vt 0.500000 0.314294
vt 0.562500 0.314281
vt 0.625000 0.314248
vt 0.687500 0.314294
vt 0.750000 0.314280
vt 0.812500 0.314248
vt 0.875000 0.314281
vt 0.937500 0.314370
vt 1.000000 0.314159
vt 0.000000 0.314159
s 1
usemtl Interior
f 605/463/603 617/464/615 499/465/497
f 501/466/499 491/467/489 500/468/498
f 510/469/508 500/468/498 509/470/507
f 519/471/517 509/470/507 518/472/516
f 519/471/517 526/473/524 527/474/525
f 527/474/525 535/475/533 536/476/534
f 543/477/541 536/476/534 535/475/533
f 552/478/550 544/479/542 543/477/541
f 562/480/560 552/478/550 561/481/559
f 571/482/569 561/481/559 570/483/568
f 580/484/578 570/483/568 579/485/577
f 588/486/586 579/485/577 587/487/585
f 588/486/586 596/488/594 597/489/595
f 597/489/595 606/490/604 607/491/605
f 607/491/605 614/492/612 615/493/613
f 615/493/613 482/494/480 483/495/481
f 493/496/491 483/497/481 492/498/490
f 502/499/500 492/498/490 501/466/499
f 511/500/509 501/466/499 510/469/508
f 520/501/518 510/469/508 519/471/517
f 527/474/525 520/501/518 519/471/517
f 536/476/534 528/502/526 527/474/525
f 544/479/542 537/503/535 536/476/534
f 545/504/543 553/505/551 554/506/552
f 563/507/561 553/505/551 562/480/560
f 572/508/570 562/480/560 571/482/569
f 581/509/579 571/482/569 580/484/578
f 589/510/587 580/484/578 588/486/586
f 589/510/587 597/489/595 598/511/596
f 598/511/596 607/491/605 608/512/606
f 615/493/613 608/512/606 607/491/605
f 616/513/614 483/495/481 484/514/482
f 493/496/491 485/515/483 484/516/482
f 512/517/510 502/499/500 511/500/509
f 503/518/501 493/496/491 502/499/500
f 520/501/518 512/517/510 511/500/509
f 529/519/527 537/503/535 546/520/544
f 520/501/518 528/502/526 529/519/527
f 554/506/552 546/520/544 545/504/543
f 546/520/544 537/503/535 545/504/543
f 573/521/571 563/507/561 572/508/570
f 554/506/552 563/507/561 564/522/562
f 590/523/588 572/508/570 581/509/579
f 599/524/597 589/510/587 598/511/596
f 581/509/579 589/510/587 590/523/588
f 599/524/597 608/512/606 617/464/615
f 485/525/483 616/513/614 484/514/482
f 608/512/606 616/513/614 617/464/615
f 512/517/510 499/526/497 503/518/501
f 499/526/497 485/515/483 503/518/501
f 605/463/603 564/522/562 573/521/571
f 512/517/510 529/519/527 560/527/558
f 529/519/527 546/520/544 560/527/558
f 546/520/544 564/522/562 560/527/558
f 482/528/480 494/529/492 491/467/489
f 605/463/603 573/521/571 590/523/588
f 605/463/603 590/523/588 599/524/597
f 599/524/597 617/464/615 605/463/603
f 499/465/497 617/464/615 485/525/483
f 491/467/489 504/530/502 500/468/498
f 500/468/498 513/531/511 509/470/507
f 509/470/507 521/532/519 518/472/516
f 526/473/524 521/532/519 530/533/528
f 535/475/533 530/533/528 538/534/536
f 543/477/541 538/534/536 547/535/545
f 552/478/550 547/535/545 555/536/553
f 552/478/550 565/537/563 561/481/559
f 561/481/559 574/538/572 570/483/568
f 570/483/568 582/539/580 579/485/577
f 579/485/577 591/540/589 587/487/585
f 596/488/594 591/540/589 600/541/598
f 606/490/604 600/541/598 609/542/607
f 614/492/612 609/542/607 618/543/616
f 482/494/480 618/543/616 486/544/484
f 486/545/484 495/546/493 494/529/492
f 494/529/492 505/547/503 504/530/502
f 514/548/512 504/530/502 505/547/503
f 513/531/511 522/549/520 521/532/519
f 530/533/528 522/549/520 531/550/529
f 538/534/536 531/550/529 539/551/537
f 547/535/545 539/551/537 548/552/546
f 555/536/553 548/552/546 556/553/554
f 555/536/553 566/554/564 565/537/563
f 565/537/563 575/555/573 574/538/572
f 574/538/572 583/556/581 582/539/580
f 582/539/580 592/557/590 591/540/589
f 600/541/598 592/557/590 601/558/599
f 609/542/607 601/558/599 610/559/608
f 618/543/616 610/559/608 619/560/617
f 486/544/484 619/560/617 487/561/485
f 487/562/485 496/563/494 495/546/493
f 492/498/490 482/528/480 491/467/489
f 495/546/493 506/564/504 505/547/503
f 515/565/513 505/547/503 506/564/504
f 514/548/512 523/566/521 522/549/520
f 531/550/529 523/566/521 532/567/530
f 539/551/537 532/567/530 540/568/538
f 548/552/546 540/568/538 549/569/547
f 556/553/554 549/569/547 557/570/555
f 556/553/554 567/571/565 566/554/564
f 566/554/564 576/572/574 575/555/573
f 584/573/582 575/555/573 576/572/574
f 583/556/581 593/574/591 592/557/590
f 601/558/599 593/574/591 602/575/600
f 610/559/608 602/575/600 611/576/609
f 619/560/617 611/576/609 620/577/618
f 487/561/485 620/577/618 488/578/486
f 497/579/495 488/580/486 489/581/487
f 496/563/494 507/582/505 506/564/504
f 506/564/504 516/583/514 515/565/513
f 524/584/522 515/565/513 516/583/514
f 532/567/530 524/584/522 533/585/531
f 540/568/538 533/585/531 541/586/539
f 549/569/547 541/586/539 550/587/548
f 557/570/555 550/587/548 558/588/556
f 557/570/555 568/589/566 567/571/565
f 577/590/575 567/571/565 568/589/566
f 576/572/574 585/591/583 584/573/582
f 594/592/592 584/573/582 585/591/583
f 602/575/600 594/592/592 603/593/601
f 611/576/609 603/593/601 612/594/610
f 620/577/618 612/594/610 621/595/619
f 488/578/486 621/595/619 489/596/487
f 489/581/487 498/597/496 497/579/495
f 508/598/506 497/579/495 498/597/496
f 517/599/515 507/582/505 508/598/506
f 516/583/514 525/600/523 524/584/522
f 533/585/531 525/600/523 534/601/532
f 541/586/539 534/601/532 542/602/540
f 550/587/548 542/602/540 551/603/549
f 558/588/556 551/603/549 559/604/557
f 558/588/556 569/605/567 568/589/566
f 568/589/566 578/606/576 577/590/575
f 577/590/575 586/607/584 585/591/583
f 585/591/583 595/608/593 594/592/592
f 603/593/601 595/608/593 604/609/602
f 612/594/610 604/609/602 613/610/611
f 621/595/619 613/610/611 622/611/620
f 489/596/487 622/611/620 490/612/488
f 578/606/576 542/602/540 508/598/506
f 501/466/499 492/498/490 491/467/489
f 510/469/508 501/466/499 500/468/498
f 519/471/517 510/469/508 509/470/507
f 519/471/517 518/472/516 526/473/524
f 527/474/525 526/473/524 535/475/533
f 543/477/541 544/479/542 536/476/534
f 552/478/550 553/505/551 544/479/542
f 562/480/560 553/505/551 552/478/550
f 571/482/569 562/480/560 561/481/559
f 580/484/578 571/482/569 570/483/568
f 588/486/586 580/484/578 579/485/577
f 588/486/586 587/487/585 596/488/594
f 597/489/595 596/488/594 606/490/604
f 607/491/605 606/490/604 614/492/612
f 615/493/613 614/492/612 482/494/480
f 493/496/491 484/516/482 483/497/481
f 502/499/500 493/496/491 492/498/490
f 511/500/509 502/499/500 501/466/499
f 520/501/518 511/500/509 510/469/508
f 527/474/525 528/502/526 520/501/518
f 536/476/534 537/503/535 528/502/526
f 544/479/542 545/504/543 537/503/535
f 545/504/543 544/479/542 553/505/551
f 563/507/561 554/506/552 553/505/551
f 572/508/570 563/507/561 562/480/560
f 581/509/579 572/508/570 571/482/569
f 589/510/587 581/509/579 580/484/578
f 589/510/587 588/486/586 597/489/595
f 598/511/596 597/489/595 607/491/605
f 615/493/613 616/513/614 608/512/606
f 616/513/614 615/493/613 483/495/481
f 493/496/491 503/518/501 485/515/483
f 512/517/510 503/518/501 502/499/500
f 520/501/518 529/519/527 512/517/510
f 529/519/527 528/502/526 537/503/535
f 554/506/552 564/522/562 546/520/544
f 573/521/571 564/522/562 563/507/561
f 590/523/588 573/521/571 572/508/570
f 599/524/597 590/523/588 589/510/587
f 599/524/597 598/511/596 608/512/606
f 485/525/483 617/464/615 616/513/614
f 512/517/510 560/527/558 499/526/497
f 605/463/603 560/527/558 564/522/562
f 482/528/480 486/545/484 494/529/492
f 491/467/489 494/529/492 504/530/502
f 500/468/498 504/530/502 513/531/511
f 509/470/507 513/531/511 521/532/519
f 526/473/524 518/472/516 521/532/519
f 535/475/533 526/473/524 530/533/528
f 543/477/541 535/475/533 538/534/536
f 552/478/550 543/477/541 547/535/545
f 552/478/550 555/536/553 565/537/563
f 561/481/559 565/537/563 574/538/572
f 570/483/568 574/538/572 582/539/580
f 579/485/577 582/539/580 591/540/589
f 596/488/594 587/487/585 591/540/589
f 606/490/604 596/488/594 600/541/598
f 614/492/612 606/490/604 609/542/607
f 482/494/480 614/492/612 618/543/616
f 486/545/484 487/562/485 495/546/493
f 494/529/492 495/546/493 505/547/503
f 514/548/512 513/531/511 504/530/502
f 513/531/511 514/548/512 522/549/520
f 530/533/528 521/532/519 522/549/520
f 538/534/536 530/533/528 531/550/529
f 547/535/545 538/534/536 539/551/537
f 555/536/553 547/535/545 548/552/546
f 555/536/553 556/553/554 566/554/564
f 565/537/563 566/554/564 575/555/573
f 574/538/572 575/555/573 583/556/581
f 582/539/580 583/556/581 592/557/590
f 600/541/598 591/540/589 592/557/590
f 609/542/607 600/541/598 601/558/599
f 618/543/616 609/542/607 610/559/608
f 486/544/484 618/543/616 619/560/617
f 487/562/485 488/580/486 496/563/494
f 492/498/490 483/497/481 482/528/480
f 495/546/493 496/563/494 506/564/504
f 515/565/513 514/548/512 505/547/503
f 514/548/512 515/565/513 523/566/521
f 531/550/529 522/549/520 523/566/521
f 539/551/537 531/550/529 532/567/530
f 548/552/546 539/551/537 540/568/538
f 556/553/554 548/552/546 549/569/547
f 556/553/554 557/570/555 567/571/565
f 566/554/564 567/571/565 576/572/574
f 584/573/582 583/556/581 575/555/573
f 583/556/581 584/573/582 593/574/591
f 601/558/599 592/557/590 593/574/591
f 610/559/608 601/558/599 602/575/600
f 619/560/617 610/559/608 611/576/609
f 487/561/485 619/560/617 620/577/618
f 497/579/495 496/563/494 488/580/486
f 496/563/494 497/579/495 507/582/505
f 506/564/504 507/582/505 516/583/514
f 524/584/522 523/566/521 515/565/513
f 532/567/530 523/566/521 524/584/522
f 540/568/538 532/567/530 533/585/531
f 549/569/547 540/568/538 541/586/539
f 557/570/555 549/569/547 550/587/548
f 557/570/555 558/588/556 568/589/566
f 577/590/575 576/572/574 567/571/565
f 576/572/574 577/590/575 585/591/583
f 594/592/592 593/574/591 584/573/582
f 602/575/600 593/574/591 594/592/592
f 611/576/609 602/575/600 603/593/601
f 620/577/618 611/576/609 612/594/610
f 488/578/486 620/577/618 621/595/619
f 489/581/487 490/613/488 498/597/496
f 508/598/506 507/582/505 497/579/495
f 517/599/515 516/583/514 507/582/505
f 516/583/514 517/599/515 525/600/523
f 533/585/531 524/584/522 525/600/523
f 541/586/539 533/585/531 534/601/532
f 550/587/548 541/586/539 542/602/540
f 558/588/556 550/587/548 551/603/549
f 558/588/556 559/604/557 569/605/567
f 568/589/566 569/605/567 578/606/576
f 577/590/575 578/606/576 586/607/584
f 585/591/583 586/607/584 595/608/593
f 603/593/601 594/592/592 595/608/593
f 612/594/610 603/593/601 604/609/602
f 621/595/619 612/594/610 613/610/611
f 489/596/487 621/595/619 622/611/620
f 508/598/506 498/597/496 490/612/488
f 490/612/488 622/611/620 613/610/611
f 613/610/611 604/609/602 595/608/593
f 595/608/593 586/607/584 578/606/576
f 578/606/576 569/605/567 559/604/557
f 559/604/557 551/603/549 542/602/540
f 542/602/540 534/601/532 525/600/523
f 525/600/523 517/599/515 508/598/506
f 508/598/506 490/612/488 613/610/611
f 613/610/611 595/608/593 578/606/576
f 578/606/576 559/604/557 542/602/540
f 542/602/540 525/600/523 508/598/506
f 508/598/506 613/610/611 578/606/576
o Etiqueta_delantera
v 0.000158 -0.437278 0.102463
v -0.000958 -0.437278 -0.103016
v -0.001797 -0.231385 0.102463
v 0.096977 -0.437278 -0.000276
v -0.002914 -0.231385 -0.103016
v 0.096199 -0.025492 -0.000276
v 0.096588 -0.231385 -0.000276
v -0.000820 -0.334332 0.102463
v 0.080541 -0.437278 -0.051646
v 0.080690 -0.437278 0.051093
v -0.001936 -0.334332 -0.103016
v 0.096394 -0.128439 -0.000276
v 0.096783 -0.334332 -0.000276
v 0.080231 -0.231385 0.051093
v 0.080083 -0.231385 -0.051646
v 0.080312 -0.334332 -0.051646
v 0.080460 -0.334332 0.051093
v 0.064736 -0.128439 0.072521
v 0.064588 -0.128439 -0.073074
v -0.000331 -0.385805 0.102463
v 0.060025 -0.437278 -0.077331
v -0.002286 -0.179912 0.102463
v 0.091574 -0.437278 0.025408
v -0.002425 -0.282858 -0.103016
v 0.088480 -0.025492 -0.036675
v 0.096297 -0.076966 -0.000276
v 0.096686 -0.282858 -0.000276
v 0.059670 -0.231385 0.076778
v 0.091141 -0.231385 -0.025961
v -0.001309 -0.282858 0.102463
v 0.091530 -0.437278 -0.025961
v -0.003402 -0.179912 -0.103016
v 0.088524 -0.025492 0.036122
v 0.060357 -0.437278 0.076778
v -0.001447 -0.385805 -0.103016
v 0.096491 -0.179912 -0.000276
v 0.096880 -0.385805 -0.000276
v 0.091185 -0.231385 0.025409
v 0.059338 -0.231385 -0.077331
v 0.080197 -0.282858 -0.051646
v 0.080427 -0.385805 -0.051646
v 0.091336 -0.334332 -0.025961
v 0.059681 -0.334332 -0.077331
v 0.080346 -0.282858 0.051093
v 0.080575 -0.385805 0.051093
v 0.060014 -0.334332 0.076778
v 0.091380 -0.334332 0.025408
v 0.064621 -0.076966 0.072521
v 0.075879 -0.179912 0.057041
v 0.088718 -0.128439 0.036122
v 0.064473 -0.076966 -0.073074
v 0.075730 -0.179912 -0.057594
v 0.088674 -0.128439 -0.036675
v 0.059166 -0.179912 -0.077331
v 0.090413 -0.179912 -0.028935
v 0.088577 -0.076966 -0.036675
v 0.090457 -0.179912 0.028382
v 0.059499 -0.179912 0.076778
v 0.091477 -0.385805 0.025408
v 0.060185 -0.385805 0.076778
v 0.059842 -0.282858 0.076778
v 0.059853 -0.385805 -0.077331
v 0.091433 -0.385805 -0.025961
v 0.091238 -0.282858 -0.025961
v 0.059510 -0.282858 -0.077331
v 0.091282 -0.282858 0.025408
v 0.088621 -0.076966 0.036122
v -0.000086 -0.411541 0.102463
v 0.039532 -0.437278 -0.090174
v -0.002042 -0.205649 0.102463
v 0.094298 -0.437278 0.012566
v -0.002669 -0.257122 -0.103016
v 0.092340 -0.025492 -0.018476
v 0.096248 -0.051229 -0.000276
v 0.096637 -0.257122 -0.000276
v 0.039177 -0.231385 0.089621
v 0.093865 -0.231385 -0.013119
v -0.001064 -0.308595 0.102463
v 0.088806 -0.437278 -0.038804
v 0.077472 -0.025492 0.054322
v 0.071540 -0.437278 0.063936
v -0.001691 -0.360068 -0.103016
v 0.096443 -0.154175 -0.000276
v 0.096832 -0.360068 -0.000276
v 0.088462 -0.231385 0.038251
v 0.070933 -0.231385 -0.064489
v 0.080140 -0.257122 -0.051646
v 0.080369 -0.360068 -0.051646
v 0.094059 -0.334332 -0.013119
v 0.071163 -0.334332 -0.064489
v 0.080288 -0.257122 0.051093
v 0.080518 -0.360068 0.051093
v 0.039521 -0.334332 0.089621
v 0.088656 -0.334332 0.038251
v 0.064564 -0.051229 0.072521
v 0.064793 -0.154175 0.072521
v 0.077702 -0.128439 0.054322
v 0.064416 -0.051229 -0.073074
v 0.064645 -0.154175 -0.073074
v 0.092534 -0.128439 -0.018476
v -0.000575 -0.360068 0.102463
v 0.071392 -0.437278 -0.064489
v 0.088851 -0.437278 0.038251
v -0.002180 -0.308595 -0.103016
v 0.077324 -0.025492 -0.054874
v 0.096345 -0.102702 -0.000276
v 0.096734 -0.308595 -0.000276
v 0.071082 -0.231385 0.063936
v 0.088417 -0.231385 -0.038804
v -0.001553 -0.257122 0.102463
v 0.094254 -0.437278 -0.013119
v -0.003158 -0.205649 -0.103016
v 0.092384 -0.025492 0.017923
v 0.039864 -0.437278 0.089621
v -0.001202 -0.411541 -0.103016
v 0.096540 -0.205649 -0.000276
v 0.096929 -0.411541 -0.000276
v 0.093909 -0.231385 0.012566
v 0.038845 -0.231385 -0.090174
v 0.080255 -0.308595 -0.051646
v 0.080484 -0.411541 -0.051646
v 0.088612 -0.334332 -0.038804
v 0.039188 -0.334332 -0.090174
v 0.080403 -0.308595 0.051093
v 0.080632 -0.411541 0.051093
v 0.071311 -0.334332 0.063936
v 0.094103 -0.334332 0.012566
v 0.064679 -0.102702 0.072521
v 0.080174 -0.205649 0.051093
v 0.092578 -0.128439 0.017923
v 0.064530 -0.102702 -0.073074
v 0.080025 -0.205649 -0.051646
v 0.077553 -0.128439 -0.054874
v 0.059252 -0.205649 -0.077331
v 0.070819 -0.179912 -0.064489
v 0.038673 -0.179912 -0.090174
v 0.088723 -0.154175 -0.036675
v 0.091092 -0.205649 -0.025961
v 0.093452 -0.179912 -0.014606
v 0.085939 -0.179912 -0.043265
v 0.088528 -0.051229 -0.036675
v 0.088626 -0.102702 -0.036675
v 0.092437 -0.076966 -0.018476
v 0.077439 -0.076966 -0.054874
v 0.088767 -0.154175 0.036122
v 0.091137 -0.205649 0.025409
v 0.086087 -0.179912 0.042712
v 0.093496 -0.179912 0.014053
v 0.059584 -0.205649 0.076778
v 0.039006 -0.179912 0.089621
v 0.070967 -0.179912 0.063936
v 0.091428 -0.360068 0.025408
v 0.091526 -0.411541 0.025408
v 0.088753 -0.385805 0.038251
v 0.094201 -0.385805 0.012566
v 0.060099 -0.360068 0.076778
v 0.060271 -0.411541 0.076778
v 0.039692 -0.385805 0.089621
v 0.071426 -0.385805 0.063936
v 0.059756 -0.257122 0.076778
v 0.059928 -0.308595 0.076778
v 0.039349 -0.282858 0.089621
v 0.071196 -0.282858 0.063936
v 0.059767 -0.360068 -0.077331
v 0.059939 -0.411541 -0.077331
v 0.071277 -0.385805 -0.064489
v 0.039360 -0.385805 -0.090174
v 0.091384 -0.360068 -0.025961
v 0.091481 -0.411541 -0.025961
v 0.094156 -0.385805 -0.013119
v 0.088709 -0.385805 -0.038804
v 0.091190 -0.257122 -0.025961
v 0.091287 -0.308595 -0.025961
v 0.093962 -0.282858 -0.013119
v 0.088515 -0.282858 -0.038804
v 0.059424 -0.257122 -0.077331
v 0.059596 -0.308595 -0.077331
v 0.071048 -0.282858 -0.064489
v 0.039017 -0.282858 -0.090174
v 0.091234 -0.257122 0.025409
v 0.091331 -0.308595 0.025408
v 0.088559 -0.282858 0.038251
v 0.094006 -0.282858 0.012566
v 0.088573 -0.051229 0.036122
v 0.088670 -0.102702 0.036122
v 0.077587 -0.076966 0.054322
v 0.092481 -0.076966 0.017923
v 0.092530 -0.102702 0.017923
v 0.077644 -0.102702 0.054322
v 0.077530 -0.051229 0.054322
v 0.094055 -0.308595 0.012566
v 0.088607 -0.308595 0.038251
v 0.088510 -0.257122 0.038251
v 0.039103 -0.308595 -0.090174
v 0.071105 -0.308595 -0.064489
v 0.070991 -0.257122 -0.064489
v 0.088563 -0.308595 -0.038804
v 0.094011 -0.308595 -0.013119
v 0.093913 -0.257122 -0.013119
v 0.088758 -0.411541 -0.038804
v 0.094205 -0.411541 -0.013119
v 0.094108 -0.360068 -0.013119
v 0.039446 -0.411541 -0.090174
v 0.071335 -0.411541 -0.064489
v 0.071220 -0.360068 -0.064489
v 0.071254 -0.308595 0.063936
v 0.039435 -0.308595 0.089621
v 0.039263 -0.257122 0.089621
v 0.071483 -0.411541 0.063936
v 0.039778 -0.411541 0.089621
v 0.039607 -0.360068 0.089621
v 0.094249 -0.411541 0.012566
v 0.088802 -0.411541 0.038251
v 0.088705 -0.360068 0.038251
v 0.071024 -0.205649 0.063936
v 0.039092 -0.205649 0.089621
v 0.093860 -0.205649 0.012566
v 0.088413 -0.205649 0.038251
v 0.077759 -0.154175 0.054322
v 0.077496 -0.102702 -0.054874
v 0.092486 -0.102702 -0.018476
v 0.092388 -0.051229 -0.018476
v 0.088369 -0.205649 -0.038804
v 0.093816 -0.205649 -0.013119
v 0.092583 -0.154175 -0.018476
v 0.038759 -0.205649 -0.090174
v 0.070876 -0.205649 -0.064489
v 0.077611 -0.154175 -0.054874
v 0.077381 -0.051229 -0.054874
v 0.092627 -0.154175 0.017923
v 0.094152 -0.360068 0.012566
v 0.071368 -0.360068 0.063936
v 0.071139 -0.257122 0.063936
v 0.039274 -0.360068 -0.090174
v 0.088660 -0.360068 -0.038804
v 0.088466 -0.257122 -0.038804
v 0.038931 -0.257122 -0.090174
v 0.093958 -0.257122 0.012566
v 0.092432 -0.051229 0.017923
vn 0.9787 0.0018 0.2052
vn 0.9789 0.0018 0.2042
vn 0.2950 0.0010 -0.9555
vn 0.8391 0.0016 -0.5440
vn 0.8401 0.0016 -0.5424
vn 0.2991 0.0010 -0.9542
vn 0.8144 0.0018 0.5802
vn 0.8144 0.0018 -0.5802
vn 0.7414 0.0017 -0.6711
vn 0.2929 0.0010 -0.9561
vn 0.9782 0.0018 -0.2075
vn 0.8385 -0.0153 -0.5447
vn 0.8555 0.0019 0.5178
vn 0.9559 0.0358 0.2915
vn 0.9788 0.0020 0.2046
vn 0.5310 0.0018 0.8474
vn 0.9782 0.0018 0.2075
vn 0.7463 0.0017 -0.6656
vn 0.7480 0.0017 -0.6637
vn 0.3013 0.0010 -0.9535
vn 0.8406 0.0016 -0.5416
vn 0.8396 0.0016 -0.5432
vn 0.7430 0.0017 -0.6692
vn 0.7447 0.0017 -0.6674
vn 0.2970 0.0010 -0.9549
vn 0.8547 0.0019 0.5190
vn 0.8551 0.0019 0.5185
vn 0.8553 0.0019 0.5181
vn 0.8549 0.0019 0.5187
vn 0.8425 0.0019 0.5388
vn 0.8427 0.0019 0.5384
vn 0.8419 0.0019 0.5396
vn 0.8422 0.0019 0.5392
vn 0.5310 0.0018 -0.8474
vn 0.2981 0.0010 -0.9545
vn 0.7455 0.0017 -0.6665
vn 0.7439 0.0017 -0.6683
vn 0.8399 0.0016 -0.5428
vn 0.8409 0.0016 -0.5412
vn 0.3023 0.0010 -0.9532
vn 0.7488 0.0017 -0.6628
vn 0.7472 0.0017 -0.6647
vn 0.7492 0.0025 0.6624
vn 0.7500 0.0025 0.6614
vn 0.3012 0.0029 0.9536
vn 0.3023 0.0029 0.9532
vn 0.2991 0.0028 0.9542
vn 0.3001 0.0029 0.9539
vn 0.7525 0.0025 0.6586
vn 0.7533 0.0025 0.6577
vn 0.3055 0.0029 0.9522
vn 0.3066 0.0029 0.9518
vn 0.3033 0.0029 0.9529
vn 0.3044 0.0029 0.9525
vn 0.8435 0.0019 0.5371
vn 0.8437 0.0019 0.5367
vn 0.8430 0.0019 0.5380
vn 0.8432 0.0019 0.5376
vn 0.7459 0.0025 0.6661
vn 0.7467 0.0025 0.6652
vn 0.2970 0.0028 0.9549
vn 0.2980 0.0028 0.9546
vn 0.8417 0.0019 0.5400
vn 0.8548 0.0434 0.5171
vn 0.8531 0.0016 -0.5217
vn 0.8533 0.0016 -0.5214
vn 0.8388 0.0016 -0.5444
vn 0.2940 0.0010 -0.9558
vn 0.7422 0.0017 -0.6701
vn 0.8535 0.0016 -0.5211
vn 0.9542 -0.0269 -0.2979
vn 0.8528 0.0016 -0.5223
vn 0.8529 0.0016 -0.5220
vn 0.9787 0.0022 0.2052
vn 0.7508 0.0025 0.6605
vn 0.7517 0.0025 0.6596
vn 0.7475 0.0025 0.6642
vn 0.7484 0.0025 0.6633
vn 0.3002 0.0010 -0.9539
vn 0.8404 0.0016 -0.5420
vn 0.8393 0.0016 -0.5436
vn 0.2960 0.0010 -0.9552
vn 0.2940 0.0028 -0.9558
vn 0.8388 0.0019 -0.5444
vn 0.8399 0.0019 -0.5428
vn 0.2981 0.0028 -0.9545
vn 0.9789 0.0019 0.2042
vn 0.7406 0.0025 -0.6720
vn 0.2919 0.0028 -0.9564
vn 0.8557 0.0016 0.5175
vn 0.7455 0.0025 -0.6665
vn 0.7472 0.0025 -0.6646
vn 0.3002 0.0029 -0.9539
vn 0.8404 0.0019 -0.5420
vn 0.8393 0.0019 -0.5436
vn 0.7422 0.0025 -0.6701
vn 0.7439 0.0025 -0.6683
vn 0.2960 0.0028 -0.9552
vn 0.8549 0.0016 0.5188
vn 0.8553 0.0016 0.5182
vn 0.8555 0.0016 0.5178
vn 0.8551 0.0016 0.5185
vn 0.8427 0.0016 0.5384
vn 0.8430 0.0016 0.5380
vn 0.8422 0.0016 0.5392
vn 0.8425 0.0016 0.5388
vn 0.2970 0.0028 -0.9549
vn 0.7447 0.0025 -0.6674
vn 0.7430 0.0025 -0.6692
vn 0.8396 0.0019 -0.5432
vn 0.8406 0.0019 -0.5416
vn 0.3013 0.0029 -0.9535
vn 0.7480 0.0025 -0.6637
vn 0.7463 0.0025 -0.6656
vn 0.7500 0.0017 0.6614
vn 0.7508 0.0017 0.6605
vn 0.3023 0.0010 0.9532
vn 0.3034 0.0010 0.9529
vn 0.3001 0.0010 0.9539
vn 0.3012 0.0010 0.9536
vn 0.7533 0.0017 0.6577
vn 0.7541 0.0017 0.6567
vn 0.3066 0.0010 0.9518
vn 0.3077 0.0010 0.9515
vn 0.3044 0.0010 0.9525
vn 0.3055 0.0010 0.9522
vn 0.8437 0.0016 0.5367
vn 0.8440 0.0016 0.5363
vn 0.8432 0.0016 0.5376
vn 0.8435 0.0016 0.5371
vn 0.7467 0.0017 0.6652
vn 0.7475 0.0017 0.6642
vn 0.2980 0.0010 0.9546
vn 0.2991 0.0010 0.9542
vn 0.8415 -0.0175 0.5399
vn 0.8419 0.0016 0.5396
vn 0.9562 -0.0249 0.2916
vn 0.8529 0.0019 -0.5220
vn 0.8531 0.0019 -0.5217
vn 0.9539 0.0384 -0.2978
vn 0.8386 0.0019 -0.5448
vn 0.2929 0.0028 -0.9561
vn 0.7414 0.0025 -0.6711
vn 0.8533 0.0019 -0.5214
vn 0.8528 0.0411 -0.5207
vn 0.8526 0.0019 -0.5226
vn 0.8528 0.0019 -0.5223
vn 0.9788 0.0018 0.2046
vn 0.7517 0.0017 0.6596
vn 0.7525 0.0017 0.6586
vn 0.7484 0.0017 0.6633
vn 0.7492 0.0017 0.6624
vn 0.2991 0.0028 -0.9542
vn 0.8401 0.0019 -0.5424
vn 0.8391 0.0019 -0.5440
vn 0.2950 0.0028 -0.9555
vt 0.437500 0.937500
vt 0.500000 1.000000
vt 0.437500 1.000000
vt 0.437500 0.437500
vt 0.500000 0.500000
vt 0.437500 0.500000
vt 1.000000 0.437500
vt 0.937500 0.500000
vt 0.937500 0.437500
vt 0.750000 0.437500
vt 0.687500 0.500000
vt 0.687500 0.437500
vt 0.750000 0.187500
vt 0.687500 0.250000
vt 0.687500 0.187500
vt 1.000000 0.187500
vt 0.937500 0.250000
vt 0.937500 0.187500
vt 0.187500 0.437500
vt 0.250000 0.500000
vt 0.187500 0.500000
vt 0.187500 0.187500
vt 0.250000 0.250000
vt 0.187500 0.250000
vt 0.437500 0.187500
vt 0.500000 0.250000
vt 0.437500 0.250000
vt 0.437500 0.687500
vt 0.500000 0.750000
vt 0.437500 0.750000
vt 0.750000 0.687500
vt 0.687500 0.750000
vt 0.687500 0.687500
vt 0.875000 0.562500
vt 0.812500 0.625000
vt 0.812500 0.562500
vt 1.000000 0.562500
vt 0.937500 0.625000
vt 0.937500 0.562500
vt 0.625000 0.687500
vt 0.562500 0.750000
vt 0.562500 0.687500
vt 0.625000 0.562500
vt 0.562500 0.625000
vt 0.562500 0.562500
vt 0.750000 0.562500
vt 0.687500 0.625000
vt 0.687500 0.562500
vt 0.625000 0.937500
vt 0.562500 1.000000
vt 0.562500 0.937500
vt 0.625000 0.812500
vt 0.562500 0.875000
vt 0.562500 0.812500
vt 0.750000 0.812500
vt 0.687500 0.875000
vt 0.687500 0.812500
vt 0.312500 0.687500
vt 0.375000 0.750000
vt 0.312500 0.750000
vt 0.312500 0.562500
vt 0.375000 0.625000
vt 0.312500 0.625000
vt 0.437500 0.562500
vt 0.500000 0.625000
vt 0.437500 0.625000
vt 0.062500 0.562500
vt 0.125000 0.625000
vt 0.062500 0.625000
vt 0.187500 0.562500
vt 0.250000 0.625000
vt 0.187500 0.625000
vt 0.312500 0.187500
vt 0.375000 0.250000
vt 0.312500 0.250000
vt 0.312500 0.062500
vt 0.375000 0.125000
vt 0.312500 0.125000
vt 0.437500 0.062500
vt 0.500000 0.125000
vt 0.437500 0.125000
vt 0.062500 0.187500
vt 0.125000 0.250000
vt 0.062500 0.250000
vt 0.062500 0.062500
vt 0.125000 0.125000
vt 0.062500 0.125000
vt 0.187500 0.062500
vt 0.250000 0.125000
vt 0.187500 0.125000
vt 0.062500 0.437500
vt 0.125000 0.500000
vt 0.062500 0.500000
vt 0.062500 0.312500
vt 0.125000 0.375000
vt 0.062500 0.375000
vt 0.187500 0.312500
vt 0.250000 0.375000
vt 0.187500 0.375000
vt 0.875000 0.187500
vt 0.812500 0.250000
vt 0.812500 0.187500
vt 0.875000 0.062500
vt 0.812500 0.125000
vt 0.812500 0.062500
vt 1.000000 0.062500
vt 0.937500 0.125000
vt 0.937500 0.062500
vt 0.625000 0.187500
vt 0.562500 0.250000
vt 0.562500 0.187500
vt 0.625000 0.062500
vt 0.562500 0.125000
vt 0.562500 0.062500
vt 0.750000 0.062500
vt 0.687500 0.125000
vt 0.687500 0.062500
vt 0.625000 0.437500
vt 0.562500 0.500000
vt 0.562500 0.437500
vt 0.625000 0.312500
vt 0.562500 0.375000
vt 0.562500 0.312500
vt 0.750000 0.312500
vt 0.687500 0.375000
vt 0.687500 0.312500
vt 0.875000 0.437500
vt 0.812500 0.500000
vt 0.812500 0.437500
vt 0.875000 0.312500
vt 0.812500 0.375000
vt 0.812500 0.312500
vt 1.000000 0.312500
vt 0.937500 0.375000
vt 0.937500 0.312500
vt 0.312500 0.437500
vt 0.375000 0.500000
vt 0.312500 0.500000
vt 0.312500 0.312500
vt 0.375000 0.375000
vt 0.312500 0.375000
vt 0.437500 0.312500
vt 0.500000 0.375000
vt 0.437500 0.375000
vt 0.312500 0.937500
vt 0.375000 1.000000
vt 0.312500 1.000000
vt 0.312500 0.812500
vt 0.375000 0.875000
vt 0.312500 0.875000
vt 0.437500 0.812500
vt 0.500000 0.875000
vt 0.437500 0.875000
vt 0.375000 0.812500
vt 0.500000 0.812500
vt 0.250000 0.812500
vt 0.250000 0.875000
vt 0.250000 0.750000
vt 0.250000 0.937500
vt 0.375000 0.937500
vt 0.375000 0.312500
vt 0.500000 0.312500
vt 0.250000 0.312500
vt 0.250000 0.437500
vt 0.375000 0.437500
vt 0.875000 0.375000
vt 0.875000 0.250000
vt 1.000000 0.250000
vt 0.750000 0.375000
vt 0.750000 0.250000
vt 0.750000 0.500000
vt 0.625000 0.375000
vt 0.625000 0.250000
vt 0.500000 0.437500
vt 0.625000 0.125000
vt 0.687500 0.000000
vt 0.625000 0.000000
vt 0.750000 0.000000
vt 0.500000 0.062500
vt 0.562500 0.000000
vt 0.500000 0.000000
vt 0.500000 0.187500
vt 0.875000 0.125000
vt 0.937500 0.000000
vt 0.875000 0.000000
vt 1.000000 0.000000
vt 0.750000 0.125000
vt 0.812500 0.000000
vt 0.125000 0.312500
vt 0.000000 0.312500
vt 0.000000 0.375000
vt 0.000000 0.250000
vt 0.000000 0.437500
vt 0.000000 0.500000
vt 0.125000 0.437500
vt 0.125000 0.062500
vt 0.125000 0.000000
vt 0.187500 0.000000
vt 0.250000 0.062500
vt 0.000000 0.062500
vt 0.000000 0.125000
vt 0.000000 0.000000
vt 0.062500 0.000000
vt 0.000000 0.187500
vt 0.125000 0.187500
vt 0.375000 0.062500
vt 0.375000 0.000000
vt 0.437500 0.000000
vt 0.250000 0.000000
vt 0.312500 0.000000
vt 0.250000 0.187500
vt 0.375000 0.187500
vt 0.125000 0.562500
vt 0.250000 0.562500
vt 0.000000 0.562500
vt 0.000000 0.625000
vt 0.375000 0.562500
vt 0.500000 0.562500
vt 0.250000 0.687500
vt 0.375000 0.687500
vt 0.625000 0.875000
vt 0.625000 0.750000
vt 0.750000 0.750000
vt 0.500000 0.937500
vt 0.625000 0.625000
vt 0.625000 0.500000
vt 0.500000 0.687500
vt 0.875000 0.625000
vt 0.875000 0.500000
vt 1.000000 0.500000
vt 0.750000 0.625000
vt 0.687500 0.937500
vt 0.625000 1.000000
vt 0.750000 0.875000
vt 1.000000 0.125000
vt 1.000000 0.375000
vt 1.000000 0.625000
vt 0.687500 1.000000
vt 0.750000 0.937500
s 0
usemtl Etiqueta_delantera
f 861/614/621 628/615/621 735/616/621
f 860/617/622 629/618/622 740/619/622
f 694/620/623 741/621/623 859/622/623
f 709/623/624 731/624/624 858/625/624
f 710/626/625 744/627/625 857/628/625
f 704/629/626 745/630/626 856/631/626
f 855/632/627 636/633/627 730/634/627
f 854/635/627 639/636/627 748/637/627
f 853/638/622 635/639/622 749/640/622
f 852/641/621 634/642/621 752/643/621
f 721/644/628 755/645/628 850/646/628
f 756/647/629 757/648/629 849/649/629
f 734/650/630 758/651/630 848/652/630
f 759/653/631 722/654/631 847/655/631
f 760/656/631 761/657/631 846/658/631
f 754/659/632 762/660/632 845/661/632
f 763/662/631 695/663/631 844/664/631
f 764/665/631 765/666/631 843/667/631
f 753/668/628 766/669/628 842/670/628
f 841/671/633 672/672/633 719/673/633
f 840/674/634 679/675/634 769/676/634
f 839/677/635 658/678/635 770/679/635
f 838/680/636 680/681/636 772/682/636
f 837/683/627 671/684/627 773/685/627
f 836/686/637 669/687/637 716/688/637
f 835/689/637 681/690/637 776/691/637
f 834/692/622 659/693/622 777/694/622
f 833/695/636 668/696/636 715/697/636
f 832/698/636 682/699/636 780/700/636
f 831/701/627 667/702/627 781/703/627
f 830/704/636 650/705/636 698/706/636
f 829/707/636 683/708/636 784/709/636
f 828/710/627 666/711/627 785/712/627
f 786/713/638 712/714/638 827/715/638
f 787/716/639 788/717/639 826/718/639
f 737/719/640 789/720/640 825/721/640
f 790/722/631 711/723/631 824/724/631
f 791/725/631 792/726/631 823/727/631
f 743/728/641 793/729/641 822/730/641
f 794/731/631 699/732/631 821/733/631
f 795/734/631 796/735/631 820/736/631
f 742/737/642 797/738/642 819/739/642
f 798/740/643 708/741/643 818/742/643
f 799/743/644 800/744/644 817/745/644
f 726/746/645 801/747/645 816/748/645
f 815/749/637 660/750/637 707/751/637
f 814/752/637 688/753/637 804/754/637
f 813/755/622 649/756/622 805/757/622
f 812/758/646 655/759/646 702/760/646
f 811/761/647 689/762/647 808/763/647
f 810/764/621 648/765/621 809/766/621
f 807/767/637 809/766/637 689/762/637
f 672/672/637 810/764/637 807/767/637
f 752/643/621 728/768/621 810/764/621
f 750/769/627 808/763/627 670/770/627
f 640/771/627 811/761/627 750/769/627
f 719/673/648 807/767/648 811/761/648
f 670/770/627 812/758/627 717/772/627
f 808/763/649 806/773/649 812/758/649
f 803/774/637 805/757/637 688/753/637
f 669/687/637 813/755/637 803/774/637
f 749/640/622 729/775/622 813/755/622
f 746/776/650 804/754/650 666/711/650
f 639/636/651 814/752/651 746/776/651
f 716/688/637 803/774/637 814/752/637
f 713/777/652 707/751/652 636/633/652
f 666/711/653 815/749/653 713/777/653
f 804/754/637 802/778/637 815/749/637
f 816/748/654 687/779/654 799/743/654
f 745/630/654 799/743/654 665/780/654
f 633/781/655 816/748/655 745/630/655
f 817/745/628 662/782/628 742/737/628
f 712/714/628 742/737/628 638/783/628
f 665/780/656 817/745/656 712/714/656
f 818/742/628 637/784/628 709/623/628
f 800/744/628 709/623/628 662/782/628
f 687/779/657 818/742/657 800/744/657
f 819/739/631 686/785/631 795/734/631
f 744/627/631 795/734/631 664/786/631
f 638/783/658 819/739/658 744/627/658
f 820/736/631 649/756/631 729/775/631
f 711/723/631 729/775/631 635/639/631
f 664/786/631 820/736/631 711/723/631
f 821/733/631 629/618/631 697/787/631
f 796/735/631 697/787/631 649/756/631
f 686/785/631 821/733/631 796/735/631
f 822/730/631 685/788/631 791/725/631
f 701/789/631 791/725/631 653/790/631
f 631/791/659 822/730/659 701/789/659
f 823/727/631 659/693/631 739/792/631
f 733/793/631 739/792/631 626/794/631
f 653/790/631 823/727/631 733/793/631
f 824/724/631 635/639/631 706/795/631
f 792/726/631 706/795/631 659/693/631
f 685/788/631 824/724/631 792/726/631
f 825/721/654 684/796/654 787/716/654
f 691/797/654 787/716/654 643/798/654
f 624/799/660 825/721/660 691/797/660
f 826/718/628 663/800/628 743/728/628
f 724/801/628 743/728/628 631/791/628
f 643/798/661 826/718/661 724/801/661
f 827/715/628 638/783/628 710/626/628
f 788/717/628 710/626/628 663/800/628
f 684/796/662 827/715/662 788/717/662
f 783/802/663 785/712/663 683/708/663
f 668/696/664 828/710/664 783/802/664
f 748/637/627 746/776/627 828/710/627
f 700/803/665 784/709/665 652/804/665
f 630/805/666 829/707/666 700/803/666
f 715/697/636 783/802/636 829/707/636
f 732/806/667 698/706/667 625/807/667
f 652/804/668 830/704/668 732/806/668
f 784/709/636 782/808/636 830/704/636
f 779/809/669 781/703/669 682/699/669
f 656/810/670 831/701/670 779/809/670
f 703/811/627 747/812/627 831/701/627
f 690/813/671 780/700/671 642/814/671
f 623/815/672 832/698/672 690/813/672
f 736/816/636 779/809/636 832/698/636
f 723/817/673 715/697/673 630/805/673
f 642/814/674 833/695/674 723/817/674
f 780/700/636 778/818/636 833/695/636
f 775/819/637 777/694/637 681/690/637
f 645/820/637 834/692/637 775/819/637
f 693/821/622 739/792/622 834/692/622
f 747/812/675 776/691/675 667/702/675
f 632/822/676 835/689/676 747/812/676
f 725/823/637 775/819/637 835/689/637
f 714/824/677 716/688/677 639/636/677
f 667/702/678 836/686/678 714/824/678
f 776/691/637 774/825/637 836/686/637
f 771/826/679 773/685/679 680/681/679
f 650/705/680 837/683/680 771/826/680
f 730/634/627 751/827/627 837/683/627
f 692/828/681 772/682/681 644/829/681
f 625/807/682 838/680/682 692/828/682
f 698/706/636 771/826/636 838/680/636
f 768/830/637 770/679/637 679/675/637
f 660/750/637 839/677/637 768/830/637
f 740/619/622 738/831/622 839/677/622
f 751/827/627 769/676/627 671/684/627
f 636/633/683 840/674/683 751/827/683
f 707/751/637 768/830/637 840/674/637
f 718/832/627 719/673/627 640/771/627
f 671/684/627 841/671/627 718/832/627
f 769/676/684 767/833/684 841/671/684
f 842/670/685 678/834/685 764/665/685
f 755/645/686 764/665/686 675/835/686
f 641/836/628 842/670/628 755/645/628
f 843/667/631 648/765/631 728/768/631
f 722/654/631 728/768/631 634/642/631
f 675/835/631 843/667/631 722/654/631
f 844/664/631 628/615/631 696/837/631
f 765/666/631 696/837/631 648/765/631
f 678/834/631 844/664/631 765/666/631
f 845/661/631 677/838/631 760/656/631
f 731/624/631 760/656/631 651/839/631
f 637/784/687 845/661/687 731/624/687
f 846/658/631 658/678/631 738/831/631
f 699/732/631 738/831/631 629/618/631
f 651/839/631 846/658/631 699/732/631
f 847/655/631 634/642/631 705/840/631
f 761/657/631 705/840/631 658/678/631
f 677/838/631 847/655/631 761/657/631
f 848/652/654 676/841/654 756/647/654
f 741/621/654 756/647/654 661/842/654
f 627/843/688 848/652/688 741/621/688
f 849/649/628 674/844/628 754/659/628
f 708/741/628 754/659/628 637/784/628
f 661/842/689 849/649/689 708/741/689
f 850/646/690 675/835/690 759/653/690
f 762/660/691 759/653/691 677/838/691
f 674/844/628 850/646/628 762/660/628
f 851/845/692 647/846/692 763/662/692
f 766/669/693 763/662/693 678/834/693
f 673/847/628 851/845/628 766/669/628
f 767/833/637 752/643/637 672/672/637
f 679/675/637 852/641/637 767/833/637
f 770/679/694 705/840/694 852/641/694
f 774/825/637 749/640/637 669/687/637
f 681/690/637 853/638/637 774/825/637
f 777/694/622 706/795/622 853/638/622
f 778/818/695 748/637/695 668/696/695
f 682/699/696 854/635/696 778/818/696
f 781/703/627 714/824/627 854/635/627
f 782/808/697 730/634/697 650/705/697
f 683/708/698 855/632/698 782/808/698
f 785/712/627 713/777/627 855/632/627
f 856/631/654 665/780/654 786/713/654
f 789/720/654 786/713/654 684/796/654
f 657/848/699 856/631/699 789/720/699
f 857/628/631 664/786/631 790/722/631
f 793/729/631 790/722/631 685/788/631
f 663/800/700 857/628/700 793/729/700
f 858/625/631 651/839/631 794/731/631
f 797/738/631 794/731/631 686/785/631
f 662/782/701 858/625/701 797/738/701
f 859/622/654 661/842/654 798/740/654
f 801/747/654 798/740/654 687/779/654
f 646/849/702 859/622/702 801/747/702
f 802/778/637 740/619/637 660/750/637
f 688/753/637 860/617/637 802/778/637
f 805/757/622 697/787/622 860/617/622
f 806/773/637 735/616/637 655/759/637
f 689/762/637 861/614/637 806/773/637
f 809/766/621 696/837/621 861/614/621
f 861/614/621 696/837/621 628/615/621
f 860/617/622 697/787/622 629/618/622
f 694/620/703 627/843/703 741/621/703
f 709/623/704 637/784/704 731/624/704
f 710/626/705 638/783/705 744/627/705
f 704/629/706 633/781/706 745/630/706
f 855/632/627 713/777/627 636/633/627
f 854/635/627 714/824/627 639/636/627
f 853/638/707 706/795/707 635/639/707
f 852/641/621 705/840/621 634/642/621
f 721/644/628 641/836/628 755/645/628
f 756/647/708 676/841/708 757/648/708
f 734/650/709 654/850/709 758/651/709
f 759/653/631 675/835/631 722/654/631
f 760/656/631 677/838/631 761/657/631
f 754/659/628 674/844/628 762/660/628
f 763/662/631 647/846/631 695/663/631
f 764/665/631 678/834/631 765/666/631
f 753/668/628 673/847/628 766/669/628
f 841/671/710 767/833/710 672/672/710
f 840/674/637 768/830/637 679/675/637
f 839/677/622 738/831/622 658/678/622
f 838/680/636 771/826/636 680/681/636
f 837/683/627 751/827/627 671/684/627
f 836/686/637 774/825/637 669/687/637
f 835/689/637 775/819/637 681/690/637
f 834/692/622 739/792/622 659/693/622
f 833/695/636 778/818/636 668/696/636
f 832/698/636 779/809/636 682/699/636
f 831/701/627 747/812/627 667/702/627
f 830/704/636 782/808/636 650/705/636
f 829/707/636 783/802/636 683/708/636
f 828/710/627 746/776/627 666/711/627
f 786/713/711 665/780/711 712/714/711
f 787/716/712 684/796/712 788/717/712
f 737/719/713 657/848/713 789/720/713
f 790/722/631 664/786/631 711/723/631
f 791/725/631 685/788/631 792/726/631
f 743/728/714 663/800/714 793/729/714
f 794/731/631 651/839/631 699/732/631
f 795/734/631 686/785/631 796/735/631
f 742/737/715 662/782/715 797/738/715
f 798/740/716 661/842/716 708/741/716
f 799/743/717 687/779/717 800/744/717
f 726/746/718 646/849/718 801/747/718
f 815/749/637 802/778/637 660/750/637
f 814/752/637 803/774/637 688/753/637
f 813/755/622 729/775/622 649/756/622
f 812/758/719 806/773/719 655/759/719
f 811/761/720 807/767/720 689/762/720
f 810/764/621 728/768/621 648/765/621
f 807/767/637 810/764/637 809/766/637
f 672/672/637 752/643/637 810/764/637
f 752/643/621 634/642/621 728/768/621
f 750/769/627 811/761/627 808/763/627
f 640/771/627 719/673/627 811/761/627
f 719/673/721 672/672/721 807/767/721
f 670/770/627 808/763/627 812/758/627
f 808/763/722 689/762/722 806/773/722
f 803/774/637 813/755/637 805/757/637
f 669/687/637 749/640/637 813/755/637
f 749/640/622 635/639/622 729/775/622
f 746/776/723 814/752/723 804/754/723
f 639/636/724 716/688/724 814/752/724
f 716/688/637 669/687/637 803/774/637
f 713/777/725 815/749/725 707/751/725
f 666/711/726 804/754/726 815/749/726
f 804/754/637 688/753/637 802/778/637
f 816/748/654 801/747/654 687/779/654
f 745/630/654 816/748/654 799/743/654
f 633/781/727 726/746/727 816/748/727
f 817/745/628 800/744/628 662/782/628
f 712/714/628 817/745/628 742/737/628
f 665/780/728 799/743/728 817/745/728
f 818/742/628 708/741/628 637/784/628
f 800/744/628 818/742/628 709/623/628
f 687/779/729 798/740/729 818/742/729
f 819/739/631 797/738/631 686/785/631
f 744/627/631 819/739/631 795/734/631
f 638/783/730 742/737/730 819/739/730
f 820/736/631 796/735/631 649/756/631
f 711/723/631 820/736/631 729/775/631
f 664/786/631 795/734/631 820/736/631
f 821/733/631 699/732/631 629/618/631
f 796/735/631 821/733/631 697/787/631
f 686/785/631 794/731/631 821/733/631
f 822/730/631 793/729/631 685/788/631
f 701/789/631 822/730/631 791/725/631
f 631/791/731 743/728/731 822/730/731
f 823/727/631 792/726/631 659/693/631
f 733/793/631 823/727/631 739/792/631
f 653/790/631 791/725/631 823/727/631
f 824/724/631 711/723/631 635/639/631
f 792/726/631 824/724/631 706/795/631
f 685/788/631 790/722/631 824/724/631
f 825/721/654 789/720/654 684/796/654
f 691/797/654 825/721/654 787/716/654
f 624/799/732 737/719/732 825/721/732
f 826/718/628 788/717/628 663/800/628
f 724/801/628 826/718/628 743/728/628
f 643/798/733 787/716/733 826/718/733
f 827/715/628 712/714/628 638/783/628
f 788/717/628 827/715/628 710/626/628
f 684/796/734 786/713/734 827/715/734
f 783/802/735 828/710/735 785/712/735
f 668/696/736 748/637/736 828/710/736
f 748/637/627 639/636/627 746/776/627
f 700/803/737 829/707/737 784/709/737
f 630/805/738 715/697/738 829/707/738
f 715/697/636 668/696/636 783/802/636
f 732/806/739 830/704/739 698/706/739
f 652/804/740 784/709/740 830/704/740
f 784/709/636 683/708/636 782/808/636
f 779/809/741 831/701/741 781/703/741
f 656/810/742 703/811/742 831/701/742
f 703/811/627 632/822/627 747/812/627
f 690/813/743 832/698/743 780/700/743
f 623/815/744 736/816/744 832/698/744
f 736/816/636 656/810/636 779/809/636
f 723/817/745 833/695/745 715/697/745
f 642/814/746 780/700/746 833/695/746
f 780/700/636 682/699/636 778/818/636
f 775/819/637 834/692/637 777/694/637
f 645/820/637 693/821/637 834/692/637
f 693/821/622 626/794/622 739/792/622
f 747/812/747 835/689/747 776/691/747
f 632/822/748 725/823/748 835/689/748
f 725/823/637 645/820/637 775/819/637
f 714/824/749 836/686/749 716/688/749
f 667/702/750 776/691/750 836/686/750
f 776/691/637 681/690/637 774/825/637
f 771/826/751 837/683/751 773/685/751
f 650/705/752 730/634/752 837/683/752
f 730/634/627 636/633/627 751/827/627
f 692/828/753 838/680/753 772/682/753
f 625/807/754 698/706/754 838/680/754
f 698/706/636 650/705/636 771/826/636
f 768/830/637 839/677/637 770/679/637
f 660/750/637 740/619/637 839/677/637
f 740/619/622 629/618/622 738/831/622
f 751/827/755 840/674/755 769/676/755
f 636/633/756 707/751/756 840/674/756
f 707/751/637 660/750/637 768/830/637
f 718/832/627 841/671/627 719/673/627
f 671/684/627 769/676/627 841/671/627
f 769/676/757 679/675/757 767/833/757
f 842/670/758 766/669/758 678/834/758
f 755/645/759 842/670/759 764/665/759
f 641/836/628 753/668/628 842/670/628
f 843/667/631 765/666/631 648/765/631
f 722/654/631 843/667/631 728/768/631
f 675/835/631 764/665/631 843/667/631
f 844/664/631 695/663/631 628/615/631
f 765/666/631 844/664/631 696/837/631
f 678/834/631 763/662/631 844/664/631
f 845/661/760 762/660/760 677/838/760
f 731/624/631 845/661/631 760/656/631
f 637/784/761 754/659/761 845/661/761
f 846/658/631 761/657/631 658/678/631
f 699/732/631 846/658/631 738/831/631
f 651/839/631 760/656/631 846/658/631
f 847/655/631 722/654/631 634/642/631
f 761/657/631 847/655/631 705/840/631
f 677/838/631 759/653/631 847/655/631
f 848/652/654 758/651/654 676/841/654
f 741/621/654 848/652/654 756/647/654
f 627/843/762 734/650/762 848/652/762
f 849/649/628 757/648/628 674/844/628
f 708/741/628 849/649/628 754/659/628
f 661/842/763 756/647/763 849/649/763
f 850/646/764 755/645/764 675/835/764
f 762/660/765 850/646/765 759/653/765
f 674/844/628 721/644/628 850/646/628
f 851/845/766 727/851/766 647/846/766
f 766/669/767 851/845/767 763/662/767
f 673/847/628 720/852/628 851/845/628
f 767/833/637 852/641/637 752/643/637
f 679/675/637 770/679/637 852/641/637
f 770/679/768 658/678/768 705/840/768
f 774/825/637 853/638/637 749/640/637
f 681/690/637 777/694/637 853/638/637
f 777/694/622 659/693/622 706/795/622
f 778/818/769 854/635/769 748/637/769
f 682/699/770 781/703/770 854/635/770
f 781/703/627 667/702/627 714/824/627
f 782/808/771 855/632/771 730/634/771
f 683/708/772 785/712/772 855/632/772
f 785/712/627 666/711/627 713/777/627
f 856/631/654 745/630/654 665/780/654
f 789/720/654 856/631/654 786/713/654
f 657/848/773 704/629/773 856/631/773
f 857/628/631 744/627/631 664/786/631
f 793/729/631 857/628/631 790/722/631
f 663/800/774 710/626/774 857/628/774
f 858/625/631 731/624/631 651/839/631
f 797/738/631 858/625/631 794/731/631
f 662/782/775 709/623/775 858/625/775
f 859/622/654 741/621/654 661/842/654
f 801/747/654 859/622/654 798/740/654
f 646/849/776 694/620/776 859/622/776
f 802/778/637 860/617/637 740/619/637
f 688/753/637 805/757/637 860/617/637
f 805/757/622 649/756/622 697/787/622
f 806/773/637 861/614/637 735/616/637
f 689/762/637 809/766/637 861/614/637
f 809/766/621 648/765/621 696/837/621
o Etiqueta_trasera
v -0.071451 -0.341798 0.094257
v -0.071019 -0.212492 0.094257
v -0.118074 -0.341798 -0.053832
v -0.117786 -0.212492 -0.053832
v -0.071235 -0.277145 0.094257
v -0.071666 -0.406451 0.094257
v -0.131798 -0.341798 0.020212
v -0.118218 -0.406451 -0.053832
v -0.117930 -0.277145 -0.053832
v -0.131554 -0.212492 0.020212
v -0.131676 -0.277145 0.020212
v -0.131920 -0.406451 0.020212
v -0.071127 -0.244819 0.094257
v -0.071559 -0.374125 0.094257
v -0.132593 -0.341798 -0.016810
v -0.118146 -0.374125 -0.053832
v -0.117858 -0.244819 -0.053832
v -0.132349 -0.212492 -0.016810
v -0.071343 -0.309472 0.094257
v -0.070912 -0.180166 0.094257
v -0.071774 -0.438778 0.094257
v -0.077430 -0.341798 -0.090854
v -0.115404 -0.341798 0.057234
v -0.118290 -0.438778 -0.053832
v -0.117714 -0.180166 -0.053832
v -0.118002 -0.309472 -0.053832
v -0.076999 -0.212492 -0.090854
v -0.115116 -0.212492 0.057234
v -0.131615 -0.244819 0.020212
v -0.131737 -0.309472 0.020212
v -0.132471 -0.277145 -0.016810
v -0.115260 -0.277145 0.057234
v -0.077215 -0.277145 -0.090854
v -0.077646 -0.406451 -0.090854
v -0.131859 -0.374125 0.020212
v -0.131982 -0.438778 0.020212
v -0.132715 -0.406451 -0.016810
v -0.115549 -0.406451 0.057234
v -0.131493 -0.180166 0.020212
v -0.115044 -0.180166 0.057234
v -0.132288 -0.180166 -0.016810
v -0.115621 -0.438778 0.057234
v -0.132776 -0.438778 -0.016810
v -0.132654 -0.374125 -0.016810
v -0.077754 -0.438778 -0.090854
v -0.076891 -0.180166 -0.090854
v -0.077322 -0.309472 -0.090854
v -0.115332 -0.309472 0.057234
v -0.132532 -0.309472 -0.016810
v -0.132410 -0.244819 -0.016810
v -0.115188 -0.244819 0.057234
v -0.077107 -0.244819 -0.090854
v -0.077538 -0.374125 -0.090854
v -0.115476 -0.374125 0.057234
vn -0.6445 0.0014 0.7646
vn -0.6734 0.0022 -0.7393
vn -0.6721 0.0022 -0.7405
vn -0.6433 0.0014 0.7656
vn -0.9998 0.0019 0.0215
vn -0.6439 0.0014 0.7651
vn -0.6728 0.0022 -0.7399
vn -0.6740 0.0022 -0.7387
vn -0.6451 0.0014 0.7641
vn -0.9140 0.0017 0.4058
vn -0.6430 0.0014 0.7659
vn -0.9305 0.0021 -0.3663
vn -0.9147 0.0017 0.4042
vn -0.9312 0.0021 -0.3646
vn -0.9310 0.0021 -0.3651
vn -0.9311 0.0021 -0.3649
vn -0.6718 0.0022 -0.7407
vn -0.6731 0.0022 -0.7396
vn -0.9143 0.0017 0.4051
vn -0.9144 0.0017 0.4049
vn -0.6442 0.0014 0.7648
vn -0.9308 0.0021 -0.3656
vn -0.9309 0.0021 -0.3653
vn -0.9306 0.0021 -0.3661
vn -0.9307 0.0021 -0.3658
vn -0.9141 0.0017 0.4056
vn -0.9142 0.0017 0.4053
vn -0.6436 0.0014 0.7654
vn -0.6724 0.0022 -0.7402
vn -0.6737 0.0022 -0.7390
vn -0.9145 0.0017 0.4047
vn -0.9146 0.0017 0.4044
vn -0.6448 0.0014 0.7643
vn -0.6442 0.0021 0.7648
vn -0.6737 0.0015 -0.7390
vn -0.6724 0.0015 -0.7402
vn -0.6430 0.0021 0.7659
vn -0.6436 0.0021 0.7654
vn -0.6731 0.0015 -0.7396
vn -0.6744 0.0015 -0.7384
vn -0.6448 0.0022 0.7643
vn -0.9139 0.0020 0.4060
vn -0.6427 0.0021 0.7661
vn -0.9306 0.0018 -0.3661
vn -0.9146 0.0020 0.4044
vn -0.9312 0.0018 -0.3644
vn -0.9311 0.0018 -0.3649
vn -0.9312 0.0018 -0.3646
vn -0.6721 0.0015 -0.7405
vn -0.6734 0.0015 -0.7393
vn -0.9142 0.0020 0.4053
vn -0.9143 0.0020 0.4051
vn -0.6439 0.0021 0.7651
vn -0.9309 0.0018 -0.3653
vn -0.9310 0.0018 -0.3651
vn -0.9307 0.0018 -0.3658
vn -0.9308 0.0018 -0.3656
vn -0.9140 0.0020 0.4058
vn -0.9141 0.0020 0.4056
vn -0.6433 0.0021 0.7656
vn -0.6728 0.0015 -0.7399
vn -0.6740 0.0015 -0.7387
vn -0.9144 0.0020 0.4049
vn -0.9145 0.0020 0.4047
vn -0.6445 0.0021 0.7646
vt 0.500000 0.437500
vt 0.437500 0.500000
vt 0.437500 0.437500
vt 0.187500 0.437500
vt 0.250000 0.500000
vt 0.187500 0.500000
vt 0.187500 0.687500
vt 0.250000 0.750000
vt 0.187500 0.750000
vt 0.500000 0.687500
vt 0.437500 0.750000
vt 0.437500 0.687500
vt 0.375000 0.687500
vt 0.312500 0.750000
vt 0.312500 0.687500
vt 0.375000 0.562500
vt 0.312500 0.625000
vt 0.312500 0.562500
vt 0.500000 0.562500
vt 0.437500 0.625000
vt 0.437500 0.562500
vt 0.187500 0.562500
vt 0.250000 0.625000
vt 0.187500 0.625000
vt 0.187500 0.312500
vt 0.250000 0.375000
vt 0.187500 0.375000
vt 0.375000 0.437500
vt 0.312500 0.500000
vt 0.312500 0.437500
vt 0.375000 0.312500
vt 0.312500 0.375000
vt 0.312500 0.312500
vt 0.500000 0.312500
vt 0.437500 0.375000
vt 0.437500 0.312500
vt 0.375000 0.812500
vt 0.375000 0.750000
vt 0.500000 0.750000
vt 0.437500 0.812500
vt 0.312500 0.812500
vt 0.250000 0.812500
vt 0.375000 0.375000
vt 0.250000 0.312500
vt 0.250000 0.437500
vt 0.187500 0.812500
vt 0.250000 0.562500
vt 0.375000 0.625000
vt 0.375000 0.500000
vt 0.500000 0.500000
vt 0.250000 0.687500
vt 0.500000 0.625000
vt 0.500000 0.375000
vt 0.500000 0.812500
s 0
usemtl Etiqueta_trasera
f 875/853/777 884/854/777 915/855/777
f 914/856/778 864/857/778 883/858/778
f 913/859/779 865/860/779 888/861/779
f 874/862/780 889/863/780 912/864/780
f 890/865/781 879/866/781 911/867/781
f 891/868/781 892/869/781 910/870/781
f 880/871/782 893/872/782 909/873/782
f 908/874/783 870/875/783 894/876/783
f 906/877/784 869/878/784 895/879/784
f 896/880/781 876/881/781 905/882/781
f 897/883/781 898/884/781 904/885/781
f 882/886/785 899/887/785 903/888/785
f 889/863/786 900/889/786 871/890/786
f 863/891/787 901/892/787 889/863/787
f 865/860/788 902/893/788 886/894/788
f 871/890/781 902/893/781 879/866/781
f 903/888/789 873/895/789 897/883/789
f 885/896/790 898/884/790 869/878/790
f 877/897/791 876/881/791 864/857/791
f 869/878/792 905/882/792 877/897/792
f 873/895/781 905/882/781 898/884/781
f 888/861/793 886/894/793 907/898/793
f 883/858/794 887/899/794 908/874/794
f 909/873/795 872/900/795 891/868/795
f 884/854/796 891/868/796 868/901/796
f 862/902/797 909/873/797 884/854/797
f 887/899/798 892/869/798 870/875/798
f 864/857/799 910/870/799 887/899/799
f 868/901/781 910/870/781 876/881/781
f 878/903/800 879/866/800 865/860/800
f 870/875/801 911/867/801 878/903/801
f 872/900/781 911/867/781 892/869/781
f 912/864/802 871/890/802 890/865/802
f 893/872/803 890/865/803 872/900/803
f 866/904/804 912/864/804 893/872/804
f 894/876/805 878/903/805 913/859/805
f 895/879/806 877/897/806 914/856/806
f 915/855/807 868/901/807 896/880/807
f 899/887/808 896/880/808 873/895/808
f 867/905/809 915/855/809 899/887/809
f 875/853/810 862/902/810 884/854/810
f 914/856/811 877/897/811 864/857/811
f 913/859/812 878/903/812 865/860/812
f 874/862/813 863/891/813 889/863/813
f 890/865/781 871/890/781 879/866/781
f 891/868/781 872/900/781 892/869/781
f 880/871/814 866/904/814 893/872/814
f 908/874/815 887/899/815 870/875/815
f 906/877/816 885/896/816 869/878/816
f 896/880/781 868/901/781 876/881/781
f 897/883/781 873/895/781 898/884/781
f 882/886/817 867/905/817 899/887/817
f 889/863/818 901/892/818 900/889/818
f 863/891/819 881/906/819 901/892/819
f 865/860/820 879/866/820 902/893/820
f 871/890/781 900/889/781 902/893/781
f 903/888/821 899/887/821 873/895/821
f 885/896/822 904/885/822 898/884/822
f 877/897/823 905/882/823 876/881/823
f 869/878/824 898/884/824 905/882/824
f 873/895/781 896/880/781 905/882/781
f 888/861/825 865/860/825 886/894/825
f 883/858/826 864/857/826 887/899/826
f 909/873/827 893/872/827 872/900/827
f 884/854/828 909/873/828 891/868/828
f 862/902/829 880/871/829 909/873/829
f 887/899/830 910/870/830 892/869/830
f 864/857/831 876/881/831 910/870/831
f 868/901/781 891/868/781 910/870/781
f 878/903/832 911/867/832 879/866/832
f 870/875/833 892/869/833 911/867/833
f 872/900/781 890/865/781 911/867/781
f 912/864/834 889/863/834 871/890/834
f 893/872/835 912/864/835 890/865/835
f 866/904/836 874/862/836 912/864/836
f 894/876/837 870/875/837 878/903/837
f 895/879/838 869/878/838 877/897/838
f 915/855/839 884/854/839 868/901/839
f 899/887/840 915/855/840 896/880/840
f 867/905/841 875/853/841 915/855/841
