<?xml version="1.0"?>
<COLLADA xmlns="http://www.collada.org/2005/11/COLLADASchema" version="1.4.1">
  <asset>
    <contributor>
      <author>Assimp</author>
      <authoring_tool>Assimp Exporter</authoring_tool>
    </contributor>
    <created>2023-11-21T15:36:07</created>
    <modified>2023-11-21T15:36:07</modified>
    <unit name="meter" meter="0.01" />
    <up_axis>Y_UP</up_axis>
  </asset>
  <library_effects>
    <effect id="DefaultMaterial-fx" name="DefaultMaterial">
      <profile_COMMON>
        <technique sid="standard">
          <phong>
            <emission>
              <color sid="emission">0   0   0   1</color>
            </emission>
            <ambient>
              <color sid="ambient">0   0   0   1</color>
            </ambient>
            <diffuse>
              <color sid="diffuse">0.6   0.6   0.6   1</color>
            </diffuse>
            <specular>
              <color sid="specular">0   0   0   1</color>
            </specular>
            <shininess>
              <float sid="shininess">0</float>
            </shininess>
            <transparency>
              <float sid="transparency">0</float>
            </transparency>
            <index_of_refraction>
              <float sid="index_of_refraction">1</float>
            </index_of_refraction>
          </phong>
        </technique>
      </profile_COMMON>
    </effect>
  </library_effects>
  <library_materials>
    <material id="DefaultMaterial" name="DefaultMaterial">
      <instance_effect url="#DefaultMaterial-fx"/>
    </material>
  </library_materials>
  <library_geometries>
    <geometry id="meshId0" name="meshId0_name" >
      <mesh>
        <source id="meshId0-positions" name="meshId0-positions">
          <float_array id="meshId0-positions-array" count="5184"> 0.0540797 1 0.0872079 0.0279937 1 0.0980131 0.0288817 0.991406 0.101328 0.0557952 0.991406 0.0901795 0.07648 1 -0.0829408 0.0936687 1 -0.0605403 0.0966403 0.991406 -0.0622558 0.0789063 0.991406 -0.0853671 -0.108159 1 -0.00646054 -0.104474 1 -0.0344543 -0.107788 0.991406 -0.0353426 -0.11159 0.991406 -0.00646054 0.104474 1 -0.0344543 0.107788 0.991406 -0.0353426 -0.0764802 1 -0.0829408 -0.0540797 1 -0.100129 -0.0557954 0.991406 -0.103101 -0.0789063 0.991406 -0.085367 -0.0540797 1 0.0872079 -0.0764802 1 0.0700194 -0.0789063 0.991406 0.0724457 -0.0557952 0.991406 0.0901795 -0.0492932 1 0.0789175 -0.0697111 1 0.0632503 -0.0697111 1 -0.0761717 -0.0492932 1 -0.0918389 0.0985864 1 -0.00646072 0.095227 1 0.0190552 0.104474 1 0.0215329 0.108159 1 -0.00646072 -0.0255157 1 0.0887664 -0.0279934 1 0.0980131 -0.0853781 1 -0.055754 -0.0936685 1 -0.0605403 0.095227 1 -0.0319767 8.15747e-08 1 0.0921256 8.15747e-08 1 0.101699 -0.095227 1 -0.0319767 -0.104474 1 -0.0344543 0.077088 0.991406 -0.0509673 0.0859803 0.991406 -0.0294992 0.0853783 1 -0.0557538 0.025516 1 0.0887664 -0.0985863 1 -0.00646054 -0.095227 1 -0.0319767 0.062942 0.991406 -0.0694026 0.0697111 1 -0.0761717 0.0492932 1 0.0789176 -0.095227 1 0.0190554 -0.104474 1 0.0215331 0.0492932 1 -0.0918389 0.0540797 1 -0.100129 0.0697109 1 0.0632505 0.07648 1 0.0700194 -0.0853781 1 0.0428325 -0.0936685 1 0.047619 0.0255162 1 -0.101688 0.0279939 1 -0.110934 -0.0255162 1 -0.101688 8.15747e-08 1 -0.105047 8.15747e-08 1 -0.11462 -0.0279939 1 -0.110934 0.0853783 1 0.0428324 0.0936687 1 0.0476189 -0.0445068 0.991406 -0.0835484 -0.0230385 0.991406 -0.0924409 0.104474 0.982811 0.0215329 0.107788 0.991406 0.0224209 0.0966403 0.991406 0.0493344 0.0936687 0.982811 0.0476189 8.15747e-08 0.982811 -0.11462 8.15747e-08 0.991406 -0.118051 0.0288819 0.991406 -0.114249 0.0279939 0.982811 -0.110934 0.0789063 0.991406 0.0724457 0.07648 0.982811 0.0700194 -0.0279939 0.982811 -0.110934 -0.0288821 0.991406 -0.114249 0.0557952 0.991406 -0.103101 0.0540797 0.982811 -0.100129 -0.0936685 0.982811 0.047619 -0.0966401 0.991406 0.0493346 -0.107788 0.991406 0.0224213 -0.104474 0.982811 0.0215331 8.15747e-08 0.982811 0.101698 8.15747e-08 0.991406 0.10513 -0.0288814 0.991406 0.101328 -0.0279934 0.982811 0.0980131 0.108159 0.982811 -0.00646072 0.11159 0.991406 -0.00646072 -0.0492932 0.982811 0.0789175 -0.0540795 0.982811 0.0872079 -0.07648 0.982811 0.0700194 -0.0697111 0.982811 0.0632503 -0.0697111 0.982811 -0.0761717 -0.0764802 0.982811 -0.0829408 -0.0540797 0.982811 -0.100129 -0.0492932 0.982811 -0.0918389 0.0890134 0.991406 -0.00646072 0.0985864 0.982811 -0.00646072 0.095227 0.982811 0.0190552 0.0859803 0.991406 0.0165777 0.0985864 0.982811 -0.00646072 0.095227 0.982811 0.0190552 -0.0230382 0.991406 0.0795196 -0.0255157 0.982811 0.0887664 -0.0492932 0.982811 0.0789175 -0.0445067 0.991406 0.0706272 -0.0255157 0.982811 0.0887664 -0.0770878 0.991406 -0.0509675 -0.0853781 0.982811 -0.055754 -0.0697111 0.982811 -0.0761717 -0.062942 0.991406 -0.0694026 -0.0853781 0.982811 -0.055754 -0.0936685 0.982811 -0.0605403 0.095227 0.982811 -0.0319767 0.104474 0.982811 -0.0344543 8.15747e-08 0.991406 0.0825528 8.15747e-08 0.982811 0.0921256 8.15747e-08 0.982811 0.0921256 -0.0859803 0.991406 -0.029499 -0.0952269 0.982811 -0.0319767 -0.0952269 0.982811 -0.0319767 -0.104474 0.982811 -0.0344543 0.0853783 0.982811 -0.0557538 0.0936687 0.982811 -0.0605403 0.0230383 0.991406 0.0795196 0.025516 0.982811 0.0887664 0.025516 0.982811 0.0887664 0.0279937 0.982811 0.0980131 -0.0890133 0.991406 -0.00646054 -0.0985863 0.982811 -0.00646054 -0.0952269 0.982811 -0.0319767 -0.0859803 0.991406 -0.029499 0.0540797 0.982811 0.0872079 0.0279937 0.982811 0.0980131 0.00846947 0.845434 0.0251475 0.0163617 0.845434 0.0218785 0.0697109 0.982811 -0.0761717 0.07648 0.982811 -0.0829408 0.0697109 0.982811 -0.0761717 0.0492932 0.982811 -0.0918389 0.0149135 0.845434 -0.0322916 0.0210908 0.845434 -0.0275515 -0.0952269 0.982811 0.0190554 -0.108159 0.982811 -0.00646054 -0.0985863 0.982811 -0.00646054 -0.108159 0.982811 -0.00646054 -0.104474 0.982811 -0.0344543 -0.0316082 0.845434 -0.0149301 -0.0327232 0.845434 -0.00646072 0.0697109 0.982811 0.0632505 0.0540797 0.982811 0.0872079 0.0492932 0.982811 0.0789176 -0.0853781 0.982811 0.0428325 0.0230385 0.991406 -0.0924409 0.0255162 0.982811 -0.101688 0.0492932 0.982811 -0.0918389 0.0445067 0.991406 -0.0835486 0.0255162 0.982811 -0.101688 0.0492932 0.982811 -0.0918389 -0.0255162 0.982811 -0.101688 8.15747e-08 0.982811 -0.105047 0.0853783 0.982811 0.0428324 8.15747e-08 0.991406 -0.0954741 8.15747e-08 0.982811 -0.105047 -0.0966401 0.991406 -0.062256 -0.107788 0.991406 -0.0353426 -0.062942 0.991406 0.0564812 0.0445067 0.991406 0.0706272 -0.0859803 0.991406 0.0165779 0.0629418 0.991406 0.0564814 -0.0770878 0.991406 0.038046 0.077088 0.991406 0.0380459 -0.104474 0.982811 -0.0344543 -0.0697111 0.982811 0.0632503 -0.0492932 0.982811 -0.0918389 0.095227 0.982811 -0.0319767 0.0853783 0.982811 -0.0557538 0.0697109 0.982811 -0.0761717 0.0492932 0.982811 0.0789176 -0.0952269 0.982811 0.0190554 0.0697109 0.982811 0.0632505 -0.0853781 0.982811 0.0428325 -0.0255162 0.982811 -0.101688 0.0853783 0.982811 0.0428324 -0.0985863 0.982811 -0.00646054 -0.0298269 0.845434 -0.00646072 0.0540797 0.982811 -0.100129 0.07648 0.982811 -0.0829408 0.0231388 0.845434 -0.0295994 0.0163617 0.845434 -0.0347999 0.0492932 0.982811 0.0789176 0.0149135 0.845434 0.0193703 -0.104474 0.982811 -0.0344543 -0.0952269 0.982811 -0.0319767 -0.0288106 0.845434 -0.0141805 -0.0316082 0.845434 -0.0149301 0.0492932 0.982811 -0.0918389 0.0149135 0.845434 -0.0322916 0.025516 0.982811 0.0887664 0.00771982 0.845434 0.0223499 0.0492932 0.982811 0.0789176 0.0149135 0.845434 0.0193703 -0.029952 0.745558 0.0454176 -0.0155041 0.745558 0.051402 -0.0110823 0.795152 0.0348995 -0.0214096 0.795152 0.0306217 -0.0250683 0.681832 -0.100016 -0.0484279 0.681832 -0.0903399 -0.029952 0.745558 -0.0583389 -0.0155044 0.745558 -0.0643233 0.0250681 0.681832 -0.100016 8.15747e-08 0.681832 -0.103316 8.15747e-08 0.745558 -0.0663645 0.0155044 0.745558 -0.0643233 -0.0838791 0.681832 0.0419671 -0.0684871 0.681832 0.0620264 -0.0423585 0.745558 0.0358977 -0.0518783 0.745558 0.0234914 0.068487 0.681832 0.0620264 0.0838793 0.681832 0.0419669 0.0518783 0.745558 0.0234912 0.0423585 0.745558 0.0358979 0.0484277 0.681832 -0.0903399 0.029952 0.745558 -0.0583389 -0.0935551 0.681832 0.0186075 -0.0578626 0.745558 0.0090436 0.0484277 0.681832 0.0774185 0.029952 0.745558 0.0454176 0.068487 0.681832 -0.0749478 0.0423585 0.745558 -0.0488191 -0.0968553 0.681832 -0.00646054 -0.0599039 0.745558 -0.00646054 0.025068 0.681832 0.0870945 0.0155042 0.745558 0.051402 0.0838793 0.681832 -0.0548883 0.0518783 0.745558 -0.0364126 -0.0935551 0.681832 -0.0315288 -0.0578626 0.745558 -0.021965 8.15747e-08 0.681832 0.0903947 8.15747e-08 0.745558 0.0534433 0.0935551 0.681832 -0.0315288 0.0578628 0.745558 -0.021965 -0.0838791 0.681832 -0.0548885 -0.0518783 0.745558 -0.0364126 -0.0250678 0.681832 0.0870945 0.0968553 0.681832 -0.00646072 0.0599039 0.745558 -0.00646072 -0.0684872 0.681832 -0.0749477 -0.0423585 0.745558 -0.0488191 -0.0484277 0.681832 0.0774185 0.0935551 0.681832 0.0186074 0.0578628 0.745558 0.0090436 0.0302777 0.795152 -0.0367383 0.0214097 0.795152 -0.0435432 0.0214097 0.895548 -0.0435432 0.0302777 0.895548 -0.0367383 0.0428192 0.795152 -0.00646072 0.0413603 0.795152 0.00462167 -0.0302777 0.795152 -0.0367383 -0.0214096 0.795152 -0.0435432 -0.0302775 0.795152 0.0238171 0.0370825 0.795152 0.0149489 -0.0110825 0.795152 -0.0478207 8.15747e-08 0.795152 -0.0492798 0.0110826 0.795152 -0.0478207 -0.0370824 0.795152 0.0149489 0.0302777 0.795152 0.0238171 0.0214097 0.795152 -0.0435432 -0.0413599 0.795152 0.00462184 0.0214097 0.795152 0.0306217 0.0302777 0.795152 -0.0367383 -0.042819 0.795152 -0.00646072 0.0110825 0.795152 0.0348995 0.0370825 0.795152 -0.0278702 -0.0413599 0.795152 -0.0175431 8.15747e-08 0.795152 0.0363586 0.0413603 0.795152 -0.0175431 -0.0370824 0.795152 -0.0278704 0.00128211 0.928932 -0.0112446 8.15747e-08 0.928932 -0.0114133 -0.00128195 0.928932 -0.0112446 -0.00247639 0.928932 -0.0107499 -0.00350199 0.928932 -0.00996278 -0.0042891 0.928932 -0.00893719 -0.00478385 0.928932 -0.00774258 -0.0049527 0.928932 -0.00646054 -0.00478385 0.928932 -0.00517869 -0.0042891 0.928932 -0.00398424 -0.00350199 0.928932 -0.00295865 -0.00247639 0.928932 -0.00217154 -0.00128161 0.928932 -0.00167662 8.15747e-08 0.928932 -0.00150794 0.00128194 0.928932 -0.00167662 0.00247639 0.928932 -0.00217137 0.00350215 0.928932 -0.00295848 0.00428926 0.928932 -0.00398441 0.00478401 0.928932 -0.00517885 0.00495286 0.928932 -0.00646072 0.00478401 0.928932 -0.00774258 0.00428926 0.928932 -0.00893702 0.00350215 0.928932 -0.00996278 0.00247639 0.928932 -0.0107499 -0.042819 0.795152 -0.00646072 -0.0413599 0.795152 0.00462184 -0.0413599 0.895548 0.00462184 -0.042819 0.895548 -0.00646072 0.0110825 0.795152 0.0348995 0.0214097 0.795152 0.0306217 0.0214097 0.895548 0.0306217 0.0110825 0.895548 0.0348995 0.0370825 0.795152 -0.0278702 0.0370825 0.895548 -0.0278702 -0.0413599 0.795152 -0.0175431 -0.0413599 0.895548 -0.0175431 8.15747e-08 0.795152 0.0363586 8.15747e-08 0.895548 0.0363586 0.0413603 0.795152 -0.0175431 0.0413603 0.895548 -0.0175431 -0.0370824 0.795152 -0.0278704 -0.0370824 0.895548 -0.0278704 -0.0110823 0.795152 0.0348995 -0.0110823 0.895548 0.0348995 0.0428192 0.795152 -0.00646072 0.0428192 0.895548 -0.00646072 -0.0302777 0.795152 -0.0367383 -0.0302777 0.895548 -0.0367383 -0.0214096 0.795152 0.0306217 -0.0214096 0.895548 0.0306217 0.0413603 0.795152 0.00462167 0.0413603 0.895548 0.00462167 -0.0214096 0.795152 -0.0435432 -0.0214096 0.895548 -0.0435432 -0.0302775 0.795152 0.0238171 -0.0302775 0.895548 0.0238171 0.0370825 0.795152 0.0149489 0.0370825 0.895548 0.0149489 -0.0110825 0.795152 -0.0478207 -0.0110825 0.895548 -0.0478207 0.0110826 0.795152 -0.0478207 8.15747e-08 0.795152 -0.0492798 8.15747e-08 0.895548 -0.0492798 0.0110826 0.895548 -0.0478207 -0.0370824 0.795152 0.0149489 -0.0370824 0.895548 0.0149489 0.0302777 0.795152 0.0238171 0.0302777 0.895548 0.0238171 -0.0110825 0.795152 -0.0478207 -0.0110825 0.895548 -0.0478207 8.15747e-08 0.911358 -0.0423179 0.0092807 0.911358 -0.0410961 0.0110826 0.895548 -0.0478207 8.15747e-08 0.895548 -0.0492798 0.0179287 0.911358 -0.037514 0.0214097 0.895548 -0.0435432 0.025355 0.911358 -0.0318157 0.0302777 0.895548 -0.0367383 0.0310534 0.911358 -0.0243893 0.0370825 0.895548 -0.0278702 0.0346357 0.911358 -0.0157412 0.0413603 0.895548 -0.0175431 0.0358575 0.911358 -0.00646072 0.0428192 0.895548 -0.00646072 0.0346357 0.911358 0.00281991 0.0413603 0.895548 0.00462167 0.0310534 0.911358 0.0114679 0.0370825 0.895548 0.0149489 0.025355 0.911358 0.0188942 0.0302777 0.895548 0.0238171 0.0179287 0.911358 0.0245927 0.0214097 0.895548 0.0306217 0.0092807 0.911358 0.0281749 0.0110825 0.895548 0.0348995 8.15747e-08 0.911358 0.0293967 8.15747e-08 0.895548 0.0363586 -0.00928037 0.911358 0.0281749 -0.0110823 0.895548 0.0348995 -0.0179285 0.911358 0.0245926 -0.0214096 0.895548 0.0306217 -0.0253549 0.911358 0.0188942 -0.0302775 0.895548 0.0238171 -0.0310532 0.911358 0.0114681 -0.0370824 0.895548 0.0149489 -0.0346353 0.911358 0.00281991 -0.0413599 0.895548 0.00462184 -0.0358571 0.911358 -0.00646054 -0.042819 0.895548 -0.00646072 -0.0346353 0.911358 -0.0157412 -0.0413599 0.895548 -0.0175431 -0.0310532 0.911358 -0.0243893 -0.0370824 0.895548 -0.0278704 -0.0253549 0.911358 -0.0318157 -0.0302777 0.895548 -0.0367383 -0.0179287 0.911358 -0.037514 -0.0214096 0.895548 -0.0435432 -0.00928054 0.911358 -0.0410961 -0.0110825 0.895548 -0.0478207 8.15747e-08 0.921244 -0.0305027 0.00622275 0.921244 -0.0296834 0.0120211 0.921244 -0.0272817 0.0170004 0.921244 -0.0234609 0.0208212 0.921244 -0.0184816 0.0232229 0.921244 -0.0126832 0.0240422 0.921244 -0.00646072 0.0232229 0.921244 -0.000238219 0.0208212 0.921244 0.00556035 0.0170003 0.921244 0.0105396 0.0120211 0.921244 0.0143604 0.00622258 0.921244 0.0167621 8.15747e-08 0.921244 0.0175814 -0.00622241 0.921244 0.0167621 -0.012021 0.921244 0.0143604 -0.0170003 0.921244 0.0105396 -0.0208209 0.921244 0.00556035 -0.0232228 0.921244 -0.000238055 -0.0240419 0.921244 -0.00646054 -0.0232228 0.921244 -0.0126832 -0.0208209 0.921244 -0.0184818 -0.0170003 0.921244 -0.0234609 -0.012021 0.921244 -0.0272817 -0.00622258 0.921244 -0.0296834 -0.0705446 -0.897738 0.121269 0.0679016 -0.897738 0.121269 0.0679016 -0.927161 0.138257 -0.0705446 -0.927161 0.138257 0.0679016 -0.927161 0.172231 -0.0705446 -0.927161 0.172231 0.0679016 -0.897738 0.189218 -0.0705446 -0.897738 0.189218 0.0679016 -0.87434 0.254039 -0.0705446 -0.87434 0.254039 -0.0705446 -0.887945 0.438783 0.0679016 -0.887945 0.438783 0.0679016 -0.868315 0.172231 0.0679016 -0.897738 0.189218 0.0871193 -0.897738 0.189218 0.0871193 -0.868315 0.172231 -0.0705446 -0.868315 0.138257 0.0679016 -0.868315 0.138257 -0.0705446 -0.868315 0.172231 -0.0918447 -0.927161 0.138257 -0.0918447 -0.897738 0.121269 -0.0705446 -0.917368 0.45577 0.0679018 -0.917368 0.45577 0.0679016 -0.887945 0.438783 -0.0705446 -0.887945 0.438783 -0.0705446 -0.903763 0.271026 -0.0705446 -0.917368 0.45577 0.0679016 -0.903763 0.271026 0.0679018 -0.917368 0.45577 0.0679016 -0.903763 0.271026 0.0679018 -0.917368 0.45577 -0.0361759 -0.898003 0.196147 0.0335329 -0.898003 0.196147 0.0335329 -0.903598 0.263552 -0.0361759 -0.903598 0.263552 0.0335329 -0.898003 0.196147 0.0335329 -0.86858 0.181077 0.0335329 -0.874176 0.248482 0.0335329 -0.903598 0.263552 -0.0361759 -0.86858 0.181077 -0.0361759 -0.874176 0.248482 -0.0361759 -0.86858 0.181077 0.0335329 -0.86858 0.181077 -0.0705446 -0.897738 0.189218 -0.0361759 -0.898003 0.196147 0.0335329 -0.898003 0.196147 0.0335329 -0.898003 0.196147 -0.0361759 -0.898003 0.196147 0.0871193 -0.927161 0.138257 0.0871193 -0.897738 0.121269 0.0871193 -0.868315 0.138257 0.0871193 -0.868315 0.172231 0.0871193 -0.897738 0.189218 0.0871193 -0.927161 0.172231 0.0871193 -0.927161 0.138257 0.0871193 -0.927161 0.172231 0.0871193 -0.868315 0.138257 0.0871193 -0.897738 0.121269 0.0871193 -0.897738 0.189218 -0.0918447 -0.897738 0.121269 -0.0918447 -0.927161 0.138257 -0.0918447 -0.927161 0.172231 -0.0918447 -0.897738 0.189218 -0.0918447 -0.868315 0.172231 -0.0918447 -0.868315 0.138257 -0.0918447 -0.897738 0.189218 -0.0918447 -0.927161 0.172231 -0.0918447 -0.868315 0.138257 -0.0918447 -0.868315 0.172231 -0.0918447 -0.897738 0.189218 -0.10928 -0.897738 0.134109 0.106637 -0.897738 0.134109 0.106637 -0.916041 0.144676 -0.10928 -0.916041 0.144676 0.106637 -0.916041 0.165811 -0.10928 -0.916041 0.165811 -0.10928 -0.916041 0.165811 0.106637 -0.916041 0.165811 0.106637 -0.897738 0.176379 -0.10928 -0.897738 0.176379 0.106637 -0.879435 0.165811 -0.10928 -0.879435 0.165811 0.106637 -0.916041 0.144676 0.106637 -0.897738 0.134109 0.106637 -0.879435 0.144676 0.106637 -0.879435 0.165811 0.106637 -0.897738 0.176379 0.106637 -0.916041 0.165811 -0.10928 -0.879435 0.144676 0.106637 -0.879435 0.144676 -0.10928 -0.897738 0.134109 -0.10928 -0.916041 0.144676 -0.10928 -0.916041 0.165811 -0.10928 -0.897738 0.176379 -0.10928 -0.879435 0.165811 -0.10928 -0.879435 0.144676 -0.161778 0.525682 -0.0232235 -0.161778 0.579014 -0.0232235 -0.141643 0.579014 -0.0115986 -0.141643 0.525682 -0.0115986 -0.141643 0.579014 0.0116513 -0.141643 0.525682 0.0116513 -0.161778 0.579014 0.0232761 -0.161778 0.525682 0.0232761 -0.181913 0.579014 0.0116513 -0.181913 0.525682 0.0116513 -0.181913 0.525682 -0.0115986 -0.181913 0.579014 -0.0115986 -0.181913 0.525682 0.0116513 -0.181913 0.579014 0.0116513 -0.161778 0.525682 -0.0232235 -0.141643 0.525682 -0.0115986 -0.141643 0.525682 0.0116513 -0.161778 0.525682 0.0232761 -0.181913 0.525682 0.0116513 -0.181913 0.525682 -0.0115986 -0.161778 0.57473 -0.038064 -0.161778 0.686643 -0.038064 -0.128791 0.686643 -0.0190188 -0.128791 0.57473 -0.0190188 -0.128791 0.686643 0.0190715 -0.128791 0.57473 0.0190715 -0.161778 0.686643 0.0381165 -0.161778 0.57473 0.0381165 -0.194765 0.686643 0.0190715 -0.194765 0.57473 0.0190715 -0.194765 0.57473 -0.0190188 -0.194765 0.686643 -0.0190188 -0.194765 0.57473 0.0190715 -0.194765 0.686643 0.0190715 -0.161778 0.57473 -0.038064 -0.128791 0.57473 -0.0190188 -0.128791 0.57473 0.0190715 -0.161778 0.57473 0.0381165 -0.194765 0.57473 0.0190715 -0.194765 0.57473 -0.0190188 0.161196 0.525682 -0.0232235 0.161196 0.579014 -0.0232235 0.181331 0.579014 -0.0115986 0.181331 0.525682 -0.0115986 0.181331 0.579014 0.0116513 0.181331 0.525682 0.0116513 0.161196 0.579014 0.0232761 0.161196 0.525682 0.0232761 0.161196 0.525682 0.0232761 0.161196 0.579014 0.0232761 0.141062 0.579014 0.0116513 0.141062 0.525682 0.0116513 0.141062 0.525682 -0.0115986 0.141062 0.579014 -0.0115986 0.161196 0.525682 -0.0232235 0.181331 0.525682 -0.0115986 0.181331 0.525682 0.0116513 0.161196 0.525682 0.0232761 0.141062 0.525682 0.0116513 0.141062 0.525682 -0.0115986 0.161196 0.57473 -0.038064 0.161196 0.686643 -0.038064 0.194184 0.686643 -0.0190188 0.194184 0.57473 -0.0190188 0.194184 0.686643 0.0190715 0.194184 0.57473 0.0190715 0.161196 0.686643 0.0381165 0.161196 0.57473 0.0381165 0.161196 0.57473 0.0381165 0.161196 0.686643 0.0381165 0.128209 0.686643 0.0190715 0.128209 0.57473 0.0190715 0.128209 0.57473 -0.0190188 0.128209 0.686643 -0.0190188 0.161196 0.57473 -0.038064 0.194184 0.57473 -0.0190188 0.194184 0.57473 0.0190715 0.161196 0.57473 0.0381165 0.128209 0.57473 0.0190715 0.128209 0.57473 -0.0190188 8.15747e-08 0.419139 -0.105552 8.15747e-08 0.48723 -0.100034 0.0242188 0.48723 -0.0968457 0.0256467 0.41914 -0.102175 0.0467867 0.48723 -0.0874977 0.0495457 0.41914 -0.092276 0.0661666 0.48723 -0.0726271 0.0700681 0.41914 -0.0765286 0.0810371 0.48723 -0.0532474 0.0858155 0.41914 -0.0560061 0.0903851 0.48723 -0.0306792 0.0957147 0.41914 -0.0321074 0.0935736 0.48723 -0.00646072 0.0990913 0.41914 -0.00646072 0.0903851 0.48723 0.017758 0.0957147 0.41914 0.0191859 0.0810371 0.48723 0.0403261 0.0858155 0.41914 0.0430849 0.0661666 0.48723 0.0597058 0.0700681 0.41914 0.0636073 0.0467869 0.48723 0.0745765 0.0495457 0.41914 0.0793547 0.0242188 0.48723 0.0839243 0.0256467 0.41914 0.089254 8.15747e-08 0.48723 0.0871128 8.15747e-08 0.41914 0.0926305 -0.0242184 0.48723 0.0839245 -0.0256466 0.41914 0.089254 -0.0467866 0.48723 0.0745765 -0.0495453 0.41914 0.0793547 -0.0661663 0.48723 0.0597058 -0.0700678 0.41914 0.0636073 -0.0810369 0.48723 0.0403261 -0.0858154 0.41914 0.0430849 -0.0903849 0.48723 0.017758 -0.0957146 0.41914 0.0191861 -0.0935734 0.48723 -0.00646054 -0.0990911 0.41914 -0.00646054 -0.0903849 0.48723 -0.0306792 -0.0957146 0.41914 -0.0321072 -0.0810369 0.48723 -0.0532474 -0.0858154 0.41914 -0.0560061 -0.0661664 0.48723 -0.0726271 -0.0700679 0.41914 -0.0765286 -0.0467868 0.48723 -0.0874977 -0.0495455 0.41914 -0.092276 -0.0903849 0.48723 0.017758 -0.0810369 0.48723 0.0403261 -0.113779 0.513353 0.0592299 -0.126904 0.513353 0.0275433 -0.0256467 0.41914 -0.102175 -0.0242186 0.48723 -0.0968457 8.15747e-08 0.48723 -0.100034 8.15747e-08 0.419139 -0.105552 0.266377 -0.967771 -0.160253 0.297105 -0.967771 -0.0860696 0.366354 -0.984563 -0.104625 0.328464 -0.984563 -0.196099 -0.0860273 -0.173485 -0.155464 -0.0851396 -0.140161 -0.153927 -0.0440716 -0.140161 -0.170938 -0.0445311 -0.173485 -0.172653 8.15747e-08 -0.140161 -0.17674 8.15747e-08 -0.173485 -0.178515 -0.121661 -0.173485 -0.128122 -0.120406 -0.140161 -0.126866 -0.149004 -0.173485 -0.092488 -0.147466 -0.140161 -0.0916002 -0.166192 -0.173485 -0.0509916 -0.164477 -0.140161 -0.0505321 -0.172055 -0.173485 -0.00646054 -0.170279 -0.140161 -0.00646054 -0.166192 -0.173485 0.0380705 -0.164477 -0.140161 0.037611 -0.149004 -0.173485 0.0795667 -0.147466 -0.140161 0.078679 -0.121661 -0.173485 0.1152 -0.120405 -0.140161 0.113945 -0.0860272 -0.173485 0.142543 -0.0851394 -0.140161 0.141006 -0.044531 -0.173485 0.159732 -0.0440713 -0.140161 0.158017 8.15747e-08 -0.173485 0.165594 8.15747e-08 -0.140161 0.163819 0.0445311 -0.173485 0.159731 0.0440716 -0.140161 0.158017 0.0860275 -0.173485 0.142543 0.0851398 -0.140161 0.141006 0.121661 -0.173485 0.1152 0.120406 -0.140161 0.113945 0.149004 -0.173485 0.0795667 0.147466 -0.140161 0.078679 0.166192 -0.173485 0.0380703 0.164477 -0.140161 0.0376108 0.172055 -0.173485 -0.00646072 0.170279 -0.140161 -0.00646072 0.166192 -0.173485 -0.0509918 0.164477 -0.140161 -0.0505321 0.149004 -0.173485 -0.092488 0.147466 -0.140161 -0.0916002 0.121661 -0.173485 -0.128122 0.120406 -0.140161 -0.126866 0.0860275 -0.173485 -0.155464 0.0851398 -0.140161 -0.153927 0.0445311 -0.173485 -0.172653 0.0440716 -0.140161 -0.170938 8.15747e-08 -0.173485 -0.178515 8.15747e-08 -0.140161 -0.17674 -0.0594718 0.160019 -0.109469 -0.0660157 0.173534 -0.120803 -0.0341722 0.173534 -0.133993 -0.0307848 0.160019 -0.121351 8.15747e-08 0.173534 -0.138492 8.15747e-08 0.160019 -0.125404 -0.0841058 0.160019 -0.0905664 -0.0933603 0.173534 -0.0998209 -0.103008 0.160019 -0.0659324 -0.114343 0.173534 -0.0724763 -0.114891 0.160019 -0.0372454 -0.127533 0.173534 -0.0406329 -0.118943 0.160019 -0.00646054 -0.132032 0.173534 -0.00646054 -0.114891 0.160019 0.0243243 -0.127533 0.173534 0.0277116 -0.103008 0.160019 0.0530111 -0.114343 0.173534 0.0595551 -0.0841056 0.160019 0.0776452 -0.0933603 0.173534 0.0868998 -0.0594716 0.160019 0.0965475 -0.0660155 0.173534 0.107882 -0.0307848 0.160019 0.10843 -0.0341721 0.173534 0.121072 8.15747e-08 0.160019 0.112483 8.15747e-08 0.173534 0.125571 0.0307849 0.160019 0.10843 0.0341724 0.173534 0.121072 0.0594719 0.160019 0.0965474 0.0660159 0.173534 0.107882 0.0841058 0.160019 0.0776452 0.0933604 0.173534 0.0868996 0.103008 0.160019 0.0530111 0.114343 0.173534 0.0595551 0.114891 0.160019 0.0243241 0.127533 0.173534 0.0277116 0.118944 0.160019 -0.00646072 0.132032 0.173534 -0.00646072 0.114891 0.160019 -0.0372456 0.127533 0.173534 -0.0406329 0.103008 0.160019 -0.0659324 0.114343 0.173534 -0.0724763 0.0841058 0.160019 -0.0905664 0.0933604 0.173534 -0.0998211 0.0594719 0.160019 -0.109469 0.0660159 0.173534 -0.120803 0.0307849 0.160019 -0.121351 0.0341724 0.173534 -0.133993 8.15747e-08 0.160019 -0.125404 8.15747e-08 0.173534 -0.138492 -0.0652017 0.209077 -0.119393 -0.0337509 0.209077 -0.132421 8.15747e-08 0.209077 -0.136864 -0.0922091 0.209077 -0.0986697 -0.112933 0.209077 -0.0716622 -0.12596 0.209077 -0.0402115 -0.130403 0.209077 -0.00646054 -0.12596 0.209077 0.0272902 -0.112933 0.209077 0.0587411 -0.0922089 0.209077 0.0857485 -0.0652016 0.209077 0.106472 -0.0337507 0.209077 0.119499 8.15747e-08 0.209077 0.123943 0.033751 0.209077 0.119499 0.0652017 0.209077 0.106472 0.0922091 0.209077 0.0857485 0.112933 0.209077 0.0587409 0.12596 0.209077 0.0272902 0.130403 0.209077 -0.00646072 0.12596 0.209077 -0.0402115 0.112933 0.209077 -0.0716624 0.0922091 0.209077 -0.0986697 0.0652017 0.209077 -0.119393 0.0337509 0.209077 -0.132421 8.15747e-08 0.209077 -0.136864 -0.0583452 0.214869 -0.107518 -0.0302018 0.214869 -0.119175 8.15747e-08 0.214869 -0.123151 -0.0825126 0.214869 -0.0889732 -0.101057 0.214869 -0.0648059 -0.112714 0.214869 -0.0366624 -0.116691 0.214869 -0.00646054 -0.112714 0.214869 0.0237411 -0.101057 0.214869 0.0518846 -0.0825126 0.214869 0.0760521 -0.0583452 0.214869 0.0945964 -0.0302016 0.214869 0.106254 8.15747e-08 0.214869 0.11023 0.0302019 0.214869 0.106254 0.0583454 0.214869 0.0945963 0.0825128 0.214869 0.076052 0.101057 0.214869 0.0518846 0.112715 0.214869 0.0237411 0.116691 0.214869 -0.00646072 0.112715 0.214869 -0.0366624 0.101057 0.214869 -0.0648059 0.0825128 0.214869 -0.0889734 0.0583454 0.214869 -0.107518 0.0302018 0.214869 -0.119175 8.15747e-08 0.214869 -0.123151 8.15747e-08 -0.125336 -0.1375 0.0339154 -0.125336 -0.133035 0.0655194 -0.125336 -0.119944 0.0926585 -0.125336 -0.0991191 0.113483 -0.125336 -0.07198 0.126574 -0.125336 -0.0403761 0.131039 -0.125336 -0.00646072 0.126574 -0.125336 0.0274546 0.113483 -0.125336 0.0590588 0.0926585 -0.125336 0.0861977 0.0655196 -0.125336 0.107022 0.0339154 -0.125336 0.120113 8.15747e-08 -0.125336 0.124578 -0.0339153 -0.125336 0.120113 -0.0655193 -0.125336 0.107022 -0.0926583 -0.125336 0.0861979 -0.113483 -0.125336 0.0590588 -0.126574 -0.125336 0.0274548 -0.131039 -0.125336 -0.00646054 -0.126574 -0.125336 -0.0403759 -0.113483 -0.125336 -0.07198 -0.0926583 -0.125336 -0.099119 -0.0655194 -0.125336 -0.119944 -0.0339153 -0.125336 -0.133034 8.15747e-08 -0.125336 -0.1375 8.15747e-08 -0.193009 -0.13953 0.034441 -0.193009 -0.134996 0.0665349 -0.193009 -0.121702 0.0940945 -0.193009 -0.100555 0.115242 -0.193009 -0.0729954 0.128535 -0.193009 -0.0409016 0.13307 -0.193009 -0.00646072 0.128535 -0.193009 0.0279804 0.115242 -0.193009 0.0600741 0.0940945 -0.193009 0.0876337 0.0665349 -0.193009 0.108781 0.034441 -0.193009 0.122075 8.15747e-08 -0.193009 0.126609 -0.0344408 -0.193009 0.122075 -0.0665346 -0.193009 0.108781 -0.0940943 -0.193009 0.0876337 -0.115242 -0.193009 0.0600741 -0.128535 -0.193009 0.0279804 -0.13307 -0.193009 -0.00646054 -0.128535 -0.193009 -0.0409014 -0.115242 -0.193009 -0.0729954 -0.0940943 -0.193009 -0.100555 -0.0665347 -0.193009 -0.121702 -0.034441 -0.193009 -0.134996 8.15747e-08 -0.193009 -0.13953 -0.0765666 -0.733065 -0.139078 -0.0396338 -0.733065 -0.154376 8.15747e-08 -0.733065 -0.159594 -0.108282 -0.733065 -0.114742 -0.132617 -0.733065 -0.0830272 -0.147915 -0.733065 -0.0460944 -0.153133 -0.733065 -0.00646054 -0.147915 -0.733065 0.0331731 -0.132617 -0.733065 0.0701059 -0.108281 -0.733065 0.101821 -0.0765664 -0.733065 0.126157 -0.0396336 -0.733065 0.141455 8.15747e-08 -0.733065 0.146673 0.0396339 -0.733065 0.141455 0.0765667 -0.733065 0.126157 0.108282 -0.733065 0.101821 0.132617 -0.733065 0.0701059 0.147915 -0.733065 0.0331731 0.153133 -0.733065 -0.00646072 0.147915 -0.733065 -0.0460944 0.132617 -0.733065 -0.0830272 0.108282 -0.733065 -0.114742 0.0765667 -0.733065 -0.139078 0.0396339 -0.733065 -0.154376 8.15747e-08 -0.733065 -0.159594 -0.0569469 0.282959 -0.105096 -0.0525588 0.351049 -0.0974951 -0.0272064 0.351049 -0.107997 -0.0294779 0.282959 -0.116474 8.15747e-08 0.351049 -0.111578 8.15747e-08 0.282959 -0.120354 -0.080535 0.282959 -0.0869956 -0.0743294 0.351049 -0.0807901 -0.0986348 0.282959 -0.0634075 -0.0910345 0.351049 -0.0590194 -0.110013 0.282959 -0.0359384 -0.101536 0.351049 -0.033667 -0.113894 0.282959 -0.00646054 -0.105118 0.351049 -0.00646054 -0.110013 0.282959 0.0230173 -0.101536 0.351049 0.0207458 -0.0986348 0.282959 0.0504862 -0.0910345 0.351049 0.0460982 -0.080535 0.282959 0.0740745 -0.0743292 0.351049 0.0678688 -0.0569467 0.282959 0.0921744 -0.0525586 0.351049 0.084574 -0.0294778 0.282959 0.103552 -0.0272064 0.351049 0.0950753 8.15747e-08 0.282959 0.107433 8.15747e-08 0.351049 0.0986571 0.0294779 0.282959 0.103552 0.0272066 0.351049 0.0950753 0.056947 0.282959 0.0921742 0.052559 0.351049 0.0845739 0.0805351 0.282959 0.0740743 0.0743296 0.351049 0.0678688 0.098635 0.282959 0.0504862 0.0910347 0.351049 0.0460982 0.110013 0.282959 0.0230173 0.101536 0.351049 0.0207458 0.113894 0.282959 -0.00646072 0.105118 0.351049 -0.00646072 0.110013 0.282959 -0.0359386 0.101536 0.351049 -0.033667 0.098635 0.282959 -0.0634075 0.0910347 0.351049 -0.0590194 0.0805351 0.282959 -0.0869958 0.0743296 0.351049 -0.0807901 0.056947 0.282959 -0.105096 0.052559 0.351049 -0.0974953 0.0294779 0.282959 -0.116474 0.0272066 0.351049 -0.107997 8.15747e-08 0.282959 -0.120354 8.15747e-08 0.351049 -0.111578 8.15747e-08 -0.804187 -0.176052 8.15747e-08 -0.765222 -0.174312 0.0434433 -0.765222 -0.168593 0.0438937 -0.804187 -0.170274 0.0839258 -0.765222 -0.151824 0.0847959 -0.804187 -0.153331 0.118689 -0.765222 -0.12515 0.11992 -0.804187 -0.12638 0.145364 -0.765222 -0.0903865 0.146871 -0.804187 -0.0912566 0.162132 -0.765222 -0.0499039 0.163813 -0.804187 -0.0503542 0.167852 -0.765222 -0.00646072 0.169592 -0.804187 -0.00646072 0.162132 -0.765222 0.0369825 0.163813 -0.804187 0.0374329 0.145364 -0.765222 0.077465 0.146871 -0.804187 0.0783353 0.118689 -0.765222 0.112228 0.11992 -0.804187 0.113459 0.0839258 -0.765222 0.138903 0.0847961 -0.804187 0.14041 0.0434433 -0.765222 0.155672 0.0438937 -0.804187 0.157352 8.15747e-08 -0.765222 0.161391 8.15747e-08 -0.804187 0.163131 -0.0434431 -0.765222 0.155672 -0.0438934 -0.804187 0.157352 -0.0839257 -0.765222 0.138903 -0.0847958 -0.804187 0.14041 -0.118689 -0.765222 0.112228 -0.119919 -0.804187 0.113459 -0.145364 -0.765222 0.0774652 -0.146871 -0.804187 0.0783353 -0.162132 -0.765222 0.0369826 -0.163813 -0.804187 0.0374331 -0.167851 -0.765222 -0.00646054 -0.169592 -0.804187 -0.00646054 -0.162132 -0.765222 -0.0499037 -0.163813 -0.804187 -0.0503542 -0.145364 -0.765222 -0.0903863 -0.146871 -0.804187 -0.0912564 -0.118689 -0.765222 -0.12515 -0.119919 -0.804187 -0.12638 -0.0839258 -0.765222 -0.151824 -0.0847959 -0.804187 -0.153331 -0.0438935 -0.804187 -0.170274 -0.0434433 -0.765222 -0.168593 8.15747e-08 -0.765222 -0.174312 8.15747e-08 -0.804187 -0.176052 -0.078219 -0.815459 -0.14194 -0.0404892 -0.815459 -0.157568 8.15747e-08 -0.815459 -0.162899 -0.110618 -0.815459 -0.117079 -0.135479 -0.815459 -0.0846796 -0.151107 -0.815459 -0.0469496 -0.156438 -0.815459 -0.00646054 -0.151107 -0.815459 0.0340285 -0.135479 -0.815459 0.0717583 -0.110618 -0.815459 0.104158 -0.0782188 -0.815459 0.129019 -0.040489 -0.815459 0.144647 8.15747e-08 -0.815459 0.149977 0.0404893 -0.815459 0.144647 0.0782191 -0.815459 0.129019 0.110618 -0.815459 0.104158 0.135479 -0.815459 0.0717583 0.151107 -0.815459 0.0340285 0.156438 -0.815459 -0.00646072 0.151107 -0.815459 -0.0469498 0.135479 -0.815459 -0.0846796 0.110618 -0.815459 -0.117079 0.0782191 -0.815459 -0.14194 0.0404892 -0.815459 -0.157568 8.15747e-08 -0.815459 -0.162899 8.15747e-08 -0.832688 -0.133544 0.0328916 -0.832688 -0.129213 0.0635416 -0.832688 -0.116518 0.0898613 -0.832688 -0.0963219 0.110057 -0.832688 -0.0700021 0.122753 -0.832688 -0.0393522 0.127083 -0.832688 -0.00646072 0.122753 -0.832688 0.0264308 0.110057 -0.832688 0.0570808 0.0898613 -0.832688 0.0834005 0.0635416 -0.832688 0.103596 0.0328916 -0.832688 0.116292 8.15747e-08 -0.832688 0.120622 -0.0328914 -0.832688 0.116292 -0.0635413 -0.832688 0.103597 -0.0898611 -0.832688 0.0834006 -0.110057 -0.832688 0.0570808 -0.122753 -0.832688 0.0264309 -0.127083 -0.832688 -0.00646054 -0.122753 -0.832688 -0.039352 -0.110057 -0.832688 -0.0700021 -0.0898611 -0.832688 -0.0963217 -0.0635415 -0.832688 -0.116518 -0.0328916 -0.832688 -0.129213 8.15747e-08 -0.832688 -0.133544 8.15747e-08 -0.753347 -0.160347 0.039829 -0.753347 -0.155104 0.0769434 -0.753347 -0.139731 0.108814 -0.753347 -0.115275 0.13327 -0.753347 -0.0834041 0.148643 -0.753347 -0.0462894 0.153887 -0.753347 -0.00646072 0.148643 -0.753347 0.0333682 0.13327 -0.753347 0.0704826 0.108814 -0.753347 0.102354 0.0769434 -0.753347 0.126809 0.039829 -0.753347 0.142183 8.15747e-08 -0.753347 0.147426 -0.0398286 -0.753347 0.142183 -0.0769433 -0.753347 0.126809 -0.108814 -0.753347 0.102354 -0.13327 -0.753347 0.0704828 -0.148643 -0.753347 0.0333682 -0.153887 -0.753347 -0.00646054 -0.148643 -0.753347 -0.0462894 -0.13327 -0.753347 -0.0834039 -0.108814 -0.753347 -0.115275 -0.0769434 -0.753347 -0.13973 -0.0398288 -0.753347 -0.155104 8.15747e-08 -0.753347 -0.160347 -0.0981639 -0.984563 0.359893 -0.189638 -0.984563 0.322003 -0.189638 -1 0.322003 -0.0981639 -1 0.359893 0.217496 -0.967771 0.211035 0.153793 -0.967771 0.259916 0.189639 -0.984563 0.322003 0.26819 -0.984563 0.261729 -0.153792 -0.967771 0.259916 -0.217495 -0.967771 0.211035 -0.268189 -0.984563 0.261729 -0.189638 -0.984563 0.322003 -0.297104 -0.967771 -0.0860694 -0.266377 -0.967771 -0.160253 -0.328464 -0.984563 -0.196099 -0.366354 -0.984563 -0.104625 0.153793 -0.967771 -0.272837 0.217496 -0.967771 -0.223956 0.26819 -0.984563 -0.27465 0.189639 -0.984563 -0.334924 0.297105 -0.967771 0.0731481 0.266377 -0.967771 0.147332 0.328464 -0.984563 0.183178 0.366354 -0.984563 0.0917034 8.15747e-08 -0.967771 -0.314046 0.0796089 -0.967771 -0.303565 0.0981642 -0.984563 -0.372814 8.15747e-08 -0.984563 -0.385738 2.52649e-07 -0.967771 0.301124 -0.0796088 -0.967771 0.290644 -0.0981639 -0.984563 0.359893 2.52649e-07 -0.984563 0.372817 -0.297104 -0.967771 0.0731483 -0.307585 -0.967771 -0.00646054 -0.379277 -0.984563 -0.00646054 -0.366354 -0.984563 0.0917036 -0.153793 -0.967771 -0.272837 -0.0796091 -0.967771 -0.303565 -0.0981644 -0.984563 -0.372814 -0.189639 -0.984563 -0.334924 0.307585 -0.967771 -0.00646072 0.379277 -0.984563 -0.00646072 0.0796091 -0.967771 0.290644 0.0981644 -0.984563 0.359893 -0.266376 -0.967771 0.147332 -0.328464 -0.984563 0.183178 -0.217496 -0.967771 -0.223956 -0.26819 -0.984563 -0.27465 -0.116108 -0.941815 -0.122568 -0.0821005 -0.941815 -0.148663 -0.117947 -0.953453 -0.21075 -0.166802 -0.953453 -0.173262 -0.142202 -0.941815 0.0756398 -0.158606 -0.941815 0.0360378 -0.227855 -0.953453 0.0545931 -0.204289 -0.953453 0.111486 0.0424984 -0.941815 0.152145 8.15747e-08 -0.941815 0.15774 2.52649e-07 -0.953453 0.229432 0.0610539 -0.953453 0.221395 0.164201 -0.941815 -0.00646072 0.158606 -0.941815 0.0360376 0.227855 -0.953453 0.0545929 0.235893 -0.953453 -0.00646072 0.0424984 -0.941815 -0.165067 0.0821006 -0.941815 -0.148663 0.117947 -0.953453 -0.21075 0.0610537 -0.953453 -0.234316 -0.0424984 -0.941815 -0.165067 8.15747e-08 -0.941815 -0.170662 8.15747e-08 -0.953453 -0.242354 -0.0610537 -0.953453 -0.234316 -0.164201 -0.941815 -0.00646054 -0.158606 -0.941815 -0.0489589 -0.227855 -0.953453 -0.0675141 -0.235893 -0.953453 -0.00646054 -0.0424983 -0.941815 0.152145 -0.0821003 -0.941815 0.135742 -0.117946 -0.953453 0.197829 -0.0610535 -0.953453 0.221395 0.142202 -0.941815 0.0756398 0.116108 -0.941815 0.109647 0.166802 -0.953453 0.160341 0.204289 -0.953453 0.111486 0.116108 -0.941815 -0.122568 0.142202 -0.941815 -0.0885611 0.204289 -0.953453 -0.124407 0.166802 -0.953453 -0.173262 -0.142202 -0.941815 -0.0885611 -0.204289 -0.953453 -0.124407 -0.116108 -0.941815 0.109647 -0.166801 -0.953453 0.160341 0.0821006 -0.941815 0.135742 0.117947 -0.953453 0.197829 0.158606 -0.941815 -0.0489591 0.227855 -0.953453 -0.0675143 8.15747e-08 -1 -0.385738 0.0981642 -1 -0.372814 0.189639 -1 -0.334924 0.26819 -1 -0.27465 0.328464 -1 -0.196099 0.366354 -1 -0.104625 0.379277 -1 -0.00646072 0.366354 -1 0.0917034 0.328464 -1 0.183178 0.26819 -1 0.261729 0.189639 -1 0.322003 0.0981644 -1 0.359893 2.52649e-07 -1 0.372817 -0.268189 -1 0.261729 -0.328464 -1 0.183178 -0.366354 -1 0.0917036 -0.379277 -1 -0.00646054 -0.366354 -1 -0.104625 -0.328464 -1 -0.196099 -0.26819 -1 -0.27465 -0.189639 -1 -0.334924 -0.0981644 -1 -0.372814 0.379277 -0.984563 -0.00646072 0.366354 -0.984563 0.0917034 -0.26819 -0.984563 -0.27465 -0.189639 -0.984563 -0.334924 -0.268189 -0.984563 0.261729 0.328464 -0.984563 0.183178 -0.0981644 -0.984563 -0.372814 8.15747e-08 -0.984563 -0.385738 0.0981642 -0.984563 -0.372814 -0.328464 -0.984563 0.183178 0.26819 -0.984563 0.261729 8.15747e-08 -0.984563 -0.385738 0.189639 -0.984563 -0.334924 -0.366354 -0.984563 0.0917036 0.189639 -0.984563 0.322003 0.26819 -0.984563 -0.27465 -0.379277 -0.984563 -0.00646054 0.0981644 -0.984563 0.359893 0.328464 -0.984563 -0.196099 -0.366354 -0.984563 -0.104625 2.52649e-07 -0.984563 0.372817 0.366354 -0.984563 -0.104625 -0.328464 -0.984563 -0.196099 0.126904 0.513353 0.0275433 0.131381 0.513353 -0.00646072 0.131381 0.668909 -0.00646072 0.126904 0.668909 0.0275433 -0.0467868 0.48723 -0.0874977 -0.0661664 0.48723 -0.0726271 -0.0929004 0.513353 -0.099361 -0.0656905 0.513353 -0.12024 0.0903851 0.48723 -0.0306792 0.0810371 0.48723 -0.0532474 0.113779 0.513353 -0.0721511 0.126904 0.513353 -0.0404645 0.0467869 0.48723 0.0745765 0.0661666 0.48723 0.0597058 0.0929004 0.513353 0.0864398 0.0656907 0.513353 0.107319 -0.0661663 0.48723 0.0597058 -0.0467866 0.48723 0.0745765 -0.0656903 0.513353 0.107319 -0.0929002 0.513353 0.0864398 -0.0810369 0.48723 -0.0532474 -0.0903849 0.48723 -0.0306792 -0.126904 0.513353 -0.0404645 -0.113779 0.513353 -0.0721511 0.0661666 0.48723 -0.0726271 0.0467867 0.48723 -0.0874977 0.0656905 0.513353 -0.12024 0.0929004 0.513353 -0.099361 0.0810371 0.48723 0.0403261 0.0903851 0.48723 0.017758 0.126904 0.513353 0.0275433 0.113779 0.513353 0.0592299 0.0242188 0.48723 -0.0968457 8.15747e-08 0.48723 -0.100034 8.15747e-08 0.513353 -0.137842 0.0340039 0.513353 -0.133365 -0.0242184 0.48723 0.0839245 8.15747e-08 0.48723 0.0871128 8.15747e-08 0.513353 0.12492 -0.0340037 0.513353 0.120444 -0.0935734 0.48723 -0.00646054 -0.131381 0.513353 -0.00646054 -0.0242186 0.48723 -0.0968457 -0.0340039 0.513353 -0.133365 0.0935736 0.48723 -0.00646072 0.131381 0.513353 -0.00646072 0.0242188 0.48723 0.0839243 0.0340041 0.513353 0.120444 8.15747e-08 0.48723 -0.100034 8.15747e-08 0.513353 -0.137842 -0.131381 0.668909 -0.00646054 -0.126904 0.668909 0.0275433 -0.224487 0.697978 0.0536905 -0.232406 0.697978 -0.00646054 -0.0656905 0.513353 -0.12024 -0.0929004 0.513353 -0.099361 -0.0929004 0.668909 -0.099361 -0.0656905 0.668909 -0.12024 -0.0929002 0.513353 0.0864398 -0.0656903 0.513353 0.107319 -0.0656905 0.668909 0.107319 -0.0929002 0.668909 0.0864398 0.113779 0.513353 0.0592299 0.113779 0.668909 0.0592299 -0.0340039 0.513353 -0.133365 -0.0340039 0.668909 -0.133365 0.0340039 0.513353 -0.133365 8.15747e-08 0.513353 -0.137842 8.15747e-08 0.668909 -0.137842 0.0340039 0.668909 -0.133365 -0.113779 0.513353 0.0592299 -0.113779 0.668909 0.0592299 0.0929004 0.513353 0.0864398 0.0929004 0.668909 0.0864398 8.15747e-08 0.513353 -0.137842 8.15747e-08 0.668909 -0.137842 0.0656905 0.513353 -0.12024 0.0656905 0.668909 -0.12024 -0.126904 0.513353 0.0275433 -0.126904 0.668909 0.0275433 0.0656907 0.513353 0.107319 0.0656905 0.668909 0.107319 0.0929004 0.513353 -0.099361 0.0929004 0.668909 -0.099361 -0.131381 0.513353 -0.00646054 -0.131381 0.668909 -0.00646054 0.0340041 0.513353 0.120444 0.0340039 0.668909 0.120444 0.113779 0.513353 -0.0721511 0.113779 0.668909 -0.0721511 -0.126904 0.513353 -0.0404645 -0.126904 0.668909 -0.0404645 8.15747e-08 0.513353 0.12492 8.15747e-08 0.668909 0.12492 0.126904 0.513353 -0.0404645 0.126904 0.668909 -0.0404645 -0.113779 0.513353 -0.0721511 -0.113779 0.668909 -0.0721511 -0.0340037 0.513353 0.120444 -0.0340039 0.668909 0.120444 0.224487 0.697978 0.0536903 0.232406 0.697978 -0.00646072 0.358754 0.74971 -0.00646072 0.34653 0.74971 0.0863917 0.0340039 0.668909 0.120444 0.0656905 0.668909 0.107319 0.116203 0.697978 0.194809 0.0601511 0.697978 0.218026 0.113779 0.668909 -0.0721511 0.0929004 0.668909 -0.099361 0.164336 0.697978 -0.170796 0.201269 0.697978 -0.122663 -0.126904 0.668909 -0.0404645 -0.224487 0.697978 -0.0666116 8.15747e-08 0.668909 0.12492 8.15747e-08 0.697978 0.225945 0.126904 0.668909 -0.0404645 0.224487 0.697978 -0.0666117 -0.113779 0.668909 -0.0721511 -0.201269 0.697978 -0.122663 -0.0340039 0.668909 0.120444 -0.0601509 0.697978 0.218026 0.131381 0.668909 -0.00646072 -0.0929004 0.668909 -0.099361 -0.164336 0.697978 -0.170796 -0.0656905 0.668909 0.107319 -0.116203 0.697978 0.194809 0.126904 0.668909 0.0275433 -0.0656905 0.668909 -0.12024 -0.116203 0.697978 -0.20773 -0.0929002 0.668909 0.0864398 -0.164336 0.697978 0.157875 0.113779 0.668909 0.0592299 0.201269 0.697978 0.109742 -0.0340039 0.668909 -0.133365 -0.0601511 0.697978 -0.230947 0.0340039 0.668909 -0.133365 8.15747e-08 0.668909 -0.137842 8.15747e-08 0.697978 -0.238866 0.0601511 0.697978 -0.230947 -0.113779 0.668909 0.0592299 -0.201269 0.697978 0.109742 0.0929004 0.668909 0.0864398 0.164336 0.697978 0.157875 0.0656905 0.668909 -0.12024 0.116203 0.697978 -0.20773 0.0928525 0.74971 0.340069 0.179377 0.74971 0.304229 0.221374 0.806114 0.37697 0.114592 0.806114 0.421201 -0.253678 0.74971 -0.260138 -0.179377 0.74971 -0.317151 -0.179377 0.74971 0.30423 -0.253677 0.74971 0.247217 0.31069 0.74971 0.172916 -0.0928527 0.74971 -0.352991 8.15747e-08 0.74971 -0.365215 0.0928525 0.74971 -0.352991 -0.31069 0.74971 0.172916 0.253678 0.74971 0.247217 0.179377 0.74971 -0.317151 -0.34653 0.74971 0.0863919 0.253677 0.74971 -0.260138 -0.358754 0.74971 -0.00646054 0.31069 0.74971 -0.185838 -0.34653 0.74971 -0.099313 8.15747e-08 0.74971 0.352294 0.34653 0.74971 -0.0993131 -0.31069 0.74971 -0.185838 -0.0928522 0.74971 0.340069 -0.224655 0.831842 -0.395574 -0.31771 0.831842 -0.32417 -0.31307 0.844706 -0.31953 -0.221374 0.844706 -0.389891 0.31307 0.806114 -0.319531 0.383431 0.806114 -0.227834 -0.442748 0.806114 -0.00646054 -0.427661 0.806114 -0.121052 2.52649e-07 0.806114 0.436287 0.427661 0.806114 -0.121052 -0.383431 0.806114 -0.227834 -0.114591 0.806114 0.421201 0.442748 0.806114 -0.00646072 -0.31307 0.806114 -0.31953 -0.221374 0.806114 0.37697 0.427661 0.806114 0.108131 -0.221374 0.806114 -0.389891 -0.31307 0.806114 0.306609 0.383431 0.806114 0.214913 -0.114592 0.806114 -0.434122 8.15747e-08 0.806114 -0.449208 0.114591 0.806114 -0.434122 -0.383431 0.806114 0.214913 0.31307 0.806114 0.306609 0.221374 0.806114 -0.389891 -0.427661 0.806114 0.108131 0.0250681 0.684628 -0.100016 8.15747e-08 0.684628 -0.103316 -0.0250683 0.684628 -0.100016 -0.0484277 0.684628 -0.0903398 -0.0684872 0.684628 -0.0749477 -0.0838791 0.684628 -0.0548885 -0.0935551 0.684628 -0.0315288 -0.0968553 0.684628 -0.00646054 -0.0935551 0.684628 0.0186075 -0.0838791 0.684628 0.0419671 -0.0684871 0.684628 0.0620264 -0.0484277 0.684628 0.0774185 -0.0250678 0.684628 0.0870945 8.15747e-08 0.684628 0.0903947 0.025068 0.684628 0.0870945 0.0484277 0.684628 0.0774185 0.068487 0.684628 0.0620264 0.0838793 0.684628 0.0419669 0.0935551 0.684628 0.0186074 0.0968553 0.684628 -0.00646072 0.0935551 0.684628 -0.0315288 0.0838793 0.684628 -0.0548883 0.068487 0.684628 -0.0749478 0.0484277 0.684628 -0.0903399 -0.317709 0.831842 0.311249 -0.224655 0.831842 0.382653 -0.221374 0.844706 0.37697 -0.31307 0.844706 0.306609 0.389113 0.831842 0.218194 0.433999 0.831842 0.109829 0.427661 0.844706 0.108131 0.383431 0.844706 0.214913 -0.11629 0.831842 -0.44046 -0.114592 0.844706 -0.434122 0.11629 0.831842 -0.44046 8.15747e-08 0.831842 -0.45577 8.15747e-08 0.844706 -0.449208 0.114591 0.844706 -0.434122 -0.389113 0.831842 0.218194 -0.383431 0.844706 0.214913 0.31771 0.831842 0.311249 0.31307 0.844706 0.306609 0.224655 0.831842 -0.395574 0.221374 0.844706 -0.389891 -0.433999 0.831842 0.109829 -0.427661 0.844706 0.108131 0.224655 0.831842 0.382652 0.221374 0.844706 0.37697 0.31771 0.831842 -0.32417 0.31307 0.844706 -0.319531 -0.449309 0.831842 -0.00646054 -0.442748 0.844706 -0.00646054 0.11629 0.831842 0.427539 0.114592 0.844706 0.421201 0.389113 0.831842 -0.231115 0.383431 0.844706 -0.227834 -0.433999 0.831842 -0.12275 -0.427661 0.844706 -0.121052 2.52649e-07 0.831842 0.442849 2.52649e-07 0.844706 0.436287 0.433999 0.831842 -0.122751 0.427661 0.844706 -0.121052 -0.389113 0.831842 -0.231115 -0.383431 0.844706 -0.227834 -0.11629 0.831842 0.427539 -0.114591 0.844706 0.421201 0.449309 0.831842 -0.00646072 0.442748 0.844706 -0.00646072 8.15747e-08 0.853655 -0.430894 0.109851 0.853655 -0.416432 0.212217 0.853655 -0.374031 0.30012 0.853655 -0.30658 0.36757 0.853655 -0.218677 0.409971 0.853655 -0.116312 0.424433 0.853655 -0.00646072 0.409971 0.853655 0.103391 0.36757 0.853655 0.205756 0.30012 0.853655 0.293659 0.212217 0.853655 0.361109 0.109852 0.853655 0.40351 2.52649e-07 0.853655 0.417973 -0.109851 0.853655 0.40351 -0.212216 0.853655 0.361109 -0.300119 0.853655 0.293659 -0.36757 0.853655 0.205756 -0.409971 0.853655 0.103391 -0.424433 0.853655 -0.00646054 -0.409971 0.853655 -0.116312 -0.36757 0.853655 -0.218677 -0.30012 0.853655 -0.30658 -0.212217 0.853655 -0.37403 -0.109852 0.853655 -0.416432 -0.100371 0.844706 -0.381051 8.15747e-08 0.844706 -0.394265 8.15747e-08 0.853655 -0.412579 -0.105112 0.853655 -0.398741 -0.193903 0.844706 -0.342309 -0.20306 0.853655 -0.35817 -0.274219 0.844706 -0.28068 -0.28717 0.853655 -0.29363 -0.335849 0.844706 -0.200363 -0.351709 0.853655 -0.20952 -0.37459 0.844706 -0.106832 -0.392281 0.853655 -0.111572 -0.387804 0.844706 -0.00646054 -0.406119 0.853655 -0.00646054 -0.37459 0.844706 0.0939106 -0.392281 0.853655 0.0986507 -0.335848 0.844706 0.187441 -0.351709 0.853655 0.196599 -0.274219 0.844706 0.267759 -0.287169 0.853655 0.280709 -0.193902 0.844706 0.329388 -0.203059 0.853655 0.345249 -0.100371 0.844706 0.36813 -0.105111 0.853655 0.38582 8.15747e-08 0.844706 0.381344 2.52649e-07 0.853655 0.399658 0.100371 0.844706 0.36813 0.105111 0.853655 0.38582 0.193902 0.844706 0.329388 0.20306 0.853655 0.345248 0.274219 0.844706 0.267758 0.287169 0.853655 0.280709 0.335849 0.844706 0.187441 0.351709 0.853655 0.196599 0.37459 0.844706 0.0939104 0.392281 0.853655 0.0986506 0.387804 0.844706 -0.00646072 0.406119 0.853655 -0.00646072 0.37459 0.844706 -0.106832 0.392281 0.853655 -0.111572 0.335849 0.844706 -0.200363 0.351709 0.853655 -0.20952 0.274219 0.844706 -0.28068 0.287169 0.853655 -0.29363 0.193902 0.844706 -0.342309 0.203059 0.853655 -0.35817 0.100371 0.844706 -0.381051 0.105111 0.853655 -0.398741 0.449309 0.818978 -0.00646072 0.433999 0.818978 0.109829 0.449309 0.831842 -0.00646072 0.433999 0.831842 0.109829 -0.11629 0.818978 0.427539 -0.224655 0.818978 0.382653 -0.11629 0.831842 0.427539 -0.224655 0.831842 0.382653 -0.389113 0.818978 -0.231115 -0.31771 0.818978 -0.32417 -0.389113 0.831842 -0.231115 -0.31771 0.831842 -0.32417 0.433999 0.818978 -0.122751 0.433999 0.831842 -0.122751 2.52649e-07 0.818978 0.442849 2.52649e-07 0.831842 0.442849 -0.433999 0.818978 -0.12275 -0.433999 0.831842 -0.12275 0.389113 0.818978 -0.231115 0.389113 0.831842 -0.231115 0.11629 0.818978 0.427539 0.11629 0.831842 0.427539 -0.449309 0.818978 -0.00646054 -0.449309 0.831842 -0.00646054 0.31771 0.818978 -0.32417 0.31771 0.831842 -0.32417 0.224655 0.818978 0.382652 0.224655 0.831842 0.382652 -0.433999 0.818978 0.109829 -0.433999 0.831842 0.109829 0.224655 0.818978 -0.395574 0.224655 0.831842 -0.395574 0.31771 0.818978 0.311249 0.31771 0.831842 0.311249 -0.389113 0.818978 0.218194 -0.389113 0.831842 0.218194 0.11629 0.818978 -0.44046 0.11629 0.831842 -0.44046 -0.11629 0.818978 -0.44046 8.15747e-08 0.818978 -0.45577 -0.11629 0.831842 -0.44046 8.15747e-08 0.831842 -0.45577 0.389113 0.818978 0.218194 0.389113 0.831842 0.218194 -0.317709 0.818978 0.311249 -0.317709 0.831842 0.311249 -0.224655 0.818978 -0.395574 -0.224655 0.831842 -0.395574 8.15747e-08 0.775977 -0.358057 0.0909999 0.775977 -0.346077 0.175798 0.775977 -0.310952 0.248616 0.775977 -0.255077 0.304492 0.775977 -0.182259 0.339616 0.775977 -0.0974607 0.351597 0.775977 -0.00646072 0.339616 0.775977 0.0845392 0.304492 0.775977 0.169338 0.248616 0.775977 0.242156 0.175799 0.775977 0.298031 0.0910001 0.775977 0.333156 8.15747e-08 0.775977 0.345136 -0.0909998 0.775977 0.333156 -0.175798 0.775977 0.298031 -0.248616 0.775977 0.242156 -0.304492 0.775977 0.169338 -0.339616 0.775977 0.0845395 -0.351597 0.775977 -0.00646054 -0.339616 0.775977 -0.0974604 -0.304492 0.775977 -0.182259 -0.248617 0.775977 -0.255077 -0.175799 0.775977 -0.310952 -0.0910003 0.775977 -0.346077 8.15747e-08 0.757331 -0.314711 0.0797812 0.757331 -0.304208 0.154125 0.757331 -0.273414 0.217966 0.757331 -0.224427 0.266953 0.757331 -0.160586 0.297747 0.757331 -0.0862418 0.308251 0.757331 -0.00646072 0.297747 0.757331 0.0733204 0.266953 0.757331 0.147665 0.217966 0.757331 0.211506 0.154125 0.757331 0.260492 0.0797812 0.757331 0.291287 8.15747e-08 0.757331 0.30179 -0.079781 0.757331 0.291287 -0.154125 0.757331 0.260492 -0.217966 0.757331 0.211506 -0.266953 0.757331 0.147665 -0.297747 0.757331 0.0733206 -0.308251 0.757331 -0.00646054 -0.297747 0.757331 -0.0862417 -0.266953 0.757331 -0.160586 -0.217966 0.757331 -0.224427 -0.154126 0.757331 -0.273414 -0.0797816 0.757331 -0.304208 8.15747e-08 0.712214 -0.232147 0.0584121 0.712214 -0.224457 0.112843 0.712214 -0.201911 0.159584 0.712214 -0.166045 0.19545 0.712214 -0.119304 0.217996 0.712214 -0.0648727 0.225686 0.712214 -0.00646072 0.217996 0.712214 0.0519512 0.19545 0.712214 0.106382 0.159584 0.712214 0.153124 0.112843 0.712214 0.18899 0.0584119 0.712214 0.211536 8.15747e-08 0.712214 0.219226 -0.0584118 0.712214 0.211536 -0.112843 0.712214 0.18899 -0.159584 0.712214 0.153124 -0.19545 0.712214 0.106383 -0.217996 0.712214 0.0519515 -0.225686 0.712214 -0.00646054 -0.217996 0.712214 -0.0648726 -0.19545 0.712214 -0.119304 -0.159585 0.712214 -0.166045 -0.112843 0.712214 -0.201911 -0.0584123 0.712214 -0.224457 8.15747e-08 -0.743206 -0.146934 0.0363572 -0.743206 -0.142147 0.0702366 -0.743206 -0.128114 0.0993296 -0.743206 -0.10579 0.121653 -0.743206 -0.0766973 0.135687 -0.743206 -0.0428178 0.140473 -0.743206 -0.00646072 0.135687 -0.743206 0.0298964 0.121653 -0.743206 0.0637758 0.0993296 -0.743206 0.0928688 0.0702366 -0.743206 0.115193 0.0363572 -0.743206 0.129226 8.15747e-08 -0.743206 0.134013 -0.036357 -0.743206 0.129226 -0.0702365 -0.743206 0.115193 -0.0993294 -0.743206 0.0928689 -0.121653 -0.743206 0.063776 -0.135687 -0.743206 0.0298966 -0.140473 -0.743206 -0.00646054 -0.135687 -0.743206 -0.0428177 -0.121653 -0.743206 -0.0766971 -0.0993294 -0.743206 -0.10579 -0.0702366 -0.743206 -0.128114 -0.0363572 -0.743206 -0.142147 8.15747e-08 -0.743206 -0.146934 -0.0821005 -0.941815 -0.148663 -0.0792776 -0.849918 -0.143773 -0.0410371 -0.849918 -0.159613 -0.0424984 -0.941815 -0.165067 8.15747e-08 -0.849918 -0.165016 8.15747e-08 -0.941815 -0.170662 -0.116108 -0.941815 -0.122568 -0.112115 -0.849918 -0.118576 -0.142202 -0.941815 -0.0885611 -0.137313 -0.849918 -0.085738 -0.158606 -0.941815 -0.0489589 -0.153152 -0.849918 -0.0474976 -0.164201 -0.941815 -0.00646054 -0.158555 -0.849918 -0.00646054 -0.158606 -0.941815 0.0360378 -0.153152 -0.849918 0.0345765 -0.142202 -0.941815 0.0756398 -0.137313 -0.849918 0.0728169 -0.116108 -0.941815 0.109647 -0.112115 -0.849918 0.105655 -0.0821003 -0.941815 0.135742 -0.0792774 -0.849918 0.130852 -0.0424983 -0.941815 0.152145 -0.0410369 -0.849918 0.146692 8.15747e-08 -0.941815 0.15774 8.15747e-08 -0.849918 0.152094 0.0424984 -0.941815 0.152145 0.0410373 -0.849918 0.146692 0.0821006 -0.941815 0.135742 0.0792776 -0.849918 0.130852 0.116108 -0.941815 0.109647 0.112116 -0.849918 0.105655 0.142202 -0.941815 0.0756398 0.137313 -0.849918 0.0728168 0.158606 -0.941815 0.0360376 0.153153 -0.849918 0.0345765 0.164201 -0.941815 -0.00646072 0.158555 -0.849918 -0.00646072 0.158606 -0.941815 -0.0489591 0.153153 -0.849918 -0.0474977 0.142202 -0.941815 -0.0885611 0.137313 -0.849918 -0.0857382 0.116108 -0.941815 -0.122568 0.112116 -0.849918 -0.118576 0.0821006 -0.941815 -0.148663 0.0792776 -0.849918 -0.143773 0.0424984 -0.941815 -0.165067 0.0410371 -0.849918 -0.159613 8.15747e-08 -0.941815 -0.170662 8.15747e-08 -0.849918 -0.165016 </float_array>
          <technique_common>
            <accessor count="1728" offset="0" source="#meshId0-positions-array" stride="3">
              <param name="X" type="float" />
              <param name="Y" type="float" />
              <param name="Z" type="float" />
            </accessor>
          </technique_common>
        </source>
        <source id="meshId0-normals" name="meshId0-normals">
          <float_array id="meshId0-normals-array" count="5184"> 0.278892 0.831312 0.48077 0.144957 0.831316 0.536565 0.258821 -5.42275e-06 0.965925 0.500002 -7.32803e-09 0.866025 0.392201 0.831315 -0.39382 0.480769 0.831313 -0.278891 0.866025 -1.46561e-08 -0.500002 0.707107 0 -0.707107 -0.555808 0.83131 0.00114187 -0.537161 0.831313 -0.142747 -0.965926 1.4656e-08 -0.258817 -1 0 0 0.536566 0.831315 -0.144956 0.965926 0 -0.258818 -0.393822 0.83131 -0.392209 -0.278891 0.831315 -0.480765 -0.500002 0 -0.866024 -0.707108 2.19842e-08 -0.707105 -0.276912 0.831313 0.481911 -0.392203 0.831314 0.393819 -0.707107 -3.04113e-06 0.707107 -0.499999 -4.95372e-06 0.866026 0.200699 0.915903 -0.347622 0.283833 0.915903 -0.283832 0.283832 0.915903 0.283832 0.200701 0.915902 0.347624 -0.4014 0.915903 -3.32949e-09 -0.387722 0.915903 -0.103891 0.537158 0.831315 0.142747 0.555805 0.831312 -0.00114187 0.10389 0.915903 -0.387722 -0.142748 0.831315 0.537157 0.347624 0.915902 0.2007 -0.48191 0.831314 -0.27691 -0.387721 0.915904 0.10389 -3.32949e-09 0.915904 -0.401399 0.00114165 0.831314 0.555802 0.387725 0.915902 0.103891 -0.537161 0.831313 -0.142747 -0.862647 -1.01126e-06 0.505806 -0.964165 0 0.265303 -0.347622 0.915903 0.200699 -0.103889 0.915903 -0.387722 0.4014 0.915903 6.65896e-09 0.387725 0.915902 0.103891 -0.70234 8.40386e-06 0.711841 -0.283834 0.915902 0.283834 -0.2007 0.915903 -0.347623 0.387724 0.915902 -0.103891 -0.536568 0.831313 0.144957 -0.2007 0.915903 0.347622 0.276913 0.831312 -0.481912 -0.283834 0.915902 -0.283833 0.393821 0.831314 0.392202 0.347622 0.915903 -0.2007 -0.480772 0.831311 0.278892 -0.10389 0.915902 0.387725 0.142748 0.831313 -0.537161 0.10389 0.915902 0.387725 -3.32947e-09 0.915902 0.401402 -0.00114346 0.831313 -0.555803 -0.144954 0.831313 -0.536569 -0.347622 0.915903 -0.200699 0.481911 0.831312 0.276914 0.505806 0 0.862647 0.265303 3.48708e-08 0.964165 0.53716 -0.831313 0.142748 0.965926 7.32805e-09 0.258818 0.866025 2.1984e-08 0.5 0.481914 -0.83131 0.276916 -0.00114346 -0.831312 -0.555806 3.66398e-09 0 -1 0.258818 -2.19841e-08 -0.965926 0.142748 -0.831311 -0.537163 0.707107 0 0.707107 0.393823 -0.831312 0.392204 -0.144955 -0.831311 -0.536572 -0.258817 -7.328e-09 -0.965926 0.499998 -7.32807e-09 -0.866026 0.448223 -0.510606 -0.733742 -0.480771 -0.831311 0.278892 -0.866025 0 0.500001 -0.965926 -7.32804e-09 0.258818 -0.536569 -0.831313 0.144957 0.00114347 -0.831314 0.555802 0 -5.4301e-06 1 -0.25882 -1.91261e-06 0.965926 -0.142749 -0.831313 0.537161 0.555808 -0.83131 -0.00114188 1 -1.46561e-08 3.66401e-09 0.200701 -0.915901 -0.347626 -0.276914 -0.831311 0.481914 -0.392202 -0.831314 0.393821 0.283836 -0.915901 -0.283836 0.283834 -0.915902 0.283834 -0.393824 -0.831308 -0.39221 -0.278893 -0.831313 -0.480767 0.200702 -0.915901 0.347626 -0.999977 1.74354e-08 0.00671887 -0.401403 -0.915902 0 -0.387724 -0.915902 -0.103891 -0.967643 5.23065e-08 -0.252325 -0.401403 -0.915902 0 -0.387724 -0.915902 -0.103891 0.252324 0 -0.967643 0.103891 -0.915902 -0.387724 0.200701 -0.915901 -0.347626 0.494171 0 -0.869365 0.103891 -0.915902 -0.387724 0.869365 9.41512e-07 0.49417 0.347626 -0.915901 0.2007 0.283834 -0.915902 0.283834 0.711842 0 0.70234 0.347626 -0.915901 0.2007 -0.481913 -0.831312 -0.276912 -0.387723 -0.915902 0.103891 0.536569 -0.831313 -0.144957 -0.00671569 1.74355e-08 -0.999977 0 -0.915901 -0.401404 0 -0.915901 -0.401404 0.967643 8.71766e-06 0.252324 0.968346 0.245375 0.0457992 0.968346 0.245375 0.0457992 -0.563155 -0.479038 -0.673334 -0.347623 -0.915902 0.200701 0.480771 -0.831311 -0.278892 -0.265303 -3.48709e-08 -0.964165 -0.444513 0.245374 -0.86151 -0.444513 0.245374 -0.86151 -0.301547 -0.479037 0.824374 0.999977 -1.74354e-08 -0.00672087 0.713502 -0.107422 0.69237 0.968346 0.245375 0.0457992 0.967643 8.71766e-06 0.252324 0.411329 -0.510605 0.755043 -0.301547 -0.479037 0.824374 0.0479881 -0.473347 0.879568 0.588012 -0.473347 0.655884 -0.523835 0.245374 0.815713 0.864703 -0.479038 -0.151035 -0.523835 0.245374 0.815713 -0.956364 -0.107416 0.271717 -0.764756 0.407663 0.498958 -0.284048 0.407667 0.867827 0.387725 -0.915902 -0.103891 -0.859552 -0.510605 -0.021299 0.713502 -0.107422 0.69237 -0.859552 -0.510605 -0.021299 -0.563155 -0.479038 -0.673334 -0.78572 -0.473346 -0.398231 -0.862018 -0.473347 0.181295 -0.283836 -0.915901 -0.283835 0.411329 -0.510605 0.755043 0.24286 -0.107419 -0.964096 0.347625 -0.915902 -0.2007 -0.25232 6.97419e-08 0.967644 -0.103891 -0.915901 0.387727 -0.956364 -0.107416 0.271717 -0.494173 -1.74354e-08 0.869364 -0.103891 -0.915901 0.387727 -0.956364 -0.107416 0.271717 0.10389 -0.915901 0.387727 0 -0.915901 0.401404 -0.347624 -0.915902 -0.200701 0.00671515 0 0.999977 0 -0.915901 0.401404 -0.866025 3.66403e-08 -0.500001 -0.965926 1.4656e-08 -0.258817 0.70234 3.48709e-08 -0.711842 -0.505807 0 -0.862647 0.964166 9.64177e-06 -0.265301 -0.711842 3.48707e-08 -0.702339 0.862647 0 -0.505806 -0.869364 0 -0.494172 -0.563155 -0.479038 -0.673334 0.283836 -0.915901 -0.283836 0.200702 -0.915901 0.347626 -0.387723 -0.915902 0.103891 -0.347623 -0.915902 0.200701 -0.523835 0.245374 0.815713 0.24286 -0.107419 -0.964096 0.387725 -0.915902 -0.103891 -0.283836 -0.915901 -0.283835 0.347625 -0.915902 -0.2007 0.10389 -0.915901 0.387727 -0.347624 -0.915902 -0.200701 0.713502 -0.107422 0.69237 0.81449 0.407664 0.412814 0.448223 -0.510606 -0.733742 0.864703 -0.479038 -0.151035 0.737741 -0.473346 -0.481333 0.274013 -0.47335 -0.837171 0.24286 -0.107419 -0.964096 -0.0497453 0.407666 -0.911775 -0.563155 -0.479038 -0.673334 0.968346 0.245375 0.0457992 0.893583 0.407665 -0.187933 -0.78572 -0.473346 -0.398231 -0.956364 -0.107416 0.271717 -0.764756 0.407663 0.498958 -0.444513 0.245374 -0.86151 -0.609544 0.407665 -0.679901 0.24286 -0.107419 -0.964096 -0.0497453 0.407666 -0.911775 -0.442919 0.436852 0.782932 -0.225196 0.43685 0.87089 -0.257161 0.113173 0.959719 -0.496788 0.113174 0.860461 -0.249742 0.501444 -0.828362 -0.455631 0.501444 -0.735496 -0.456574 0.436851 -0.775049 -0.240421 0.436851 -0.86681 0.197895 0.501443 -0.842254 -0.0268334 0.501442 -0.864775 -0.00788266 0.43685 -0.8995 0.225194 0.43685 -0.87089 -0.7355 0.501442 0.455627 -0.592511 0.501442 0.630466 -0.630469 0.43685 0.641616 -0.775049 0.436851 0.456575 0.630464 0.501441 0.592513 0.762336 0.501443 0.409143 0.78293 0.436849 0.442926 0.641619 0.436851 0.630465 0.409145 0.501443 -0.762336 0.442924 0.43685 -0.782931 -0.82836 0.501444 0.249747 -0.86681 0.43685 0.240421 0.455627 0.501442 0.7355 0.456574 0.43685 0.77505 0.592512 0.501442 -0.630464 0.630468 0.436851 -0.641617 -0.864775 0.501442 0.0268333 -0.899499 0.436852 0.00788284 0.249746 0.501443 0.828361 0.240422 0.43685 0.86681 0.735496 0.501443 -0.455632 0.775047 0.43685 -0.456578 -0.842254 0.501443 -0.197894 -0.87089 0.436851 -0.225192 0.0268338 0.501442 0.864775 0.00788283 0.43685 0.8995 0.828364 0.501442 -0.24974 0.866809 0.436851 -0.240422 -0.762335 0.501442 -0.409146 -0.782931 0.436851 -0.442922 -0.197894 0.501443 0.842254 0.864775 0.501442 -0.0268369 0.8995 0.43685 -0.00788267 -0.630464 0.501442 -0.592512 -0.641617 0.436851 -0.630468 -0.409147 0.501442 0.762335 0.842254 0.501442 0.197899 0.87089 0.43685 0.225194 0.702568 0.113173 -0.70256 0.496791 0.113173 -0.86046 0.499108 0.0598018 -0.864474 0.705845 0.0598013 -0.705837 0.993575 0.113173 -1.73962e-08 0.95972 0.113174 0.257154 -0.702564 0.113174 -0.702564 -0.496788 0.113174 -0.860461 -0.702564 0.113174 0.702564 0.86046 0.113173 0.49679 -0.257154 0.113173 -0.959721 -1.73959e-08 0.113174 -0.993575 0.257154 0.113173 -0.959721 -0.860461 0.113174 0.496788 0.702564 0.113173 0.702564 0.496791 0.113173 -0.86046 -0.95972 0.113174 0.257154 0.496788 0.113174 0.860461 0.702568 0.113173 -0.70256 -0.993575 0.113174 1.73961e-08 0.257161 0.113174 0.959719 0.860458 0.113174 -0.496793 -0.95972 0.113174 -0.257154 1.73962e-08 0.113173 0.993575 0.95972 0.113173 -0.257156 -0.860465 0.113174 -0.496782 0.0652141 0.927497 -0.368099 -0.0321262 0.928246 -0.370578 -0.126041 0.929285 -0.347194 -0.209814 0.930527 -0.300163 -0.277705 0.931876 -0.233423 -0.325481 0.933235 -0.152101 -0.35048 0.93451 -0.0620821 -0.351684 0.935623 0.0304724 -0.329585 0.936511 0.119667 -0.286035 0.937129 0.199934 -0.223977 0.937446 0.266514 -0.147356 0.93745 0.315394 -0.0608843 0.93713 0.343629 0.0302853 0.936514 0.349319 0.120456 0.935624 0.331809 0.20393 0.934511 0.291722 0.275026 0.933238 0.231143 0.328656 0.931881 0.153569 0.360597 0.930531 0.0638852 0.367979 0.929287 -0.0318939 0.349633 0.928248 -0.126938 0.306391 0.927499 -0.214172 0.240522 0.927499 -0.286172 0.158273 0.927497 -0.338671 -0.993575 0.113174 1.73961e-08 -0.95972 0.113174 0.257154 -0.964198 0.059802 0.258354 -0.99821 0.059802 -5.63955e-09 0.257161 0.113174 0.959719 0.496788 0.113174 0.860461 0.499105 0.0598015 0.864475 0.258361 0.0598018 0.964196 0.860458 0.113174 -0.496793 0.864472 0.0598019 -0.499111 -0.95972 0.113174 -0.257154 -0.964198 0.0598021 -0.258354 1.73962e-08 0.113173 0.993575 0 0.0598021 0.99821 0.95972 0.113173 -0.257156 0.964197 0.0598014 -0.258356 -0.860465 0.113174 -0.496782 -0.864479 0.0598023 -0.499099 -0.257161 0.113173 0.959719 -0.258361 0.0598023 0.964196 0.993575 0.113173 -1.73962e-08 0.99821 0.0598011 5.63959e-09 -0.702564 0.113174 -0.702564 -0.705841 0.0598019 -0.705841 -0.496788 0.113174 0.860461 -0.499105 0.0598023 0.864475 0.95972 0.113174 0.257154 0.964198 0.0598021 0.258354 -0.496788 0.113174 -0.860461 -0.499105 0.059802 -0.864475 -0.702564 0.113174 0.702564 -0.705841 0.0598019 0.705841 0.86046 0.113173 0.49679 0.864474 0.0598022 0.499108 -0.257154 0.113173 -0.959721 -0.258354 0.0598021 -0.964198 0.257154 0.113173 -0.959721 -1.73959e-08 0.113174 -0.993575 0 0.0598021 -0.99821 0.258354 0.0598022 -0.964198 -0.860461 0.113174 0.496788 -0.864475 0.059802 0.499105 0.702564 0.113173 0.702564 0.705841 0.0598016 0.705841 -0.257154 0.113173 -0.959721 -0.258354 0.0598021 -0.964198 -0.00603937 0.581288 -0.813676 0.204763 0.581286 -0.787514 0.258354 0.0598022 -0.964198 0 0.0598021 -0.99821 0.401605 0.581289 -0.707684 0.499108 0.0598018 -0.864474 0.571092 0.581284 -0.579623 0.705845 0.0598013 -0.705837 0.701644 0.581286 -0.41207 0.864472 0.0598019 -0.499111 0.784386 0.581288 -0.216432 0.964197 0.0598014 -0.258356 0.813678 0.581284 -0.00603508 0.99821 0.0598011 5.63959e-09 0.787513 0.581286 0.204767 0.964198 0.0598021 0.258354 0.707684 0.581287 0.401609 0.864474 0.0598022 0.499108 0.579627 0.581286 0.571086 0.705841 0.0598016 0.705841 0.412069 0.581287 0.701644 0.499105 0.0598015 0.864475 0.216428 0.581286 0.784389 0.258361 0.0598018 0.964196 0.00603936 0.581288 0.813675 0 0.0598021 0.99821 -0.20477 0.581285 0.787513 -0.258361 0.0598023 0.964196 -0.401608 0.581286 0.707685 -0.499105 0.0598023 0.864475 -0.571085 0.581287 0.579627 -0.705841 0.0598019 0.705841 -0.701647 0.581285 0.412067 -0.864475 0.059802 0.499105 -0.784389 0.581286 0.216426 -0.964198 0.059802 0.258354 -0.813677 0.581285 0.00603932 -0.99821 0.059802 -5.63955e-09 -0.787515 0.581285 -0.204763 -0.964198 0.0598021 -0.258354 -0.707686 0.581288 -0.401602 -0.864479 0.0598023 -0.499099 -0.579626 0.581288 -0.571085 -0.705841 0.0598019 -0.705841 -0.412066 0.581287 -0.701646 -0.499105 0.059802 -0.864475 -0.216424 0.581288 -0.784388 -0.258354 0.0598021 -0.964198 -0.0081392 0.860617 -0.509188 0.123922 0.860617 -0.493946 0.247545 0.860617 -0.445039 0.35429 0.860619 -0.365806 0.4369 0.860618 -0.261641 0.489729 0.860618 -0.139654 0.509185 0.860618 -0.00813943 0.493942 0.860619 0.123921 0.445035 0.860617 0.247551 0.365809 0.860618 0.35429 0.261644 0.860616 0.436902 0.139651 0.860617 0.48973 0.0081394 0.860616 0.509189 -0.123922 0.860617 0.493945 -0.247547 0.860615 0.445043 -0.354298 0.860615 0.365808 -0.436902 0.860615 0.261647 -0.489738 0.860613 0.13965 -0.509192 0.860614 0.00814272 -0.49395 0.860614 -0.123925 -0.445045 0.860614 -0.247545 -0.36581 0.860615 -0.354294 -0.261643 0.860617 -0.4369 -0.13965 0.860616 -0.489732 0 0 -1 0 0 -1 0 -0.866025 -0.500001 0 -0.866025 -0.500001 0 -0.866025 0.500001 0 -0.866025 0.500001 0.0302212 -0.341249 0.939487 -0.0289832 -0.405054 0.913833 0.203767 0.978429 0.0339928 -0.205819 0.978 0.0339778 -0.179298 0.962152 0.205221 0.179298 0.962152 0.205221 0.0337051 0.976646 0.212196 0.0302212 -0.341249 0.939487 0.662292 0 0.749246 0.662292 0.648866 0.374622 0 0.866026 -0.499999 0 0.866026 -0.499999 -0.0355822 0.972434 0.230449 -0.847257 -0.460018 -0.265592 -0.623514 0 -0.781813 -0.217749 -0.971695 0.0916217 0.217749 -0.971695 0.0916217 0.179298 0.962152 0.205221 -0.179298 0.962152 0.205221 -0.194439 -0.975318 -0.104631 -0.217749 -0.971695 0.0916217 0.192491 -0.9757 -0.104672 0.217749 -0.971695 0.0916217 0.192491 -0.9757 -0.104672 0.217749 -0.971695 0.0916217 -0.407559 -0.905647 0.11704 0.416634 -0.901577 0.116514 0.313449 -0.925888 -0.210904 -0.333931 -0.915854 -0.222938 0.416634 -0.901577 0.116514 0.337873 0.914495 0.222576 0.412884 0.902544 -0.122233 0.313449 -0.925888 -0.210904 -0.330006 0.917203 0.223235 -0.381832 0.91755 -0.110932 -0.330006 0.917203 0.223235 0.337873 0.914495 0.222576 -0.0289832 -0.405054 0.913833 -0.407559 -0.905647 0.11704 0.416634 -0.901577 0.116514 0.416634 -0.901577 0.116514 -0.407559 -0.905647 0.11704 0.662291 -0.648866 -0.374624 0.870402 0 -0.492342 0.870402 0.426381 -0.24617 0.662292 0.648866 0.374622 0.662292 0 0.749246 0.662292 -0.648866 0.374624 0.662291 -0.648866 -0.374624 0.662292 -0.648866 0.374624 0.870402 0.426381 -0.24617 0.870402 0 -0.492342 0.662292 0 0.749246 -0.623514 0 -0.781813 -0.847257 -0.460018 -0.265592 -0.847258 -0.460017 0.265592 -0.62351 0 0.781815 -0.62351 0.677072 0.390907 -0.62351 0.677072 -0.390907 -0.62351 0 0.781815 -0.847258 -0.460017 0.265592 -0.62351 0.677072 -0.390907 -0.62351 0.677072 0.390907 -0.62351 0 0.781815 -0.0488837 0 -0.998805 0.0974193 0 -0.995243 0.0488841 -0.864991 -0.499401 -0.0974195 -0.861907 -0.497621 0.0488836 -0.864991 0.499401 -0.0974191 -0.861907 0.49762 -0.0974191 -0.861907 0.49762 0.0488836 -0.864991 0.499401 0.0488837 0 0.998805 -0.0488842 0 0.998805 0.0488836 0.864991 0.499401 -0.048884 0.864991 0.499401 0.0488841 -0.864991 -0.499401 0.0974193 0 -0.995243 0.0974195 0.861907 -0.497621 0.0488836 0.864991 0.499401 0.0488837 0 0.998805 0.0488836 -0.864991 0.499401 -0.0488841 0.864991 -0.499401 0.0974195 0.861907 -0.497621 -0.0488837 0 -0.998805 -0.0974195 -0.861907 -0.497621 -0.0974191 -0.861907 0.49762 -0.0488842 0 0.998805 -0.048884 0.864991 0.499401 -0.0488841 0.864991 -0.499401 0 -0.212972 -0.977058 0 0 -1 0.866025 0 -0.5 0.793867 -0.399624 -0.45834 0.866025 0 0.5 0.793868 -0.399623 0.45834 0 0 1 0 -0.212973 0.977058 -0.866025 0 0.5 -0.846157 -0.212973 0.488529 -0.846157 -0.212973 -0.488529 -0.866025 0 -0.5 -0.846157 -0.212973 0.488529 -0.866025 0 0.5 0 -0.212972 -0.977058 0.793867 -0.399624 -0.45834 0.793868 -0.399623 0.45834 0 -0.212973 0.977058 -0.846157 -0.212973 0.488529 -0.846157 -0.212973 -0.488529 0 -0.167765 -0.985827 0 0 -1 0.866026 0 -0.499999 0.819842 -0.322202 -0.473335 0.866025 0 0.5 0.819841 -0.322202 0.473336 0 0 1 0 -0.167765 0.985827 -0.866025 0 0.5 -0.853751 -0.167765 0.492914 -0.853752 -0.167764 -0.492913 -0.866026 0 -0.499999 -0.853751 -0.167765 0.492914 -0.866025 0 0.5 0 -0.167765 -0.985827 0.819842 -0.322202 -0.473335 0.819841 -0.322202 0.473336 0 -0.167765 0.985827 -0.853751 -0.167765 0.492914 -0.853752 -0.167764 -0.492913 0 -0.212972 -0.977058 0 0 -1 0.866025 0 -0.5 0.793868 -0.399623 -0.45834 0.866025 0 0.5 0.793868 -0.399623 0.45834 0 0 1 0 -0.212972 0.977058 0 -0.212972 0.977058 0 0 1 -0.866027 0 0.499997 -0.846159 -0.212972 0.488526 -0.846159 -0.212972 -0.488526 -0.866027 0 -0.499997 0 -0.212972 -0.977058 0.793868 -0.399623 -0.45834 0.793868 -0.399623 0.45834 0 -0.212972 0.977058 -0.846159 -0.212972 0.488526 -0.846159 -0.212972 -0.488526 0 -0.167765 -0.985827 0 0 -1 0.866025 0 -0.500001 0.81984 -0.322202 -0.473336 0.866024 0 0.500002 0.81984 -0.322203 0.473337 0 0 1 0 -0.167764 0.985827 0 -0.167764 0.985827 0 0 1 -0.866025 0 0.5 -0.853751 -0.167765 0.492914 -0.853752 -0.167764 -0.492913 -0.866026 0 -0.499999 0 -0.167765 -0.985827 0.81984 -0.322202 -0.473336 0.81984 -0.322203 0.473337 0 -0.167764 0.985827 -0.853751 -0.167765 0.492914 -0.853752 -0.167764 -0.492913 0.00185334 0.0845212 -0.99642 0.00648125 -0.372438 -0.928034 0.246452 -0.37244 -0.894735 0.25968 0.0845204 -0.961989 0.469631 -0.372436 -0.800461 0.499814 0.0845209 -0.861999 0.660802 -0.372438 -0.651637 0.705885 0.0845204 -0.703266 0.806942 -0.372438 -0.458404 0.863851 0.0845202 -0.496606 0.89809 -0.372438 -0.233934 0.962947 0.08452 -0.256105 0.928035 -0.372437 0.00648066 0.99642 0.0845202 0.00185204 0.894735 -0.372438 0.246453 0.961989 0.0845202 0.259681 0.800461 -0.372439 0.469629 0.861999 0.0845208 0.499813 0.651638 -0.372437 0.660801 0.703266 0.0845204 0.705885 0.458404 -0.372438 0.806942 0.496606 0.08452 0.863851 0.23393 -0.372438 0.898091 0.256103 0.0845211 0.962947 -0.00647841 -0.372438 0.928035 -0.00185189 0.0845213 0.99642 -0.246451 -0.372438 0.894736 -0.259681 0.0845207 0.961989 -0.46963 -0.372437 0.800461 -0.499814 0.0845203 0.861999 -0.660802 -0.372439 0.651636 -0.705884 0.0845204 0.703267 -0.806941 -0.372438 0.458406 -0.863849 0.0845202 0.496609 -0.89809 -0.372438 0.233934 -0.962947 0.08452 0.256105 -0.928035 -0.372437 -0.0064806 -0.99642 0.0845201 -0.0018519 -0.894735 -0.372438 -0.246453 -0.961989 0.0845203 -0.259682 -0.800462 -0.372438 -0.469629 -0.861999 0.0845208 -0.499813 -0.651637 -0.372439 -0.660801 -0.703266 0.0845205 -0.705885 -0.458406 -0.372438 -0.806941 -0.496608 0.0845198 -0.86385 -0.89809 -0.372438 0.233934 -0.806941 -0.372438 0.458406 -0.847861 -0.203736 0.489514 -0.945666 -0.203736 0.253391 -0.256104 0.0845201 -0.962947 -0.233932 -0.372437 -0.898091 0.00648125 -0.372438 -0.928034 0.00185334 0.0845212 -0.99642 0.183567 0.977068 -0.107898 0.205239 0.977068 -0.056711 0.396048 0.912077 -0.106121 0.355088 0.912077 -0.20501 -0.408048 -0.577057 -0.707462 -0.389841 0.617866 -0.682837 -0.199825 0.617867 -0.760467 -0.21104 -0.577057 -0.788966 0.0038073 0.617866 -0.786275 0.000349632 -0.577057 -0.816704 -0.577248 -0.577057 -0.577745 -0.553287 0.617867 -0.558672 -0.707111 -0.577058 -0.408654 -0.679029 0.617867 -0.396433 -0.788785 -0.577057 -0.211717 -0.758498 0.617866 -0.207179 -0.816705 -0.577056 -0.000351488 -0.786274 0.617867 -0.00380769 -0.788966 -0.577056 0.211041 -0.760468 0.617867 0.199825 -0.707462 -0.577057 0.408049 -0.682837 0.617866 0.389841 -0.577746 -0.577056 0.577249 -0.558672 0.617866 0.553288 -0.408656 -0.577056 0.707111 -0.396434 0.617867 0.679029 -0.211718 -0.577056 0.788785 -0.20718 0.617868 0.758496 -0.000350533 -0.577056 0.816705 -0.00380723 0.617867 0.786274 0.21104 -0.577058 0.788966 0.199823 0.617867 0.760467 0.408047 -0.577057 0.707462 0.38984 0.617866 0.682837 0.577249 -0.577058 0.577743 0.553287 0.617867 0.558671 0.707111 -0.577056 0.408656 0.679031 0.617865 0.396434 0.788785 -0.577056 0.211718 0.758497 0.617866 0.207181 0.816704 -0.577057 0.000350363 0.786274 0.617866 0.00380769 0.788968 -0.577055 -0.211039 0.760469 0.617865 -0.199826 0.707462 -0.577057 -0.408048 0.682837 0.617866 -0.389839 0.577746 -0.577057 -0.577248 0.558673 0.617866 -0.553287 0.408656 -0.577057 -0.707111 0.396435 0.617867 -0.679028 0.211718 -0.577056 -0.788785 0.207181 0.617866 -0.758497 0.000349632 -0.577057 -0.816704 0.0038073 0.617866 -0.786275 -0.500274 -0.00571617 -0.865848 -0.486259 -0.22863 -0.843375 -0.251409 -0.228628 -0.940491 -0.25913 -0.00571625 -0.965825 0.00057439 -0.228629 -0.973514 -0.000326709 -0.00571603 -0.999984 -0.707327 -0.00571621 -0.706863 -0.687973 -0.22863 -0.688783 -0.866176 -0.00571666 -0.499706 -0.842799 -0.228629 -0.487256 -0.965995 -0.00571648 -0.258499 -0.940193 -0.228631 -0.252519 -0.999984 -0.00571654 0.000326756 -0.973513 -0.228629 -0.000576486 -0.965825 -0.00571644 0.259131 -0.94049 -0.228631 0.251409 -0.865847 -0.00571637 0.500275 -0.843374 -0.228632 0.486259 -0.706864 -0.00571642 0.707326 -0.688785 -0.22863 0.687971 -0.499709 -0.00571655 0.866174 -0.487254 -0.228629 0.8428 -0.258497 -0.00571628 0.965995 -0.252519 -0.228629 0.940193 0.000326873 -0.00571701 0.999984 -0.000574479 -0.228631 0.973513 0.25913 -0.00571617 0.965826 0.251409 -0.228631 0.94049 0.500275 -0.0057167 0.865847 0.486259 -0.228629 0.843375 0.707326 -0.00571611 0.706864 0.687972 -0.22863 0.688784 0.866175 -0.00571642 0.499708 0.842799 -0.22863 0.487256 0.965995 -0.00571649 0.258499 0.940193 -0.228631 0.252519 0.999984 -0.00571654 -0.000326753 0.973513 -0.228629 0.000576488 0.965825 -0.00571643 -0.259131 0.94049 -0.228631 -0.251409 0.865847 -0.00571633 -0.500275 0.843374 -0.228632 -0.486259 0.706866 -0.0057164 -0.707325 0.688785 -0.22863 -0.687971 0.499709 -0.00571653 -0.866174 0.487256 -0.228627 -0.842799 0.258499 -0.00571632 -0.965995 0.252518 -0.228632 -0.940193 -0.000326709 -0.00571603 -0.999984 0.00057439 -0.228629 -0.973514 -0.470196 0.335647 -0.816245 -0.242916 0.335646 -0.910129 0.000918658 0.335648 -0.941987 -0.665435 0.335649 -0.666735 -0.815325 0.335648 -0.47179 -0.909652 0.335647 -0.244692 -0.941987 0.335648 -0.000920345 -0.910128 0.335648 0.242914 -0.816244 0.33565 0.470197 -0.666735 0.335647 0.665436 -0.471789 0.335648 0.815325 -0.244694 0.335648 0.909651 -0.000920697 0.33565 0.941986 0.242917 0.335647 0.910128 0.470196 0.335649 0.816244 0.665434 0.335649 0.666736 0.815324 0.335649 0.471791 0.909652 0.335647 0.244692 0.941987 0.335648 0.000920345 0.910128 0.335648 -0.242914 0.816244 0.33565 -0.470196 0.666735 0.335647 -0.665436 0.471791 0.335648 -0.815324 0.244694 0.335651 -0.90965 0.000918658 0.335648 -0.941987 -0.486513 0.219971 -0.845528 -0.251093 0.219971 -0.942637 0.00143422 0.219972 -0.975505 -0.688773 0.219973 -0.690799 -0.844095 0.219973 -0.488994 -0.941894 0.219974 -0.253866 -0.975505 0.219972 -0.00143415 -0.942637 0.219972 0.251094 -0.845529 0.219972 0.486512 -0.690801 0.219972 0.688772 -0.488995 0.219971 0.844095 -0.253863 0.21997 0.941895 -0.00143393 0.219971 0.975505 0.251095 0.219971 0.942637 0.486513 0.219971 0.845528 0.688772 0.219972 0.690801 0.844095 0.219972 0.488995 0.941894 0.219973 0.253866 0.975505 0.219972 0.00143415 0.942637 0.219972 -0.251094 0.845529 0.219972 -0.486512 0.690802 0.219972 -0.68877 0.488994 0.21997 -0.844096 0.253863 0.219971 -0.941895 0.00143422 0.219972 -0.975505 0.00594773 0.17421 -0.984691 0.260605 0.17421 -0.949598 0.497495 0.174209 -0.849794 0.700489 0.17421 -0.692074 0.855741 0.17421 -0.487194 0.952678 0.17421 -0.249111 0.984691 0.17421 0.0059482 0.949599 0.17421 0.260602 0.849792 0.17421 0.497498 0.692077 0.17421 0.700486 0.487192 0.174211 0.855742 0.249113 0.17421 0.952677 -0.00595088 0.17421 0.98469 -0.2606 0.17421 0.949599 -0.497496 0.17421 0.849794 -0.700487 0.17421 0.692075 -0.855741 0.17421 0.487194 -0.952678 0.17421 0.249111 -0.984691 0.17421 -0.0059482 -0.949599 0.17421 -0.260602 -0.849792 0.17421 -0.497497 -0.692078 0.17421 -0.700485 -0.487193 0.17421 -0.855742 -0.249113 0.17421 -0.952677 0.00594773 0.17421 -0.984691 -0.000668853 -0.0437534 -0.999042 0.257924 -0.0437535 -0.965174 0.498943 -0.0437533 -0.86553 0.705958 -0.0437533 -0.706901 0.864861 -0.0437533 -0.5001 0.964827 -0.0437534 -0.259219 0.999042 -0.043753 -0.000668691 0.965173 -0.0437531 0.257926 0.86553 -0.0437532 0.498942 0.706902 -0.0437531 0.705957 0.500099 -0.0437535 0.864862 0.259218 -0.0437533 0.964827 0.000671462 -0.0437536 0.999042 -0.257924 -0.0437537 0.965174 -0.498943 -0.0437533 0.86553 -0.705957 -0.0437534 0.706902 -0.864861 -0.0437535 0.5001 -0.964827 -0.0437534 0.259219 -0.999042 -0.0437534 0.00066879 -0.965173 -0.0437533 -0.257926 -0.865531 -0.0437533 -0.498941 -0.706902 -0.0437533 -0.705957 -0.500102 -0.0437539 -0.86486 -0.259218 -0.0437531 -0.964827 -0.000668853 -0.0437534 -0.999042 -0.492109 0.0118268 -0.870453 -0.250055 0.0118264 -0.968159 0.00904592 0.0118265 -0.999889 -0.700631 0.0118266 -0.713426 -0.861407 0.0118265 -0.507778 -0.963477 0.0118265 -0.267529 -0.999889 0.0118263 -0.009046 -0.96816 0.0118264 0.250053 -0.870452 0.0118264 0.492111 -0.713426 0.0118267 0.700631 -0.507779 0.0118264 0.861406 -0.267527 0.0118264 0.963478 -0.00904582 0.0118266 0.999889 0.250052 0.0118268 0.96816 0.49211 0.0118266 0.870453 0.700631 0.0118265 0.713426 0.861406 0.0118264 0.507779 0.963477 0.0118264 0.267528 0.999889 0.0118263 0.009046 0.96816 0.0118264 -0.250053 0.870453 0.0118266 -0.492109 0.713426 0.0118266 -0.700631 0.507779 0.0118264 -0.861406 0.267529 0.0118265 -0.963477 0.00904592 0.0118265 -0.999889 -0.496008 0.083824 -0.864262 -0.495408 0.108351 -0.861876 -0.255457 0.108352 -0.96073 -0.255418 0.0838232 -0.96319 0.0019027 0.108351 -0.994111 0.00257696 0.0838231 -0.996477 -0.702796 0.0838223 -0.706436 -0.701596 0.108351 -0.704289 -0.861686 0.0838232 -0.50047 -0.859975 0.10835 -0.498702 -0.961857 0.0838237 -0.260395 -0.959745 0.10835 -0.259132 -0.996477 0.0838244 -0.00257689 -0.994111 0.10835 -0.00190246 -0.96319 0.0838244 0.255418 -0.96073 0.10835 0.255456 -0.864263 0.0838236 0.496007 -0.861876 0.108351 0.495408 -0.706439 0.0838242 0.702793 -0.704288 0.108352 0.701597 -0.50047 0.0838234 0.861686 -0.498705 0.108352 0.859973 -0.260395 0.0838232 0.961856 -0.259133 0.108352 0.959745 -0.00257701 0.0838232 0.996477 -0.00190246 0.108351 0.994111 0.25542 0.0838231 0.96319 0.255457 0.108352 0.96073 0.496008 0.0838232 0.864263 0.495408 0.108351 0.861876 0.702795 0.0838223 0.706437 0.701597 0.108351 0.704289 0.861686 0.0838233 0.500471 0.859975 0.10835 0.498702 0.961856 0.083824 0.260395 0.959745 0.108351 0.259132 0.996477 0.0838243 0.00257682 0.994111 0.10835 0.00190246 0.96319 0.0838245 -0.255417 0.96073 0.10835 -0.255456 0.864263 0.0838236 -0.496006 0.861878 0.108351 -0.495406 0.706439 0.0838232 -0.702792 0.704289 0.108351 -0.701596 0.50047 0.0838232 -0.861686 0.498704 0.108352 -0.859973 0.260395 0.0838231 -0.961857 0.259132 0.108352 -0.959745 0.00257696 0.0838231 -0.996477 0.0019027 0.108351 -0.994111 0.000513478 -0.222559 -0.974919 0.00123665 0.287698 -0.95772 0.24907 0.287699 -0.924766 0.252822 -0.222559 -0.941567 0.479932 0.2877 -0.828791 0.487903 -0.222559 -0.844049 0.678085 0.287699 -0.676336 0.689735 -0.222558 -0.689009 0.830028 0.2877 -0.477788 0.844561 -0.22256 -0.487016 0.925406 0.287701 -0.24668 0.941833 -0.222558 -0.251831 0.95772 0.287699 0.00123692 0.974919 -0.222559 0.000511866 0.924766 0.287701 0.24907 0.941567 -0.222558 0.252823 0.828791 0.2877 0.479931 0.844048 -0.222559 0.487904 0.676335 0.287701 0.678085 0.689011 -0.222559 0.689733 0.47779 0.287701 0.830027 0.487015 -0.222556 0.844562 0.246682 0.287699 0.925407 0.251833 -0.22256 0.941832 -0.00123696 0.287698 0.95772 -0.00051341 -0.222559 0.974919 -0.249072 0.287701 0.924766 -0.252821 -0.22256 0.941567 -0.479931 0.287701 0.828791 -0.487904 -0.222557 0.844049 -0.678084 0.287699 0.676337 -0.689734 -0.222558 0.68901 -0.830028 0.2877 0.477788 -0.84456 -0.222561 0.487016 -0.925406 0.287703 0.24668 -0.941832 -0.222559 0.251832 -0.957719 0.287701 -0.00123696 -0.974919 -0.222558 -0.00051341 -0.924766 0.287702 -0.24907 -0.941567 -0.222559 -0.252822 -0.828792 0.2877 -0.47993 -0.844048 -0.222558 -0.487904 -0.676336 0.287701 -0.678084 -0.689011 -0.222562 -0.689732 -0.47779 0.287699 -0.830028 -0.487015 -0.222558 -0.844562 -0.251833 -0.22256 -0.941832 -0.246681 0.2877 -0.925406 0.00123665 0.287698 -0.95772 0.000513478 -0.222559 -0.974919 -0.28017 -0.829668 -0.482861 -0.145649 -0.829667 -0.538924 -0.00120199 -0.829667 -0.558257 -0.395597 -0.829668 -0.393897 -0.484064 -0.829668 -0.278086 -0.539544 -0.829668 -0.143326 -0.558255 -0.829668 0.00120198 -0.538922 -0.829668 0.145648 -0.482863 -0.829668 0.280169 -0.393897 -0.829668 0.395596 -0.278086 -0.829668 0.484065 -0.143326 -0.829667 0.539546 0.00120246 -0.829668 0.558256 0.145648 -0.829667 0.538925 0.28017 -0.829669 0.482861 0.395596 -0.829668 0.393897 0.484065 -0.829668 0.278087 0.539545 -0.829668 0.143326 0.558257 -0.829667 -0.0012015 0.538922 -0.829668 -0.145648 0.482863 -0.829668 -0.280169 0.393897 -0.829668 -0.395596 0.278087 -0.829668 -0.484066 0.143326 -0.829667 -0.539546 -0.00120199 -0.829667 -0.558257 -0.0071832 -0.0349098 -0.999365 0.251716 -0.0349099 -0.967171 0.493461 -0.0349125 -0.869067 0.701579 -0.034912 -0.711736 0.861884 -0.0349101 -0.505903 0.963453 -0.0349102 -0.265593 0.999365 -0.0349097 -0.00718327 0.967171 -0.0349127 0.251716 0.869067 -0.0349084 0.493462 0.711737 -0.0349103 0.701578 0.505905 -0.0349119 0.861883 0.265595 -0.0349112 0.963453 0.00718208 -0.0349101 0.999365 -0.251715 -0.0349114 0.967171 -0.493462 -0.0349127 0.869067 -0.701578 -0.0349132 0.711737 -0.861884 -0.0349102 0.505903 -0.963453 -0.0349102 0.265593 -0.999365 -0.0349101 0.00718327 -0.967171 -0.0349076 -0.251716 -0.869067 -0.0349078 -0.493461 -0.711737 -0.0349085 -0.701578 -0.505906 -0.0349116 -0.861882 -0.265594 -0.0349123 -0.963452 -0.0071832 -0.0349098 -0.999365 0.00169189 0.778888 -0.62716 0.163954 0.778888 -0.605353 0.315045 0.778889 -0.542291 0.444666 0.778888 -0.442274 0.543983 0.778888 -0.312115 0.60623 0.778887 -0.160687 0.627161 0.778888 0.00169172 0.605353 0.778888 0.163955 0.542293 0.778887 0.315045 0.442273 0.778888 0.444666 0.312117 0.778887 0.543983 0.160688 0.778887 0.606229 -0.00169167 0.778888 0.627161 -0.163956 0.778887 0.605353 -0.315045 0.778887 0.542293 -0.444665 0.778888 0.442274 -0.543982 0.778889 0.312114 -0.606229 0.778887 0.160688 -0.627161 0.778888 -0.00169167 -0.605353 0.778888 -0.163955 -0.542292 0.778888 -0.315045 -0.442273 0.778889 -0.444664 -0.312117 0.778888 -0.543982 -0.160688 0.778886 -0.606231 0.00169189 0.778888 -0.62716 -0.106121 0.912077 0.396048 -0.20501 0.912077 0.355088 -0.0251849 -0.998731 0.0436216 -0.0116912 -0.998979 0.0436324 0.151732 0.977068 0.149386 0.107898 0.977068 0.183567 0.20501 0.912077 0.355087 0.289928 0.912077 0.289927 -0.105025 0.977068 0.185226 -0.149386 0.977068 0.151732 -0.289927 0.912077 0.289928 -0.20501 0.912077 0.355088 -0.206097 0.977067 -0.0535062 -0.185226 0.977068 -0.105025 -0.355087 0.912077 -0.205009 -0.396048 0.912077 -0.106121 0.105025 0.977068 -0.185226 0.149386 0.977068 -0.151732 0.289928 0.912077 -0.289928 0.205009 0.912077 -0.355087 0.206097 0.977068 0.0535062 0.185226 0.977068 0.105025 0.355087 0.912077 0.20501 0.396049 0.912077 0.106121 -0.00165893 0.977068 -0.212923 0.0535061 0.977068 -0.206097 0.106121 0.912077 -0.396048 0 0.912077 -0.410019 0.001659 0.977068 0.212923 -0.0535059 0.977068 0.206097 -0.106121 0.912077 0.396048 3.07408e-07 0.912077 0.410019 -0.205238 0.977068 0.0567112 -0.212923 0.977068 0.00165913 -0.410019 0.912077 0 -0.396048 0.912077 0.106121 -0.107898 0.977068 -0.183567 -0.0567109 0.977068 -0.205238 -0.106121 0.912077 -0.396048 -0.20501 0.912077 -0.355087 0.212923 0.977068 -0.00165903 0.410019 0.912077 0 0.056711 0.977068 0.205239 0.106121 0.912077 0.396048 -0.183567 0.977068 0.107898 -0.355087 0.912077 0.20501 -0.151732 0.977068 -0.149386 -0.289927 0.912077 -0.289927 -0.529122 0.664389 -0.527842 -0.374478 0.664389 -0.646803 -0.0912753 0.983777 -0.15444 -0.128137 0.983777 -0.125554 -0.646801 0.66439 0.374477 -0.721685 0.664389 0.194312 -0.172801 0.983777 0.0481931 -0.15444 0.983777 0.0912752 0.194311 0.66439 0.721685 0.000905704 0.664389 0.747386 0.00182649 0.983777 0.179387 0.0481931 0.983777 0.172801 0.747385 0.66439 -0.000904117 0.722154 0.664389 0.192562 0.173747 0.983777 0.0446645 0.179387 0.983777 -0.0018265 0.192564 0.66439 -0.722153 0.37291 0.66439 -0.647707 0.0881116 0.983777 -0.156267 0.0446644 0.983777 -0.173747 -0.19431 0.664389 -0.721686 -0.000905615 0.66439 -0.747386 -0.00182674 0.983777 -0.179387 -0.0481931 0.983777 -0.172801 -0.747385 0.66439 0.000904117 -0.722154 0.66439 -0.192562 -0.173747 0.983777 -0.0446642 -0.179387 0.983777 0.00182661 -0.192566 0.66439 0.722152 -0.372908 0.66439 0.647708 -0.0881113 0.983777 0.156267 -0.0446642 0.983777 0.173747 0.647706 0.66439 0.372911 0.529123 0.66439 0.52784 0.128137 0.983777 0.125554 0.156267 0.983777 0.0881113 0.527842 0.664389 -0.529122 0.646803 0.66439 -0.374476 0.15444 0.983777 -0.0912751 0.125554 0.983777 -0.128137 -0.647708 0.66439 -0.372909 -0.156267 0.983777 -0.0881115 -0.527843 0.66439 0.52912 -0.125554 0.983777 0.128137 0.374477 0.664389 0.646804 0.0912753 0.983777 0.15444 0.721685 0.664389 -0.194312 0.172801 0.983777 -0.0481931 0 -0.641928 -0.766765 0.0976521 -0.926091 -0.364443 0.103176 -0.978478 -0.178706 0.0929292 -0.991327 -0.0929292 0.0808289 -0.995635 -0.0466665 0.0693011 -0.997423 -0.0185692 0.0586303 -0.99828 0 0.0486535 -0.998731 0.0130367 0.0391198 -0.998979 0.0225858 0.0297684 -0.999113 0.0297684 0.0203334 -0.999173 0.0352185 0.0105254 -0.999173 0.0392811 3.19381e-08 -0.999113 0.0420989 -0.041458 -0.99828 0.041458 -0.0621337 -0.997423 0.0358729 -0.0901529 -0.995635 0.0241565 -0.131422 -0.991326 0 -0.199321 -0.978478 -0.0534078 -0.326751 -0.926091 -0.188649 -0.542185 -0.641928 -0.542185 -0.383383 -0.641928 -0.664038 -0.198454 -0.641927 -0.740639 0.410019 0.912077 0 0.396049 0.912077 0.106121 -0.289927 0.912077 -0.289927 -0.20501 0.912077 -0.355087 -0.289927 0.912077 0.289928 0.355087 0.912077 0.20501 -0.106121 0.912077 -0.396048 0 0.912077 -0.410019 0.106121 0.912077 -0.396048 -0.355087 0.912077 0.20501 0.289928 0.912077 0.289927 0 0.912077 -0.410019 0.205009 0.912077 -0.355087 -0.396048 0.912077 0.106121 0.20501 0.912077 0.355087 0.289928 0.912077 -0.289928 -0.410019 0.912077 0 0.106121 0.912077 0.396048 0.355088 0.912077 -0.20501 -0.396048 0.912077 -0.106121 3.07408e-07 0.912077 0.410019 0.396048 0.912077 -0.106121 -0.355087 0.912077 -0.205009 0.945667 -0.203735 0.25339 0.979026 -0.203735 0 0.813702 -0.58125 0.00611466 0.784393 -0.58125 0.216507 -0.458406 -0.372438 -0.806941 -0.651637 -0.372439 -0.660801 -0.692276 -0.203736 -0.692276 -0.489512 -0.203735 -0.847862 0.89809 -0.372438 -0.233934 0.806942 -0.372438 -0.458404 0.847861 -0.203735 -0.489514 0.945666 -0.203735 -0.253391 0.458404 -0.372438 0.806942 0.651638 -0.372437 0.660801 0.692275 -0.203735 0.692277 0.489513 -0.203734 0.847862 -0.660802 -0.372439 0.651636 -0.46963 -0.372437 0.800461 -0.489513 -0.203736 0.847862 -0.692275 -0.203735 0.692277 -0.800462 -0.372438 -0.469629 -0.894735 -0.372438 -0.246453 -0.945667 -0.203735 -0.25339 -0.847862 -0.203735 -0.489512 0.660802 -0.372438 -0.651637 0.469631 -0.372436 -0.800461 0.489514 -0.203735 -0.847861 0.692275 -0.203735 -0.692277 0.800461 -0.372439 0.469629 0.894735 -0.372438 0.246453 0.945667 -0.203735 0.25339 0.847861 -0.203735 0.489514 0.246452 -0.37244 -0.894735 0.00648125 -0.372438 -0.928034 -2.35684e-06 -0.203735 -0.979026 0.253393 -0.203736 -0.945666 -0.246451 -0.372438 0.894736 -0.00647841 -0.372438 0.928035 4.61221e-09 -0.203735 0.979026 -0.25339 -0.203735 0.945667 -0.928035 -0.372437 -0.0064806 -0.979026 -0.203735 4.61222e-09 -0.233932 -0.372437 -0.898091 -0.253392 -0.203735 -0.945666 0.928035 -0.372437 0.00648066 0.979026 -0.203735 0 0.23393 -0.372438 0.898091 0.25339 -0.203735 0.945667 0.00648125 -0.372438 -0.928034 -2.35684e-06 -0.203735 -0.979026 -0.813702 -0.581251 -0.00611434 -0.787557 -0.581251 0.204695 -0.330873 -0.940126 0.0817722 -0.340762 -0.940126 -0.00664995 -0.489512 -0.203735 -0.847862 -0.692276 -0.203736 -0.692276 -0.57105 -0.581251 -0.579697 -0.401554 -0.581251 -0.707744 -0.692275 -0.203735 0.692277 -0.489513 -0.203736 0.847862 -0.412145 -0.581252 0.701629 -0.579697 -0.581251 0.57105 0.847861 -0.203735 0.489514 0.701629 -0.58125 0.412147 -0.253392 -0.203735 -0.945666 -0.204696 -0.581251 -0.787557 0.253393 -0.203736 -0.945666 -2.35684e-06 -0.203735 -0.979026 0.0061125 -0.581251 -0.813702 0.216509 -0.581251 -0.784392 -0.847861 -0.203736 0.489514 -0.707743 -0.58125 0.401556 0.692275 -0.203735 0.692277 0.57105 -0.581251 0.579698 -2.35684e-06 -0.203735 -0.979026 0.0061125 -0.581251 -0.813702 0.489514 -0.203735 -0.847861 0.412146 -0.581251 -0.701629 -0.945666 -0.203736 0.253391 -0.787557 -0.581251 0.204695 0.489513 -0.203734 0.847862 0.401554 -0.581251 0.707744 0.692275 -0.203735 -0.692277 0.579696 -0.581251 -0.571051 -0.979026 -0.203735 4.61222e-09 -0.813702 -0.581251 -0.00611434 0.25339 -0.203735 0.945667 0.204695 -0.581251 0.787558 0.847861 -0.203735 -0.489514 0.707744 -0.58125 -0.401556 -0.945667 -0.203735 -0.25339 -0.784393 -0.581251 -0.216507 4.61221e-09 -0.203735 0.979026 -0.00611464 -0.581251 0.813702 0.945666 -0.203735 -0.253391 0.787558 -0.581251 -0.204695 -0.847862 -0.203735 -0.489512 -0.70163 -0.581251 -0.412145 -0.25339 -0.203735 0.945667 -0.216507 -0.58125 0.784393 0.32743 -0.940126 0.0946194 0.340763 -0.940126 0.00665039 0.462138 -0.886801 0.00350107 0.445485 -0.886801 0.122992 0.204695 -0.581251 0.787558 0.401554 -0.581251 0.707744 0.164622 -0.940126 0.298434 0.081772 -0.940126 0.330873 0.707744 -0.58125 -0.401556 0.579696 -0.581251 -0.571051 0.245658 -0.940126 -0.236253 0.298434 -0.940126 -0.164622 -0.784393 -0.581251 -0.216507 -0.32743 -0.940126 -0.0946193 -0.00611464 -0.581251 0.813702 -0.00665033 -0.940126 0.340762 0.787558 -0.581251 -0.204695 0.330873 -0.940126 -0.0817719 -0.70163 -0.581251 -0.412145 -0.291784 -0.940126 -0.176141 -0.216507 -0.58125 0.784393 -0.0946194 -0.940126 0.32743 0.813702 -0.58125 0.00611466 -0.57105 -0.581251 -0.579697 -0.236253 -0.940126 -0.245658 -0.412145 -0.581252 0.701629 -0.17614 -0.940126 0.291784 0.784393 -0.58125 0.216507 -0.401554 -0.581251 -0.707744 -0.164622 -0.940126 -0.298434 -0.579697 -0.581251 0.57105 -0.245658 -0.940126 0.236253 0.701629 -0.58125 0.412147 0.291785 -0.940126 0.17614 -0.204696 -0.581251 -0.787557 -0.0817719 -0.940126 -0.330873 0.216509 -0.581251 -0.784392 0.0061125 -0.581251 -0.813702 0.00665022 -0.940126 -0.340763 0.0946193 -0.940126 -0.32743 -0.707743 -0.58125 0.401556 -0.298434 -0.940126 0.164622 0.57105 -0.581251 0.579698 0.236253 -0.940126 0.245658 0.412146 -0.581251 -0.701629 0.176141 -0.940126 -0.291784 0.116229 -0.886801 0.447297 0.228037 -0.886801 0.401974 0.303845 -0.794029 0.526495 0.157224 -0.79403 0.587195 -0.324305 -0.886801 -0.329256 -0.228037 -0.886801 -0.401974 -0.234101 -0.886801 0.398473 -0.329257 -0.886801 0.324305 0.398473 -0.886801 0.234101 -0.116228 -0.886801 -0.447297 0.00350103 -0.886801 -0.462138 0.122992 -0.886801 -0.445485 -0.401974 -0.886801 0.228037 0.324306 -0.886801 0.329257 0.234101 -0.886801 -0.398473 -0.447297 -0.886801 0.116228 0.329257 -0.886801 -0.324305 -0.462138 -0.886801 -0.00350083 0.401974 -0.886801 -0.228037 -0.445485 -0.886801 -0.122992 -0.00350106 -0.886801 0.462138 0.447297 -0.886801 -0.116228 -0.398473 -0.886801 -0.234101 -0.122992 -0.886801 0.445485 -0.485004 0.246284 -0.839116 -0.685658 0.246278 -0.684996 -0.466199 0.751875 -0.466199 -0.329653 0.751875 -0.570975 0.429914 -0.794029 -0.429758 0.526494 -0.794029 -0.303845 -0.60788 -0.794029 -0.000109975 -0.587139 -0.794029 -0.157437 -0.000109514 -0.794029 0.60788 0.587195 -0.794029 -0.157224 -0.526385 -0.794029 -0.304034 -0.157437 -0.794029 0.587138 0.60788 -0.794029 0.000110006 -0.429759 -0.794029 -0.429914 -0.304035 -0.794028 0.526385 0.587139 -0.794028 0.157437 -0.303844 -0.794029 -0.526494 -0.429913 -0.794029 0.429758 0.526384 -0.794029 0.304035 -0.157225 -0.794029 -0.587195 0.00010993 -0.794028 -0.607881 0.157437 -0.794029 -0.587138 -0.526494 -0.794029 0.303845 0.429759 -0.794029 0.429913 0.304035 -0.794029 -0.526384 -0.587195 -0.794029 0.157224 -0.0429221 0.978422 0.202109 0.0105543 0.979595 0.200704 0.0598291 0.981099 0.184026 0.100821 0.982726 0.15519 0.131159 0.984307 0.118054 0.150016 0.985727 0.0764031 0.157668 0.986924 0.0334844 0.155038 0.987875 -0.00815296 0.143334 0.988577 -0.0466 0.123831 0.989037 -0.0804483 0.0977655 0.989264 -0.108619 0.0663215 0.989264 -0.130221 0.0306767 0.989037 -0.144448 -0.00791496 0.988577 -0.150511 -0.0480015 0.987875 -0.147645 -0.0878113 0.986924 -0.135165 -0.125129 0.985727 -0.112627 -0.157245 0.984307 -0.0800852 -0.181028 0.982726 -0.0384452 -0.19324 0.981099 0.0101619 -0.191134 0.979595 0.0621402 -0.173263 0.978422 0.112562 -0.138226 0.978422 0.15357 -0.0937693 0.978422 0.184113 -0.684997 0.246278 0.685658 -0.484193 0.246278 0.839585 -0.329653 0.751875 0.570976 -0.466199 0.751875 0.4662 0.839585 0.246278 0.484195 0.936295 0.24628 0.250395 0.636839 0.751876 0.17064 0.570974 0.751876 0.329652 -0.251298 0.246278 -0.936054 -0.170641 0.751876 -0.636839 0.250395 0.246281 -0.936295 -0.000468058 0.24628 -0.969199 1.91911e-09 0.751875 -0.659306 0.170641 0.751875 -0.63684 -0.839117 0.246277 0.485005 -0.570975 0.751876 0.329653 0.685658 0.246278 0.684996 0.466199 0.751876 0.466198 0.484194 0.246283 -0.839584 0.329652 0.751876 -0.570974 -0.936053 0.246278 0.251299 -0.63684 0.751876 0.17064 0.485005 0.246273 0.839118 0.329653 0.751875 0.570976 0.684997 0.246277 -0.685658 0.466198 0.751876 -0.466198 -0.969199 0.246279 0.000467613 -0.659306 0.751875 -1.91912e-09 0.251299 0.246284 0.936052 0.170641 0.751875 0.636841 0.839117 0.246277 -0.485005 0.570975 0.751875 -0.329653 -0.936296 0.246278 -0.250395 -0.63684 0.751875 -0.17064 0.000467613 0.246279 0.969199 5.12403e-07 0.751876 0.659304 0.936053 0.246279 -0.251299 0.636841 0.751875 -0.170641 -0.839585 0.246279 -0.484193 -0.570975 0.751876 -0.329651 -0.250395 0.246278 0.936296 -0.170641 0.751875 0.636841 0.969199 0.246279 -0.000467551 0.659306 0.751875 -1.91912e-09 -0.000666568 0.970839 -0.239732 0.0614031 0.970839 -0.231735 0.119289 0.970839 -0.207947 0.169045 0.970839 -0.169987 0.20728 0.970839 -0.120443 0.231391 0.970839 -0.0626909 0.239732 0.970839 -0.000666601 0.231736 0.970839 0.0614035 0.207947 0.970839 0.119288 0.169987 0.970839 0.169045 0.120443 0.970839 0.20728 0.0626911 0.970839 0.231391 0.000666762 0.970839 0.239732 -0.0614032 0.970839 0.231736 -0.119289 0.970839 0.207947 -0.169044 0.970839 0.169987 -0.207281 0.970839 0.120443 -0.23139 0.970839 0.062691 -0.239732 0.970839 0.000666571 -0.231736 0.970839 -0.0614033 -0.207948 0.970839 -0.119289 -0.169987 0.970839 -0.169044 -0.120443 0.970839 -0.207281 -0.062691 0.970839 -0.231391 0.211763 0.576496 0.789182 0.000291888 0.576497 0.817099 1.81648e-09 0.972033 0.234845 0.0607819 0.972033 0.226842 0.408802 0.576497 0.707482 0.117422 0.972033 0.203382 0.577983 0.576498 0.577569 0.166061 0.972033 0.16606 0.707775 0.576498 0.408296 0.203381 0.972033 0.117422 0.789332 0.576498 0.211198 0.226843 0.972033 0.0607821 0.817099 0.576497 -0.000291859 0.234844 0.972033 -1.99812e-07 0.789181 0.576497 -0.211763 0.226843 0.972033 -0.0607823 0.707482 0.576498 -0.408802 0.203381 0.972033 -0.117422 0.57757 0.576497 -0.577983 0.16606 0.972033 -0.16606 0.408296 0.576498 -0.707775 0.117422 0.972033 -0.203381 0.211199 0.576498 -0.789332 0.0607821 0.972033 -0.226842 -0.000291858 0.576497 -0.817099 -1.99813e-07 0.972033 -0.234844 -0.211763 0.576497 -0.789181 -0.0607825 0.972033 -0.226843 -0.408803 0.576497 -0.707482 -0.117422 0.972033 -0.203381 -0.577983 0.576498 -0.577569 -0.16606 0.972033 -0.16606 -0.707774 0.576497 -0.408297 -0.203382 0.972033 -0.117422 -0.789333 0.576497 -0.211199 -0.226842 0.972033 -0.0607821 -0.817099 0.576497 0.000291888 -0.234845 0.972033 1.81648e-09 -0.789182 0.576497 0.211762 -0.226842 0.972033 0.060782 -0.707483 0.576497 0.408803 -0.203382 0.972033 0.117423 -0.57757 0.576497 0.577983 -0.16606 0.972033 0.16606 -0.408297 0.576497 0.707774 -0.117422 0.972033 0.203381 -0.211199 0.576497 0.789333 -0.0607822 0.972033 0.226842 0.968982 -0.247132 1.90873e-07 0.935964 -0.247133 0.250791 0.969199 0.246279 -0.000467551 0.936295 0.24628 0.250395 -0.250791 -0.247131 0.935965 -0.484491 -0.247131 0.839163 -0.250395 0.246278 0.936296 -0.484193 0.246278 0.839585 -0.839164 -0.247131 -0.48449 -0.685174 -0.247132 -0.685174 -0.839585 0.246279 -0.484193 -0.685658 0.246278 -0.684996 0.935965 -0.247131 -0.250791 0.936053 0.246279 -0.251299 0 -0.247135 0.968981 0.000467613 0.246279 0.969199 -0.935965 -0.247131 -0.25079 -0.936296 0.246278 -0.250395 0.839163 -0.24713 -0.484491 0.839117 0.246277 -0.485005 0.250792 -0.247131 0.935965 0.251299 0.246284 0.936052 -0.968982 -0.247132 0 -0.969199 0.246279 0.000467613 0.685174 -0.247133 -0.685173 0.684997 0.246277 -0.685658 0.484492 -0.247128 0.839163 0.485005 0.246273 0.839118 -0.935965 -0.24713 0.250791 -0.936053 0.246278 0.251299 0.484491 -0.247134 -0.839162 0.484194 0.246283 -0.839584 0.685174 -0.24713 0.685174 0.685658 0.246278 0.684996 -0.839163 -0.24713 0.484492 -0.839117 0.246277 0.485005 0.25079 -0.247132 -0.935965 0.250395 0.246281 -0.936295 -0.25079 -0.247133 -0.935964 4.38302e-07 -0.247132 -0.968982 -0.251298 0.246278 -0.936054 -0.000468058 0.24628 -0.969199 0.839164 -0.24713 0.484491 0.839585 0.246278 0.484195 -0.685173 -0.247129 0.685175 -0.684997 0.246278 0.685658 -0.484492 -0.247132 -0.839162 -0.485004 0.246284 -0.839116 0.00381775 0.667127 0.744934 -0.189116 0.667127 0.720539 -0.369161 0.667127 0.647041 -0.524049 0.667126 0.529448 -0.643222 0.667128 0.375774 -0.718563 0.667127 0.19649 -0.744934 0.667127 0.00381766 -0.72054 0.667126 -0.189116 -0.647041 0.667127 -0.369161 -0.529448 0.667127 -0.524049 -0.375774 0.667127 -0.643223 -0.196491 0.667127 -0.718563 -0.00381779 0.667127 -0.744934 0.189116 0.667127 -0.720539 0.369161 0.667126 -0.647041 0.524048 0.667127 -0.529448 0.643224 0.667126 -0.375773 0.718563 0.667127 -0.196491 0.744934 0.667127 -0.00381791 0.72054 0.667127 0.189116 0.647041 0.667127 0.36916 0.529448 0.667127 0.524048 0.375774 0.667127 0.643223 0.19649 0.667127 0.718564 0.00119477 0.892773 0.450505 -0.115445 0.892773 0.435464 -0.224218 0.892773 0.390747 -0.31771 0.892773 0.3194 -0.389552 0.892773 0.226287 -0.434845 0.892773 0.117754 -0.450505 0.892773 0.0011952 -0.435464 0.892773 -0.115445 -0.390747 0.892773 -0.224218 -0.319401 0.892773 -0.317711 -0.226288 0.892773 -0.389552 -0.117754 0.892773 -0.434845 -0.00119494 0.892773 -0.450505 0.115445 0.892773 -0.435464 0.224217 0.892773 -0.390747 0.31771 0.892773 -0.319401 0.389552 0.892773 -0.226287 0.434846 0.892773 -0.117754 0.450505 0.892773 -0.00119494 0.435464 0.892773 0.115445 0.390747 0.892773 0.224218 0.319401 0.892773 0.31771 0.226288 0.892773 0.389552 0.117753 0.892773 0.434845 0.004517 0.941648 0.336569 -0.0827473 0.941648 0.32627 -0.164373 0.941648 0.293736 -0.234796 0.941648 0.241184 -0.289219 0.941648 0.172196 -0.323932 0.941648 0.0914734 -0.336569 0.941648 0.00451708 -0.326269 0.941648 -0.082747 -0.293736 0.941648 -0.164372 -0.241184 0.941648 -0.234796 -0.172196 0.941648 -0.289219 -0.0914738 0.941648 -0.323931 -0.00451708 0.941648 -0.336569 0.0827473 0.941648 -0.32627 0.164372 0.941648 -0.293736 0.234796 0.941648 -0.241184 0.289219 0.941648 -0.172196 0.323931 0.941648 -0.0914734 0.336569 0.941648 -0.00451706 0.32627 0.941648 0.0827472 0.293736 0.941648 0.164372 0.241184 0.941648 0.234796 0.172196 0.941648 0.289218 0.0914732 0.941648 0.323931 -0.00289994 0.00882692 -0.999957 0.256005 0.00882306 -0.966635 0.497466 0.00882563 -0.867438 0.705025 0.0088289 -0.709128 0.864538 0.00882269 -0.502491 0.965134 0.00882288 -0.261609 0.999957 0.00881902 -0.00290134 0.966635 0.0088192 0.256005 0.867438 0.00882204 0.497466 0.709128 0.00881593 0.705025 0.502492 0.00881997 0.864537 0.26161 0.00883033 0.965133 0.00290123 0.00882567 0.999957 -0.256008 0.0088304 0.966635 -0.497465 0.00882662 0.867439 -0.705025 0.00883041 0.709127 -0.864538 0.00882574 0.502491 -0.965133 0.00882334 0.261611 -0.999957 0.00881941 0.00290134 -0.966635 0.00881963 -0.256005 -0.867438 0.0088223 -0.497466 -0.709129 0.00881541 -0.705023 -0.502492 0.00882187 -0.864537 -0.26161 0.00883109 -0.965133 -0.00289994 0.00882692 -0.999957 -0.374478 0.664389 -0.646803 -0.474966 0.301725 -0.826662 -0.244826 0.301723 -0.921425 -0.19431 0.664389 -0.721686 0.00199615 0.301723 -0.953393 -0.000905615 0.66439 -0.747386 -0.529122 0.664389 -0.527842 -0.672739 0.301724 -0.675563 -0.647708 0.66439 -0.372909 -0.824664 0.301724 -0.478426 -0.722154 0.66439 -0.192562 -0.920391 0.301724 -0.248685 -0.747385 0.66439 0.000904117 -0.953393 0.301723 -0.00199794 -0.721685 0.664389 0.194312 -0.921424 0.301724 0.244826 -0.646801 0.66439 0.374477 -0.826661 0.301723 0.474968 -0.527843 0.66439 0.52912 -0.675564 0.301723 0.672738 -0.372908 0.66439 0.647708 -0.478427 0.301724 0.824664 -0.192566 0.66439 0.722152 -0.248686 0.301723 0.92039 0.000905704 0.664389 0.747386 -0.00199832 0.301724 0.953393 0.194311 0.66439 0.721685 0.244827 0.301724 0.921424 0.374477 0.664389 0.646804 0.474966 0.301724 0.826662 0.529123 0.66439 0.52784 0.672739 0.301724 0.675563 0.647706 0.66439 0.372911 0.824664 0.301723 0.478427 0.722154 0.664389 0.192562 0.92039 0.301724 0.248687 0.747385 0.66439 -0.000904117 0.953393 0.301723 0.00199794 0.721685 0.664389 -0.194312 0.921424 0.301724 -0.244826 0.646803 0.66439 -0.374476 0.826662 0.301724 -0.474966 0.527842 0.664389 -0.529122 0.675564 0.301724 -0.672738 0.37291 0.66439 -0.647707 0.478427 0.301723 -0.824664 0.192564 0.66439 -0.722153 0.248687 0.301724 -0.92039 -0.000905615 0.66439 -0.747386 0.00199615 0.301723 -0.953393 </float_array>
          <technique_common>
            <accessor count="1728" offset="0" source="#meshId0-normals-array" stride="3">
              <param name="X" type="float" />
              <param name="Y" type="float" />
              <param name="Z" type="float" />
            </accessor>
          </technique_common>
        </source>
        <source id="meshId0-tangents" name="meshId0-tangents">
          <float_array id="meshId0-tangents-array" count="5184"> 0.865733 -0.000983897 -0.500506 0.965774 -0.000985294 -0.259384 0.965925 4.32216e-12 -0.258821 0.866025 1.34511e-14 -0.500002 -0.70752 -0.000985767 -0.706693 -0.500504 -0.000983963 -0.865733 -0.500001 5.64902e-14 -0.866024 -0.707107 0 -0.707107 0.000582289 -0.000984265 0.999999 -0.169317 0.0595184 0.983763 -0.258817 1.92951e-09 0.965926 0 0 1 -0.259382 -0.000985152 -0.965774 -0.258818 0 -0.965926 -0.706695 -0.000983736 0.707517 -0.865732 -0.000986006 0.500506 -0.866024 0 0.500002 -0.707105 -9.2616e-14 0.707108 0.866316 -0.000984826 0.499495 0.707518 -0.000985847 0.706695 0.707107 -6.63139e-12 0.707107 0.866026 8.87276e-12 0.499999 0.866026 5.19558e-07 0.499999 0.707106 2.34995e-07 0.707107 -0.707106 -4.40729e-07 0.707107 -0.866026 8.02627e-07 0.499999 6.56913e-07 2.84264e-07 -1 0.258819 -8.65333e-07 -0.965926 0.258255 -0.000985306 -0.966076 -0.000581184 -0.000985001 -0.999999 0.965926 -8.02627e-07 0.258818 0.966076 -0.000984741 0.258256 -0.5 5.88832e-07 0.866026 -0.499492 -0.000984119 0.866318 -0.25882 4.49686e-07 -0.965926 1 2.38877e-07 5.37474e-07 0.999999 -0.000984404 -0.000581669 -0.362868 0.0480532 0.930601 -0.344039 -0.0614189 0.936944 -0.505806 -6.27904e-09 -0.862647 -0.265303 0 -0.964165 -0.5 -4.59839e-07 -0.866026 0.965926 -5.84055e-07 -0.258819 9.36399e-07 -4.21618e-07 1 -0.151047 -0.0480538 0.987358 -0.711841 5.21673e-08 -0.70234 -0.707106 4.90893e-07 -0.707108 0.866025 -1.70797e-07 -0.5 0.258819 1.18244e-06 0.965926 0.259382 -0.000985571 0.965774 -0.866026 -4.71783e-07 -0.499999 -0.866316 -0.00098396 -0.499495 0.707107 1.13467e-06 -0.707107 0.706693 -0.000985903 -0.70752 0.500001 -4.64616e-07 0.866025 0.500504 -0.000983768 0.865734 -0.965926 1.67214e-08 -0.258818 -0.966076 -0.000985663 -0.258255 -0.965926 -4.69095e-07 0.258818 -1 2.85458e-07 -6.58704e-07 -0.999999 -0.000985317 0.000583563 -0.965775 -0.000984142 0.25938 0.5 -3.1054e-08 -0.866026 0.499497 -0.000983989 -0.866315 -0.862647 0 0.505806 -0.964165 2.16417e-10 0.265303 0.258255 0.000985319 -0.966076 0.258818 1.1662e-14 -0.965926 0.5 -2.60982e-14 -0.866025 0.499497 0.000983962 -0.866315 -0.999999 0.000985318 0.000583573 -1 0 0 -0.965926 -1.30226e-14 -0.258818 -0.966076 0.000985673 -0.258255 0.707107 0 -0.707107 0.706693 0.000985924 -0.70752 -0.965775 0.000984139 0.25938 -0.965926 -1.40475e-14 0.258817 -0.866026 9.16177e-15 -0.499998 -0.862024 -0.0295802 -0.506003 0.500504 0.000983712 0.865734 0.500001 0 0.866025 0.258818 -2.33108e-14 0.965926 0.259382 0.0009851 0.965774 0.999999 0.000985853 -0.000582782 1 1.68273e-12 0 0.965926 -4.87629e-12 0.25882 0.966076 0.000983884 0.258255 -0.000581196 0.000985007 -0.999999 0 1.97194e-14 -1 0.866025 -9.69805e-07 0.5 0.866316 0.000984417 0.499495 0.70752 0.000985579 0.706693 0.707105 -9.43174e-07 0.707108 -0.707106 4.21654e-07 0.707107 -0.706695 0.00098372 0.707517 -0.865733 0.000985995 0.500506 -0.866026 -8.29994e-07 0.499999 -0.00671887 1.08227e-10 -0.999977 -6.56938e-07 2.84501e-07 -1 0.258819 9.43371e-07 -0.965926 0.252325 3.24767e-10 -0.967643 1.7887e-06 -7.85607e-07 -1 0.258819 8.1446e-07 -0.965926 0.967643 0 0.252324 0.965926 1.32421e-06 0.258817 0.866025 -9.48547e-07 0.5 0.869365 0 0.494171 0.965926 1.35595e-06 0.258817 -0.49417 5.84394e-09 0.869365 -0.499998 -1.0811e-06 0.866026 -0.707106 4.61019e-07 0.707107 -0.70234 0 0.711842 -0.499998 -9.20982e-07 0.866027 -0.499492 0.000984096 0.866318 -0.258821 -1.59785e-07 -0.965925 -0.259382 0.000985156 -0.965774 0.999977 1.08225e-10 -0.0067157 1 -6.20726e-07 1.4225e-06 1 -9.03228e-07 2.06389e-06 -0.252324 1.20731e-06 0.967643 -0.0686193 0.0852701 0.993992 -0.0686193 0.08527 0.993992 -0.669474 -0.213178 0.71159 -0.500002 1.79758e-07 -0.866024 -0.500504 0.000983968 -0.865733 0.964165 -2.16455e-10 -0.265303 0.89396 0.060372 -0.444061 0.89513 0.085272 -0.437573 0.943595 -0.273941 0.185972 0.00672087 -1.08227e-10 0.999977 -0.682713 0.115592 0.721485 -0.0522746 0.0199389 0.998434 -0.252324 -1.08816e-06 0.967643 0.893999 0.0645146 -0.4434 0.934975 -0.317956 0.157242 0.931446 -0.296788 -0.210538 0.808732 0.330069 -0.486834 -0.826514 0.08527 -0.556421 -0.310739 -0.273944 -0.910163 0.535707 -0.649636 0.539437 0.289782 -0.22985 0.929083 0.538052 -0.0219696 0.842625 0.848742 -0.314152 0.425376 0.258821 -1.99731e-07 0.965925 -0.00719732 -0.0295781 0.999537 -0.679705 0.133711 0.721196 0.04125 -0.110861 0.99298 -0.455017 -0.500415 0.736577 -0.290422 -0.286135 0.913117 0.29974 -0.187597 0.935395 0.707108 -1.6156e-06 -0.707106 0.869223 -0.0295802 -0.493535 0.964426 0.133708 0.228045 0.5 1.19395e-06 0.866025 -0.967644 4.32978e-10 -0.25232 -0.965926 4.21577e-07 -0.258817 -0.283457 0.115587 -0.951993 -0.869364 -1.08192e-10 -0.494173 -0.965926 -3.92804e-07 -0.258819 -0.284711 0.133707 -0.949243 -0.965926 -6.87962e-08 0.258817 -1 1.90854e-07 4.30532e-07 0.499999 4.54943e-07 -0.866026 -0.999977 0 0.00671515 -1 -8.32806e-07 -1.89838e-06 -0.500001 6.1155e-14 0.866025 -0.258817 -1.9295e-09 0.965926 0.711842 2.16475e-10 0.70234 0.862647 0 -0.505807 0.265301 5.98362e-08 0.964166 0.70234 2.1649e-10 -0.711842 0.505806 0 0.862647 0.494172 0 -0.869364 -0.578156 -0.353775 0.735241 0.707107 1.33198e-07 0.707107 -0.866026 -7.66208e-07 0.499999 -0.258819 -7.81078e-07 -0.965926 -0.500001 -3.43986e-07 -0.866025 -0.831547 0.0603709 -0.552164 0.966181 0.115589 0.230506 0.258818 -1.66302e-06 0.965926 0.707106 -5.92276e-07 -0.707107 0.5 1.03196e-06 0.866026 -0.965926 1.14576e-06 0.25882 0.500001 -4.91408e-07 -0.866025 0.67942 0.347505 -0.646242 0.402339 0.115764 -0.908142 -0.830932 0.0646776 -0.552602 -0.331308 -0.317955 -0.888335 -0.648054 -0.296831 -0.701368 -0.826031 0.329971 -0.456937 -0.661722 0.708376 -0.245617 -0.875479 0.42157 0.236254 -0.774595 0.0221777 0.632068 0.148341 -0.418141 -0.896188 -0.157406 -0.107518 -0.981664 -0.580015 0.339991 0.740263 0.118105 0.708482 0.695776 0.642329 0.421533 0.640097 -0.735029 -0.649621 0.194228 -0.792752 -0.314146 0.522356 -0.949512 -0.229805 -0.213581 -0.99876 -0.0219758 0.0446654 0.88461 0.35505 0.302333 0.973654 0.13378 0.184663 0.963281 0.109344 0.245221 0.847595 0.276337 0.453013 0.928979 0.36542 -0.058872 0.820283 0.557425 -0.128116 0.827117 0.529338 -0.188889 0.93937 0.329653 -0.0944093 0.98018 -0.109265 0.165251 0.989421 0.136703 0.0485665 0.993978 0.101742 0.0407012 0.973411 -0.139338 0.18181 0.650709 0.710127 0.26888 0.780222 0.551977 0.294235 0.752537 0.546606 0.367301 0.61135 0.701162 0.36691 0.695303 -0.704161 -0.14391 0.585039 -0.80426 -0.104379 0.546841 -0.822731 -0.15517 0.686983 -0.692874 -0.219043 0.902203 -0.347286 0.255777 0.883126 -0.363181 0.296964 0.549723 0.813424 0.19012 0.494309 0.816207 0.299106 0.820734 -0.556561 -0.128982 0.829777 -0.523355 -0.193829 0.780064 -0.552498 0.293675 0.750427 -0.554332 0.359966 0.501813 0.860962 0.0832373 0.431972 0.886453 0.166137 0.929386 -0.364247 -0.0597098 0.9412 -0.323285 -0.0981279 0.650794 -0.709912 0.269244 0.612664 -0.696431 0.373666 0.515367 0.856668 -0.0227396 0.449909 0.893043 -0.00752529 0.98946 -0.136469 0.048429 0.994252 -0.0994722 0.0395964 0.54982 -0.813148 0.191018 0.495058 -0.811628 0.310125 0.584839 0.80449 -0.103722 0.545643 0.824188 -0.151615 0.980188 0.10849 0.165713 0.5018 -0.860899 0.083964 0.431357 -0.885032 0.175068 0.694874 0.704787 -0.142922 0.684304 0.697324 -0.21323 0.902428 0.345966 0.256769 0.515363 -0.85667 -0.0227233 0.449423 -0.893304 -0.00514336 -0.707103 9.698e-08 -0.707111 -0.866023 2.69389e-08 -0.500003 -0.866024 1.06193e-08 -0.500003 -0.707103 5.45713e-08 -0.707111 0.106807 -0.937687 0.33066 0.129617 -0.990408 -0.0478626 0.56564 0.68788 -0.454832 0.78916 0.471486 -0.393609 0.668252 0.444314 0.596678 0.326883 -0.870533 -0.367858 0.943087 0.246077 -0.223679 0.99882 0.0482446 0.0054953 0.96139 -0.130659 0.242194 0.449785 0.626792 0.636259 0.584958 -0.654074 -0.479595 0.844318 -0.292434 0.449009 0.238471 0.812079 0.532596 0.803371 -0.435048 -0.406606 0.64029 -0.531349 0.554704 0.108801 0.955176 0.27532 0.944618 -0.238956 -0.224936 0.4317 -0.679831 0.592844 0.134903 0.988493 -0.0684288 0.998145 -0.0604973 0.00689094 0.244958 -0.785307 0.568585 0.316906 0.882349 -0.347894 0.988189 -0.00876532 0.152986 0.990977 0.0778541 0.109103 0.984733 0.159558 0.0695814 0.971178 0.233853 0.0461049 0.953473 0.297044 0.0515143 0.937231 0.339706 0.0787306 0.926308 0.355664 0.124328 0.923764 0.341588 0.173143 0.930555 0.300814 0.208755 0.944726 0.240908 0.22239 0.961301 0.167489 0.21874 0.977086 0.0884552 0.193592 0.988245 0.00822822 0.152658 0.990618 -0.0747162 0.114428 0.984607 -0.155242 0.0803072 0.971069 -0.23091 0.0608736 0.952962 -0.296457 0.0630556 0.93596 -0.34312 0.0790366 0.9226 -0.365909 0.122147 0.917681 -0.357429 0.173509 0.923485 -0.318619 0.213674 0.938252 -0.256283 0.232383 0.957824 -0.179038 0.224761 0.976228 -0.0955503 0.194547 1.91753e-10 -1.14603e-07 1 0.258817 1.74803e-07 0.965926 0.258817 9.55735e-08 0.965926 -7.3745e-11 -6.19458e-08 1 0.965924 -8.67283e-08 -0.258824 0.866026 -5.14533e-06 -0.499999 0.866028 -7.58196e-05 -0.499996 0.965926 -7.0665e-05 -0.25882 -0.500006 -7.82725e-08 -0.866022 -0.500006 -4.4542e-08 -0.866022 -0.258817 4.31022e-08 0.965926 -0.258817 2.50733e-08 0.965926 1 7.48303e-11 -1.51017e-08 1 1.17992e-09 -5.53087e-11 -0.258819 4.82655e-09 -0.965926 -0.258819 2.35984e-09 -0.965926 -0.499994 -1.47491e-07 0.866029 -0.499994 -8.08245e-08 0.866029 0.965925 8.12656e-08 0.258824 0.965925 4.80817e-08 0.258824 -1.5111e-08 -1.79592e-09 -1 -1.10617e-10 1.76988e-09 -1 -0.707107 1.59388e-07 0.707107 -0.707107 8.28894e-08 0.707107 0.866025 -1.86253e-07 0.5 0.866025 -1.02063e-07 0.5 0.258817 9.49596e-08 -0.965926 0.258817 5.75211e-08 -0.965926 -0.866025 -1.14079e-07 0.5 -0.866025 -6.13558e-08 0.5 0.707107 1.66198e-07 0.707107 0.707107 8.67241e-08 0.707107 0.500003 -4.32893e-08 -0.866024 0.500003 -1.82888e-08 -0.866024 -0.965383 0.0148018 0.260417 -0.965775 0.00785854 0.259264 -0.965926 -1.68144e-07 -0.258817 -1 -2.39457e-09 1.51157e-08 -1 0 1.84362e-11 -0.965926 -8.99689e-08 -0.258817 0.5 -1.16324e-07 0.866025 0.5 -5.9291e-08 0.866025 0.707107 -1.66497e-07 -0.707107 0.707107 -8.67241e-08 -0.707107 -0.966256 -0.0148014 0.25716 -0.966018 -0.00785836 0.258354 0.991984 0.106189 0.0684982 0.978168 -0.0923508 0.186169 0.960309 -0.124547 0.249587 0.991478 0.130042 0.00779073 0.915028 -0.286685 0.283789 0.812684 -0.378516 0.443023 0.817505 -0.466755 0.337381 0.584488 -0.612106 0.532635 0.709754 -0.621159 0.332282 0.337954 -0.804159 0.488993 0.620256 -0.737645 0.266762 0.14379 -0.93649 0.319862 0.575278 -0.803691 0.152103 0.0596419 -0.995553 0.072918 0.590532 -0.806787 0.0191512 0.107369 -0.978851 -0.174133 0.661036 -0.745419 -0.0859108 0.265568 -0.897357 -0.352455 0.764108 -0.63122 -0.133042 0.488814 -0.762292 -0.42423 0.870625 -0.478305 -0.115051 0.720085 -0.583587 -0.375371 0.953152 -0.299717 -0.0408817 0.902898 -0.369888 -0.218994 0.99197 -0.106277 0.0685613 0.991483 -0.13 0.0077882 0.97817 0.0924435 0.18611 0.960293 0.124687 0.249581 0.915007 0.287082 0.283455 0.812619 0.378723 0.442967 0.817493 0.466899 0.33721 0.584425 0.612237 0.532554 0.70975 0.62117 0.332268 0.337919 0.804211 0.488933 0.620252 0.737642 0.266779 0.143773 0.936515 0.319796 0.575276 0.803685 0.152147 0.0596426 0.99555 0.0729568 0.590517 0.806796 0.0192342 0.107355 0.978863 -0.174076 0.661018 0.745443 -0.0858453 0.265557 0.897365 -0.352443 0.764093 0.631248 -0.132996 0.488804 0.762306 -0.424218 0.87064 0.478269 -0.115086 0.720093 0.583574 -0.375376 0.9532 0.299545 -0.0410169 0.902918 0.369837 -0.218996 0.991231 0.0741039 0.109404 0.986687 -0.0540396 0.153387 0.965266 -0.179449 0.189893 0.932315 -0.294715 0.2096 0.896293 -0.391936 0.207472 0.866909 -0.463581 0.183195 0.852572 -0.503086 0.141514 0.857547 -0.505728 0.0940929 0.880264 -0.471208 0.0556689 0.914035 -0.403907 0.0373919 0.949575 -0.310564 0.0430898 0.977605 -0.198465 0.0699944 0.991122 -0.0745192 0.110107 0.986662 0.0539206 0.153589 0.965402 0.180237 0.18845 0.932437 0.295443 0.208028 0.896325 0.392077 0.207067 0.866933 0.463657 0.182893 0.852583 0.503103 0.141387 0.857529 0.505741 0.0941828 0.880223 0.471259 0.0558808 0.914024 0.403928 0.0374458 0.949671 0.310339 0.0425909 0.977793 0.197903 0.068956 0.00139424 0.999999 0 -0.0127584 0.999919 0 -0.00797168 0.499985 -0.865997 -0.00294378 0.499999 -0.866021 -0.00628289 -0.499991 -0.866008 -0.00449659 -0.499996 -0.866016 0.00167468 -0.939898 -0.341452 -0.00917115 -0.914071 -0.405451 0.96159 -0.206541 0.180791 0.693444 0.170258 -0.700105 0.954486 0.220669 -0.200655 0.507456 -0.269159 0.818561 -0.0630332 -0.209816 0.975707 -0.172504 -0.927593 -0.33138 -0.310575 -0.910042 0.274531 -0.0359213 -0.471925 0.880907 0.0116794 0.499965 0.865967 -0.0229364 0.499867 0.865798 0.0483393 -0.228651 0.972308 -0.000640799 0.500886 -0.865513 0.00107236 0.999999 -0.00085522 -0.976005 0.216787 -0.020441 -0.976005 -0.216788 0.020441 -0.983795 0.175354 0.0374019 -0.983795 -0.175354 -0.0374019 -0.517036 0.19255 -0.834025 -0.946379 0.187253 -0.263256 0.357042 -0.0297185 0.933615 -0.438465 -0.0135229 0.898646 -0.806907 -0.0966776 -0.582714 -0.919364 -0.235721 -0.314968 -0.881103 0.35633 -0.310944 -0.709146 -0.402518 -0.578871 -0.5066 0.0248079 -0.861825 -0.358989 0.34226 -0.868323 -0.297264 -0.0139925 0.954693 0.732799 -0.404004 0.547527 0.730813 -0.248209 0.63585 0.751906 0.106343 0.650637 0.911345 0.247918 0.328614 0.907558 0.394929 0.142719 -0.05249 -0.253947 0.965793 0.0353131 -0.248634 0.967953 0.19112 -0.899596 -0.392683 0.7357 -0.249715 0.629593 -0.713989 -0.245193 0.65582 0.0595028 -0.100847 -0.993121 -0.0664199 -0.0984285 -0.992925 0 -0.500001 0.866025 0.410286 -0.552766 0.725338 0.410289 -0.351788 0.841373 3.83499e-06 -0.500002 0.866025 -0.564798 -0.657079 0.49925 -0.564774 -0.103786 0.818693 -0.00388268 0.497022 -0.867729 -0.00306701 -0.502345 -0.864662 -0.00477856 0.507291 0.861761 -0.00249722 0.999987 -0.00441476 0.264911 -0.935408 -0.234167 -0.573678 0.679388 0.457521 -0.438959 0.324793 0.83775 -1.26311e-08 0.500001 0.866025 0.573657 0.67942 0.457501 0.573674 0.0565222 0.817131 5.3863e-07 0.499999 0.866026 -0.267294 -0.93974 -0.213171 -0.00102154 -0.498589 -0.866838 0.00848365 0.505829 0.862592 0.0275503 -0.48066 0.876474 0.311715 -0.917079 0.248598 -0.998805 0 0.0488837 -0.995243 0 -0.0974193 -0.998805 -0.0423349 -0.024442 -0.995243 0.0843679 0.0487097 -0.998804 -0.0423345 0.0244417 -0.995243 0.0843675 -0.0487094 -0.995243 0.0843675 -0.0487094 -0.998805 -0.0423345 0.0244417 -0.998804 0 0.0488837 -0.998804 0 -0.0488842 -0.998804 0.0423345 0.0244417 -0.998805 -0.0423349 -0.024442 -2.91372e-09 -0.499999 0.866026 0.165592 -0.986061 0.0162088 0.165586 0.478993 0.86206 -1.34281e-06 -0.499999 0.866026 -0.0842554 -0.996436 0.00412355 -0.0842631 0.494645 0.865001 -0.998805 -0.0423349 0.024442 -0.995243 0.0843679 -0.0487097 0.0842876 0.996433 -0.00412509 -4.71429e-06 0.499999 -0.866026 -0.1656 -0.47899 -0.862058 -0.0842674 0.996435 -0.00412408 2.91372e-09 0.499999 -0.866026 0.0842711 -0.494644 -0.865 0 -0.977058 0.212972 0 -1 0 0 -1 0 -0.346085 -0.916679 0.199812 0 -1 0 -0.346084 -0.916679 -0.199812 0 -1 0 0 -0.977058 -0.212973 0 -1 0 0.18444 -0.977058 -0.106487 0.18444 -0.977058 0.106487 0 -1 0 0.18444 -0.977058 -0.106487 0 -1 0 -0.938187 0.338188 -0.0737156 -0.500003 -6.89166e-06 -0.866024 0.214145 -0.521726 -0.825799 -0.938203 -0.338145 -0.0737068 -0.5 -6.3471e-09 -0.866025 0.405267 0.338151 -0.84936 0 0.985827 -0.167765 0 1 0 0 1 0 0.279035 0.946671 -0.161101 0 1 0 0.279035 0.946671 0.161101 0 1 0 0 0.985827 0.167765 0 1 0 -0.145289 0.985827 0.0838824 -0.145288 0.985827 -0.0838821 0 1 0 -0.145289 0.985827 0.0838824 0 1 0 0.96028 0.275083 -0.0468128 -0.300632 0.461331 -0.834742 0.5 -1.92048e-08 -0.866025 0.960281 -0.27508 -0.046812 -0.4396 -0.27508 -0.855034 0.499999 -1.97646e-07 -0.866026 0 -0.977058 0.212972 0 -1 0 0 -1 0 -0.346084 -0.91668 0.199812 0 -1 0 -0.346083 -0.91668 -0.199811 0 -1 0 0 -0.977058 -0.212972 0 -0.977058 -0.212972 0 -1 0 0 -1 0 0.18444 -0.977058 -0.106485 0.18444 -0.977058 0.106485 0 -1 0 -0.938185 -0.338192 0.0737168 0.214147 -0.521724 0.8258 -0.5 1.19499e-08 0.866025 -0.938198 0.338159 0.0737097 0.405253 0.338184 0.849354 -0.499997 5.59519e-07 0.866027 0 0.985827 -0.167765 0 1 0 0 1 0 0.279035 0.946671 -0.161102 0 1 0 0.279035 0.946671 0.161102 0 1 0 0 0.985827 0.167764 0 0.985827 0.167764 0 1 0 0 1 0 -0.145289 0.985827 0.0838825 -0.145288 0.985827 -0.0838821 0 1 0 -0.96028 -0.275085 0.0468133 0.300633 -0.461333 0.834741 -0.500002 4.79545e-12 0.866024 -0.960282 0.275078 0.0468118 0.4396 0.275081 0.855034 -0.499999 4.60103e-07 0.866026 -0.968276 -0.248831 -0.0229081 -0.985744 -0.158415 0.0566907 -0.963792 -0.191173 -0.185896 -0.935102 -0.226744 -0.272344 -0.882535 -0.173354 -0.437126 -0.837929 -0.204719 -0.50593 -0.736683 -0.155657 -0.65808 -0.682813 -0.182879 -0.707334 -0.536612 -0.138042 -0.832461 -0.479946 -0.161352 -0.862332 -0.296776 -0.120628 -0.947298 -0.242981 -0.140149 -0.959853 -0.0345766 -0.103454 -0.994033 0.0119667 -0.119323 -0.992783 0.230972 -0.0864117 -0.969115 0.267418 -0.0987463 -0.958508 0.480538 -0.069552 -0.874212 0.505808 -0.0784431 -0.859072 0.695993 -0.0528053 -0.716104 0.710698 -0.0583845 -0.701071 0.861678 -0.0361167 -0.506168 0.867933 -0.0384278 -0.495193 0.965528 -0.0194696 -0.25957 0.966642 -0.0185649 -0.255456 0.999979 -0.00282998 0.00584491 0.999998 0.00128457 0.00174957 0.96251 0.0138706 0.270893 0.965693 0.0212022 0.258818 0.855803 0.0307119 0.516389 0.866108 0.0412044 0.498156 0.687574 0.0477582 0.724542 0.708141 0.0614168 0.703395 0.470076 0.0649268 0.880235 0.502726 0.0818051 0.860567 0.219103 0.0823262 0.972222 0.26406 0.102447 0.95905 -0.0470739 0.100004 0.993873 0.00862186 0.123387 0.992321 -0.309023 0.117901 0.943718 -0.246004 0.144684 0.95841 -0.54763 0.135941 0.825604 -0.482373 0.166279 0.860039 -0.745573 0.154158 0.648348 -0.684411 0.188153 0.704401 -0.888534 0.172367 0.425202 -0.838534 0.210298 0.502629 -0.0406854 -0.459262 -0.887369 -0.155872 -0.614327 -0.773503 -0.28759 -0.598918 -0.747389 -0.143867 -0.436691 -0.888033 -0.934647 0.232552 0.268988 -0.966378 0.190468 0.172732 -0.985041 0.157434 -0.0700606 -0.967037 0.253869 0.0197357 0.773535 -0.211309 -0.597487 0.77282 -0.197344 -0.603163 0.710506 -0.37761 -0.593795 0.71537 -0.406286 -0.568487 -0.885387 0.061118 0.460819 -0.834404 0.0767157 0.545788 -0.94047 0.096825 0.325792 -0.974301 0.0591606 0.217344 -0.971581 0.188382 0.143329 -0.999867 0.013116 -0.00969542 -0.734224 0.0571641 0.676497 -0.672037 0.065178 0.737643 -0.531325 0.0522769 0.845553 -0.463929 0.0573453 0.884015 -0.29087 0.0469904 0.955608 -0.224409 0.0508315 0.973169 -0.0297565 0.041506 0.998695 0.0303315 0.0447523 0.998538 0.23368 0.0358599 0.971652 0.283307 0.0387849 0.958245 0.480896 0.0300529 0.876262 0.517742 0.0327824 0.854909 0.694414 0.0241657 0.71917 0.718206 0.0267555 0.695316 0.859155 0.018216 0.511391 0.871494 0.0206952 0.489969 0.963469 0.0122161 0.267541 0.967518 0.0145989 0.252381 0.999969 0.00619438 0.00480593 0.999962 0.0084852 -0.00182588 0.966072 0.000191069 -0.258274 0.966685 0.00239619 -0.255957 0.86417 -0.00580362 -0.503167 0.869865 -0.00369116 -0.493276 0.701481 -0.0117236 -0.712591 0.715844 -0.00972304 -0.698192 0.489522 -0.0175468 -0.871814 0.514735 -0.0156928 -0.857206 0.243279 -0.0232272 -0.969678 0.279765 -0.021596 -0.959826 -0.0198162 -0.0286526 -0.999393 0.0263585 -0.0273846 -0.999277 -0.281155 -0.0336545 -0.959072 -0.228811 -0.0330309 -0.97291 -0.522214 -0.0377766 -0.851977 -0.468925 -0.0385084 -0.882398 -0.725987 -0.0400878 -0.686539 -0.678059 -0.0439098 -0.733695 -0.878438 -0.0384297 -0.476308 -0.842049 -0.0499728 -0.537082 -0.970607 -0.0296389 -0.238838 -0.948597 -0.0627317 -0.310207 -0.997156 0.0613464 -0.0437723 -0.989827 -0.109501 -0.0908403 -0.859511 0.124215 0.495793 -0.873732 0.140505 0.465672 -0.964474 0.140633 0.223633 -0.958146 0.127508 0.256315 -0.992706 0.117238 -0.0281188 -0.992483 0.122382 -0.000375307 -0.702378 0.118439 0.701882 -0.722716 0.129323 0.678939 -0.497336 0.107803 0.860834 -0.520595 0.11645 0.845825 -0.257844 0.0957566 0.96143 -0.281287 0.102963 0.954084 -0.000149907 0.0831846 0.996534 -0.0215318 0.0891725 0.995783 0.258105 0.0703387 0.963553 0.240408 0.0752308 0.967752 0.499175 0.0573929 0.864599 0.486041 0.0612378 0.871788 0.70646 0.0444321 0.706357 0.69801 0.0472259 0.714529 0.865671 0.0314073 0.499627 0.861323 0.0332064 0.50697 0.96582 0.0183935 0.258559 0.964414 0.0192158 0.263697 0.999985 0.00543366 -0.000295813 0.999984 0.00527621 0.00182923 0.965803 -0.00755943 -0.259169 0.965514 -0.00866764 -0.260205 0.86562 -0.0205653 -0.50028 0.863432 -0.0226315 -0.503958 0.706341 -0.0335945 -0.707074 0.700953 -0.0365787 -0.712269 0.498943 -0.0465854 -0.865382 0.489557 -0.0505603 -0.870504 0.257716 -0.0595471 -0.964384 0.244197 -0.0644718 -0.96758 -0.000740648 -0.0725531 -0.997364 -0.0178267 -0.0784204 -0.996761 -0.258659 -0.0854678 -0.96218 -0.278021 -0.0922692 -0.956133 -0.498355 -0.0981119 -0.861403 -0.518052 -0.105767 -0.848785 -0.703504 -0.109791 -0.70216 -0.721099 -0.118183 -0.682678 -0.860531 -0.117431 -0.495678 -0.873259 -0.126552 -0.470536 -0.960401 -0.109142 -0.256356 -0.965272 -0.126772 -0.228425 -0.995215 -0.0977048 0.000883656 -0.997336 -0.0711417 0.0161191 -0.832672 0.137837 0.536338 -0.937857 0.158434 0.308745 -0.97032 0.228092 0.0803274 -0.671351 0.121358 0.731136 -0.464381 0.107603 0.879074 -0.225956 0.0944437 0.969549 0.0280421 0.0814311 0.996284 0.280767 0.0684792 0.95733 0.515457 0.0556237 0.855108 0.716484 0.04281 0.696289 0.870461 0.0300629 0.491318 0.967115 0.0173642 0.253745 0.999989 0.00467862 -0.0006897 0.966877 -0.00799022 -0.255117 0.869981 -0.0206692 -0.492652 0.715752 -0.0333645 -0.697558 0.514473 -0.0461301 -0.856265 0.279531 -0.0589323 -0.958326 0.0265536 -0.0717879 -0.997066 -0.227657 -0.0847345 -0.970048 -0.466302 -0.0976836 -0.879216 -0.673606 -0.110691 -0.730754 -0.835717 -0.124525 -0.534855 -0.939793 -0.148731 -0.307682 -0.981026 -0.182323 -0.0659219 -0.841456 0.142413 0.52122 -0.940803 0.173611 0.291117 -0.973466 0.22353 0.0489738 -0.682343 0.125245 0.720224 -0.476485 0.110501 0.872211 -0.23795 0.0965136 0.96647 0.01723 0.0829059 0.996408 0.271889 0.0695043 0.959815 0.508894 0.056267 0.858988 0.712266 0.0431563 0.700582 0.868286 0.0301715 0.495146 0.966406 0.0172599 0.256439 0.99999 0.00438136 0.000481948 0.966762 -0.0085087 -0.255536 0.868955 -0.0213915 -0.494428 0.713169 -0.0342952 -0.700153 0.509908 -0.0472706 -0.858929 0.272886 -0.0603732 -0.96015 0.018058 -0.0735804 -0.997126 -0.237428 -0.0869508 -0.967506 -0.476406 -0.100598 -0.873451 -0.682778 -0.114999 -0.721519 -0.842285 -0.132537 -0.522484 -0.943295 -0.159035 -0.291381 -0.97812 -0.202631 -0.0471304 -0.989783 -0.139255 -0.0306152 -0.953629 -0.10697 -0.281336 -0.85273 -0.0815926 -0.51594 -0.693042 -0.0653806 -0.717926 -0.485631 -0.05445 -0.872466 -0.244902 -0.0456056 -0.968475 0.0126881 -0.0376004 -0.999212 0.269633 -0.0299321 -0.962498 0.508513 -0.0224058 -0.860763 0.713135 -0.0148986 -0.700868 0.869652 -0.00737096 -0.493611 0.967464 0.000164767 -0.25301 0.999959 0.00772708 0.00467609 0.964945 0.0152789 0.262008 0.864799 0.0228351 0.501599 0.706311 0.0303751 0.70725 0.500222 0.0379113 0.865067 0.260482 0.045406 0.96441 0.0033314 0.052926 0.998593 -0.253814 0.0605681 0.965355 -0.49351 0.0686635 0.867026 -0.699369 0.078331 0.710456 -0.85696 0.0932646 0.506873 -0.953984 0.125386 0.272383 -0.98456 0.173295 0.0247121 -0.999911 0.0133146 8.63243e-05 -0.966163 -0.0140289 -0.257552 -0.86656 -0.038299 -0.497601 -0.708254 -0.0429539 -0.70465 -0.501712 -0.0409789 -0.864064 -0.260839 -0.0365529 -0.96469 -0.00202939 -0.0310626 -0.999515 0.257031 -0.0250692 -0.966078 0.49862 -0.0187658 -0.866617 0.706199 -0.0122919 -0.707907 0.865552 -0.00567806 -0.500786 0.965763 0.000992755 -0.259424 0.99997 0.00771769 -0.000334082 0.965835 0.0144382 0.258755 0.865704 0.0211059 0.500111 0.70645 0.0277152 0.70722 0.498989 0.0342213 0.865933 0.25754 0.0405082 0.965418 -0.00136493 0.0464351 0.99892 -0.260017 0.0517866 0.964214 -0.500759 0.0560593 0.863769 -0.707239 0.0579752 0.704593 -0.8656 0.0543071 0.497783 -0.965511 0.0369524 0.257726 -0.999738 0.0228642 -0.000332034 -0.868787 0.0566401 0.491937 -0.966343 0.0593827 0.250311 -0.998372 0.0564164 -0.0083649 -0.712091 0.0517479 0.700178 -0.506751 0.0476353 0.860775 -0.266797 0.0435572 0.962768 -0.0085762 0.0391896 0.999195 0.250317 0.0344467 0.967551 0.492235 0.0294215 0.869965 0.700679 0.0242155 0.713066 0.861427 0.0188459 0.507532 0.963501 0.0134027 0.267369 0.999929 0.00787699 0.00895301 0.968219 0.00229954 -0.250095 0.870528 -0.00328838 -0.492107 0.713521 -0.00889783 -0.700577 0.507908 -0.0144808 -0.861289 0.267721 -0.0199613 -0.96329 0.00934319 -0.0253206 -0.999636 -0.249605 -0.030498 -0.967867 -0.491469 -0.0354759 -0.870172 -0.699766 -0.0404182 -0.713227 -0.860302 -0.0454833 -0.507752 -0.962354 -0.0465136 -0.267788 -0.998539 -0.053158 -0.00966246 -0.841176 0.200528 0.502207 -0.835927 0.210338 0.506935 -0.932382 0.235245 0.27445 -0.935992 0.228168 0.268063 -0.964733 0.261871 0.0266957 -0.967604 0.251783 0.0186775 -0.687198 0.176779 0.704633 -0.681473 0.186791 0.707605 -0.484866 0.154894 0.860763 -0.479273 0.164257 0.862158 -0.248032 0.134245 0.959405 -0.242974 0.142547 0.959502 0.00706243 0.114494 0.993399 0.011344 0.121509 0.992526 0.262897 0.0953663 0.960099 0.266277 0.100986 0.958592 0.501877 0.0766684 0.861534 0.504334 0.0809094 0.85971 0.707544 0.0583053 0.70426 0.709137 0.0611249 0.702417 0.865724 0.0401715 0.498907 0.866582 0.0415866 0.497299 0.965502 0.0221707 0.25945 0.965819 0.0222327 0.258263 0.999988 0.00427919 0.00222613 0.999994 0.00294885 0.00159231 0.966795 -0.0135869 -0.255194 0.966746 -0.016301 -0.255218 0.868201 -0.0315349 -0.49521 0.868358 -0.0355953 -0.494659 0.710994 -0.0495377 -0.701451 0.711604 -0.0549731 -0.700427 0.506002 -0.0677014 -0.859871 0.507273 -0.0745718 -0.858553 0.267331 -0.0861395 -0.959747 0.269428 -0.0944665 -0.958376 0.0114025 -0.104981 -0.994409 0.0144051 -0.114726 -0.993293 -0.244208 -0.124323 -0.96172 -0.240297 -0.135512 -0.961194 -0.481966 -0.14442 -0.864206 -0.477259 -0.156948 -0.864634 -0.685588 -0.165621 -0.7089 -0.68035 -0.179212 -0.710639 -0.841161 -0.188462 -0.506882 -0.83586 -0.202485 -0.510233 -0.938044 -0.213931 -0.272592 -0.933514 -0.226841 -0.277659 -0.970587 -0.239679 -0.0226717 -0.967127 -0.25259 -0.0293816 -0.999499 0.0307277 -0.00754106 -0.996112 -0.0840132 -0.0265237 -0.95898 -0.06019 -0.277011 -0.967152 -0.0315625 -0.252231 -0.857208 -0.04727 -0.512796 -0.869977 -0.0449458 -0.49104 -0.696003 -0.0443466 -0.716668 -0.713445 -0.0465367 -0.699165 -0.488017 -0.0400505 -0.871915 -0.50747 -0.0424711 -0.860622 -0.247361 -0.0345903 -0.968306 -0.266186 -0.0365398 -0.963229 0.00987674 -0.0285812 -0.999543 -0.00632627 -0.030011 -0.99953 0.266465 -0.0223044 -0.963587 0.254101 -0.0233657 -0.966895 0.505197 -0.0159579 -0.862856 0.497077 -0.0167243 -0.867546 0.710028 -0.0096362 -0.704108 0.705794 -0.0101935 -0.708344 0.867165 -0.00334072 -0.49801 0.865851 -0.00377799 -0.500287 0.966032 0.00288282 -0.258408 0.966207 0.00252309 -0.257755 0.999958 0.00908043 -0.00143625 0.999958 0.00878281 0.00253158 0.966654 0.0151702 0.255635 0.964791 0.0149518 0.262592 0.86836 0.0212114 0.495481 0.863154 0.0210585 0.504501 0.711688 0.0271654 0.701971 0.702083 0.0271113 0.711579 0.507177 0.0330054 0.861209 0.492717 0.033074 0.869561 0.268572 0.038625 0.962485 0.249531 0.0388802 0.967586 0.0119205 0.0439766 0.998962 -0.0106642 0.0444105 0.998956 -0.245563 0.0488323 0.96815 -0.2699 0.0494738 0.961617 -0.48658 0.0529707 0.872029 -0.510296 0.0536219 0.858325 -0.694846 0.0563177 0.71695 -0.715343 0.0559906 0.696527 -0.855913 0.0603023 0.513592 -0.871126 0.0541383 0.488067 -0.967513 0.035438 0.250326 -0.958327 0.0695463 0.277078 -0.990588 0.131439 0.0382049 -0.999897 0.0138454 -0.00368734 -0.888718 0.0340295 0.457189 -0.972336 0.0194934 0.232772 -0.995081 -0.05431 0.0828567 -0.742845 0.0368431 0.668448 -0.543013 0.0356133 0.838969 -0.303527 0.0328851 0.952255 -0.0417811 0.0295599 0.998689 0.223385 0.0259505 0.974385 0.47294 0.0221916 0.880815 0.688966 0.0183834 0.72456 0.856052 0.0145272 0.516685 0.962238 0.0106576 0.271999 0.999946 0.00674449 0.00786966 0.966441 0.00280213 -0.256873 0.864054 -0.00119237 -0.503397 0.69999 -0.00528017 -0.714133 0.485871 -0.00946118 -0.87398 0.23694 -0.0137291 -0.971427 -0.0290331 -0.0180881 -0.999415 -0.292916 -0.0224635 -0.955874 -0.535447 -0.0265688 -0.844151 -0.738722 -0.0296537 -0.673358 -0.887453 -0.0290828 -0.459979 -0.971872 -0.0150493 -0.235029 -0.995863 0.0517142 -0.0747122 -0.998437 -0.0551391 0.00910265 -0.967403 -0.0377219 -0.250415 -0.869608 -0.0389742 -0.492203 -0.712591 -0.0336992 -0.70077 -0.506862 -0.0283888 -0.861559 -0.266468 -0.023341 -0.963561 -0.00783506 -0.0185699 -0.999797 0.251369 -0.0140621 -0.967789 0.493442 -0.0097973 -0.869724 0.701852 -0.00571512 -0.7123 0.862376 -0.00176895 -0.506266 0.964058 0.00209205 -0.265686 0.999958 0.00585717 -0.00698174 0.967632 0.00960595 0.252182 0.869289 0.0133411 0.494124 0.711648 0.0170914 0.702329 0.505473 0.0208392 0.86259 0.264845 0.0246074 0.963977 0.00619433 0.0283542 0.999579 -0.252821 0.0319546 0.966985 -0.494526 0.0352241 0.868449 -0.702444 0.0376207 0.710744 -0.862457 0.0379191 0.504707 -0.963701 0.0378278 0.264292 -0.99986 0.0153328 0.00665115 -0.981661 -0.118261 -0.14952 -0.947907 -0.0455037 -0.31528 -0.841237 -0.035362 -0.539508 -0.677039 -0.0309998 -0.735294 -0.467649 -0.0274193 -0.883489 -0.227818 -0.0235029 -0.97342 0.0266393 -0.0192792 -0.999459 0.279176 -0.014871 -0.960125 0.513426 -0.0103945 -0.858071 0.714135 -0.00588605 -0.699983 0.868226 -0.00138818 -0.496167 0.965631 0.00307267 -0.2599 0.99995 0.00751249 -0.00663275 0.968913 0.0118964 0.247117 0.87451 0.0162299 0.484736 0.722875 0.0205037 0.690674 0.523854 0.0246731 0.851451 0.290378 0.0286826 0.956482 0.0376498 0.0324849 0.998763 -0.2179 0.035949 0.975309 -0.45947 0.0390092 0.887336 -0.670818 0.041808 0.740443 -0.836776 0.0457589 0.545629 -0.942985 0.0602363 0.32734 -0.977844 0.13257 0.162005 0.952346 -0.0213185 0.304275 0.78023 -0.0667505 0.621921 0.944732 -0.00951005 0.327705 0.980017 -0.00278224 0.198894 0.791313 -0.0295146 -0.610699 0.794929 0.0260945 -0.606141 0.800504 0.0525001 -0.597023 0.784241 -0.0527782 -0.618208 0.782663 0.196117 -0.590742 0.777151 0.210898 -0.592924 0.731849 0.4065 -0.546951 0.755436 0.378127 -0.535104 0.779765 0.130953 -0.612224 0.785684 0.0830508 -0.613028 0.760916 0.154594 -0.630164 0.736862 0.246733 -0.62941 0.782588 -0.196127 -0.590838 0.777114 -0.210899 -0.592972 0.731834 -0.406501 -0.546969 0.755366 -0.378144 -0.535191 0.779901 -0.130991 -0.612042 0.785817 -0.0830948 -0.612852 0.761048 -0.154687 -0.629983 0.736997 -0.246813 -0.629221 0.793253 -0.128361 -0.595208 0.788494 -0.16798 -0.591658 0.779549 -0.323572 -0.536289 0.797846 -0.247184 -0.549855 0.793361 0.128331 -0.59507 0.788603 0.167957 -0.59152 0.779666 0.323524 -0.536147 0.79798 0.247112 -0.549695 0.772744 0.197334 -0.603263 0.77503 0.169928 -0.608649 0.718344 0.322928 -0.616198 0.71042 0.377586 -0.593913 0.794801 -0.0261396 -0.606306 0.795559 -0.079978 -0.600574 0.805418 -0.154733 -0.572154 0.800371 -0.0525958 -0.597193 0.775152 -0.169955 -0.608486 0.718473 -0.322986 -0.616016 0.795669 0.0799423 -0.600434 0.805541 0.154653 -0.572002 0.773517 0.211309 -0.597512 0.715337 0.406283 -0.568531 0.791187 0.02947 -0.610864 0.784112 0.0526825 -0.61838 0.750912 0.0769261 -0.655906 0.827734 -0.0748414 -0.556108 0.794473 -0.0215662 -0.606916 0.791943 0.0252906 -0.610071 0.484394 0.737136 -0.471161 0.444476 0.65996 -0.605718 0.778897 0.166435 -0.604664 0.779429 0.178088 -0.600646 0.867265 0.227417 -0.44287 0.85988 0.38102 -0.339749 0.793411 0.107764 -0.599071 0.795066 0.066937 -0.602818 0.47231 -0.532266 -0.702578 0.550369 -0.38323 -0.741774 0.784001 -0.110733 -0.610803 0.780646 -0.143476 -0.608282 0.802407 -0.530232 -0.273857 0.70199 -0.658492 -0.271289 0.785767 -0.165062 -0.596092 0.789951 -0.141246 -0.596681 0.867262 -0.227421 -0.442872 0.859858 -0.381048 -0.339775 0.793336 -0.107782 -0.599167 0.794992 -0.0669574 -0.602913 0.472209 0.532153 -0.702732 0.550284 0.383099 -0.741904 0.783875 0.110703 -0.610971 0.780527 0.143455 -0.608439 0.802483 0.530162 -0.27377 0.702138 0.658405 -0.271117 0.785858 0.165051 -0.595975 0.790053 0.141227 -0.596549 0.651703 -0.229591 -0.722891 0.750928 -0.0769596 -0.655884 0.79203 -0.0253168 -0.609956 0.788167 -0.0704341 -0.611418 0.582487 -0.736562 -0.343782 0.484347 -0.737126 -0.471225 0.779424 -0.178088 -0.600652 0.781911 -0.177622 -0.597549 0.651658 0.229515 -0.722956 0.788061 0.0704046 -0.611558 0.582613 0.736536 -0.343624 0.781972 0.177619 -0.597471 0.827736 0.0748397 -0.556105 0.794555 0.0215421 -0.606811 0.44454 -0.660002 -0.605625 0.77897 -0.166443 -0.604569 0.995867 -0.0696399 0.0583018 0.982428 0.0311752 0.184021 0.952102 0.0451606 0.302427 0.904186 0.0449418 0.424768 0.841264 0.0430373 0.538908 0.772869 0.0419112 0.63318 0.761242 0.0447088 0.646925 0.900365 0.038204 -0.433455 0.900051 0.02541 -0.435042 0.944555 0.018375 -0.327839 0.97929 0.0128067 -0.202058 0.99754 0.00776914 -0.0696705 0.997867 0.00274803 0.0652169 0.894463 -0.018593 0.446755 0.835862 -0.0323608 0.547985 0.791975 -0.0569629 0.607891 0.879581 -0.116608 0.461237 0.977634 -0.194826 -0.0792104 0.943455 -0.307806 -0.123075 0.825832 -0.526157 -0.202881 0.913578 -0.369151 -0.170596 0.973013 -0.219813 -0.0702015 -0.858854 0.386094 0.336601 -0.770607 0.392994 -0.501718 0.303163 -0.199814 -0.931755 0.686076 -0.124828 -0.716741 0.486184 -0.120575 0.865498 -0.203329 0.289403 -0.935363 0.912033 -0.0693994 -0.404202 0.992363 0.050577 0.112507 0.951152 0.0230159 0.307864 0.0752235 -0.190712 0.97876 0.319509 0.193315 -0.927655 0.973805 -0.093233 -0.207394 0.780268 0.0667246 0.621876 -0.429689 -0.286226 0.856412 0.689774 0.122752 -0.713543 0.492809 0.117414 0.86218 -0.8676 -0.390025 0.308464 0.913528 0.0678671 -0.401074 0.0912386 0.184441 0.9786 -0.784202 -0.396095 -0.477635 0.99858 0.0218385 -0.0485799 -0.409181 0.278767 0.868827 -0.247692 -0.303256 -0.920155 0.258818 2.58047e-08 -0.965926 -1.48705e-08 -6.53135e-08 -1 0.00507803 -0.00341082 -0.999981 0.263718 -0.00341041 -0.964594 0.725327 0.367906 -0.581847 0.637798 0.202524 -0.7431 0.667433 0.183993 -0.721582 0.77646 0.340667 -0.530148 -0.239931 0.0308928 -0.970298 -0.413808 0.197289 -0.88873 -0.457933 0.183991 -0.869738 -0.25255 0.03056 -0.967101 0.350979 -0.758294 -0.549367 0.354507 -0.62063 -0.699387 0.47124 -0.598903 -0.647494 0.471471 -0.756107 -0.453891 -0.196086 -0.752383 -0.628864 -0.150876 -0.859471 -0.488412 -0.269938 -0.889156 -0.369507 -0.337939 -0.7561 -0.560456 0.493231 0.0358943 -0.869157 0.313493 -0.130738 -0.940548 0.281372 -0.122285 -0.951775 0.494248 0.030558 -0.868784 -0.542982 0.362185 -0.757623 -0.606543 0.522711 -0.599065 -0.69156 0.501557 -0.519793 -0.612793 0.340661 -0.713046 0.276783 -0.465298 -0.840767 0.134272 -0.301976 -0.943812 0.192445 -0.277424 -0.941276 0.368798 -0.436707 -0.820533 -0.592932 0.672326 -0.443181 -0.513951 0.794856 -0.322581 -0.569111 0.805015 -0.167522 -0.674796 0.663226 -0.323699 -0.0320134 -0.91958 -0.391597 0.123904 -0.921201 -0.36883 0.147138 -0.96837 -0.201518 -0.0899597 -0.968371 -0.232731 0.125588 -0.296466 -0.94675 0.0577278 -0.277404 -0.959017 0.74169 0.528887 -0.412522 0.802534 0.501548 -0.323093 -0.0476041 -0.135839 -0.989587 -0.0254468 -0.122282 -0.992169 0.266365 -0.863828 -0.427611 0.356382 -0.889153 -0.287052 0.697948 0.666296 -0.262523 0.754176 0.642899 -0.133789 -0.298222 0.426468 -0.853926 -0.417164 0.25838 -0.871329 -0.588691 0.137906 -0.796508 -0.574597 0.213859 -0.790002 -0.866026 -3.13447e-08 0.499999 -0.707107 -8.16418e-09 0.707107 -0.710684 -0.00341051 0.703503 -0.868549 -0.00341072 0.495592 0.707108 -2.6242e-08 0.707106 0.866026 -1.73781e-07 0.5 0.86347 -0.00341036 0.504388 0.703503 -0.00341102 0.710684 0.500001 -1.93899e-08 -0.866025 0.504389 -0.00341072 -0.86347 -0.965925 -3.58641e-08 0.258821 -0.967222 -0.00341089 0.25391 -0.965925 -7.43524e-08 -0.258821 -0.999641 0.0262507 -0.00546034 -0.99707 0.0585057 -0.0492822 -0.964593 -0.00341077 -0.263721 0.500001 2.65336e-08 0.866025 0.495594 -0.00341059 0.868548 0.707108 -1.79612e-07 -0.707106 0.710685 -0.00341034 -0.703502 -0.99964 -0.0262505 0.00546513 -0.997062 -0.0656737 0.0394227 -0.866025 5.68578e-08 -0.500001 -0.86347 -0.00341048 -0.504389 0.258819 4.47572e-08 0.965926 0.253909 -0.00341055 0.967222 0.866026 -8.76192e-08 -0.5 0.868549 -0.00341076 -0.495592 -0.707108 -3.32399e-08 -0.707106 -0.703504 -0.00341086 -0.710683 1.49798e-08 -6.79377e-08 1 -0.00507775 -0.00341066 0.999981 0.965926 6.9104e-08 -0.258819 0.967222 -0.00341049 -0.253909 -0.500001 2.40552e-08 -0.866025 -0.495593 -0.00341073 -0.868548 -0.258818 2.58047e-08 0.965926 -0.263719 -0.00341078 0.964593 1 6.02109e-08 1.35584e-08 0.999981 -0.00341079 0.00507802 -0.258819 4.67983e-08 -0.965926 -0.253909 -0.00341056 -0.967222 -0.499999 1.93899e-08 0.866026 -0.504387 -0.00341061 0.863471 0.965926 -5.88988e-08 0.258819 0.964594 -0.00341051 0.263718 -0.565306 -0.275152 -0.777638 -0.57439 -0.213786 -0.790172 -0.539495 -0.284276 -0.792548 -0.521301 -0.36862 -0.769652 -0.593998 -0.71327 -0.372037 -0.440895 -0.800031 -0.406893 -0.581886 -0.336869 -0.740222 -0.597067 -0.312027 -0.73902 -0.546758 -0.0907092 -0.832362 -0.660007 0.0760427 -0.747401 -0.615805 0.0368702 -0.787036 -0.603584 -0.0522908 -0.795583 -0.221218 0.58826 -0.777826 -0.565392 0.275175 -0.777567 -0.706247 -0.573562 -0.415019 -0.611097 -0.265914 -0.745554 -0.417109 -0.258287 -0.871383 -0.588402 -0.137785 -0.796743 -0.216462 0.724952 -0.653902 -0.563625 0.317783 -0.762457 -0.753706 -0.411159 -0.512713 -0.620094 -0.201648 -0.75817 -0.298168 -0.426394 -0.853981 -0.297377 0.804668 -0.513883 -0.569709 0.338819 -0.748754 -0.734706 -0.243401 -0.633217 -0.620751 -0.123966 -0.774145 -0.221275 -0.588316 -0.777767 -0.440948 0.800021 -0.406855 -0.581884 0.336868 -0.740224 -0.660059 -0.0759532 -0.747364 -0.615906 -0.0368242 -0.786959 -0.216436 -0.724939 -0.653926 -0.563572 -0.317775 -0.762499 -0.593833 0.713354 -0.372141 -0.596921 0.312052 -0.739127 -0.753556 0.411327 -0.5128 -0.706034 0.573737 -0.415141 -0.610821 0.265988 -0.745753 -0.61992 0.20171 -0.758296 -0.546792 0.090769 -0.832334 -0.603835 0.0524049 -0.795384 -0.29713 -0.804629 -0.514087 -0.569631 -0.338816 -0.748816 -0.734642 0.243492 -0.633255 -0.621742 0.123553 -0.773415 -0.582049 -0.425731 -0.6928 -0.552353 -0.457813 -0.696644 -0.507919 -0.602544 -0.615597 -0.573109 -0.557585 -0.600538 -0.528679 0.45855 -0.714305 -0.552181 0.457827 -0.696771 -0.630781 -0.173341 -0.756352 -0.618473 -0.0569844 -0.783737 -0.517342 -0.428078 -0.741017 -0.581679 0.425813 -0.693061 -0.609257 0.364572 -0.704197 -0.627479 0.278286 -0.727205 -0.597738 0.0654832 -0.799013 -0.528688 -0.458551 -0.714297 -0.63148 0.172937 -0.755861 -0.56778 0.181139 -0.803004 -0.620175 0.055889 -0.78247 -0.539965 0.284519 -0.792141 -0.59657 -0.064713 -0.799948 -0.521576 0.368725 -0.769415 -0.609991 -0.364309 -0.703697 -0.567042 -0.180686 -0.803627 -0.517464 0.428106 -0.740916 -0.629189 -0.277463 -0.726041 0.440786 -0.759879 -0.477799 0.465048 -0.575743 -0.672496 0.265551 -0.383738 -0.884436 0.259587 -0.509286 -0.820513 -0.633099 0.0742437 -0.770502 -0.581523 -0.0756298 -0.810007 -0.464457 0.355683 -0.81103 -0.42846 0.469849 -0.771793 -0.629344 -0.472345 -0.617103 -0.520007 -0.22119 -0.825026 -0.423562 0.554943 -0.715984 -0.661826 -0.356437 -0.659499 -0.463856 -0.355224 -0.811575 -0.452557 0.60142 -0.658397 -0.662488 -0.220843 -0.715778 -0.428082 -0.469638 -0.772131 -0.507681 0.602566 -0.615771 -0.632741 -0.0745795 -0.770764 -0.423385 -0.554883 -0.716135 -0.572625 0.557731 -0.600863 -0.628565 0.472728 -0.617603 -0.66076 0.357152 -0.660181 -0.582497 0.0765777 -0.809217 -0.452566 -0.60142 -0.658391 -0.662019 0.22123 -0.716093 -0.520796 0.22191 -0.824335 0.130369 0.206051 -0.969818 0.137283 0.197395 -0.970664 0.142601 0.174065 -0.974354 0.145366 0.13976 -0.979457 0.144579 0.0988178 -0.984547 0.141184 0.0551274 -0.988447 0.136489 0.0118031 -0.990571 0.131869 -0.0288732 -0.990847 0.128236 -0.065241 -0.989595 0.126269 -0.0961187 -0.987328 0.126283 -0.120591 -0.984637 0.128379 -0.137883 -0.982093 0.132118 -0.14726 -0.980234 0.13646 -0.14804 -0.979522 0.140537 -0.139666 -0.980175 0.143356 -0.121756 -0.982153 0.143956 -0.094279 -0.985083 0.141743 -0.0577597 -0.988217 0.136769 -0.0135555 -0.99051 0.129926 0.0358538 -0.990875 0.123112 0.086732 -0.988595 0.118393 0.134154 -0.983863 0.118751 0.170313 -0.978208 0.122539 0.194864 -0.973145 -0.309239 0.753858 -0.579715 -0.235663 0.8874 -0.396212 -0.00762185 0.602643 -0.797974 -0.0380841 0.509425 -0.859672 0.38585 0.357054 -0.850666 0.226921 0.11995 -0.966498 0.168872 0.0799223 -0.982392 0.231943 0.237444 -0.943304 0.317163 -0.892742 -0.32003 0.213724 -0.602688 -0.768823 -0.0756185 -0.959174 -0.272521 0.127534 -0.96127 -0.244327 0.139417 -0.652867 -0.744532 0.057716 -0.652837 -0.755296 -0.278274 0.571767 -0.771781 -0.0269158 0.384182 -0.922865 0.465005 0.575803 -0.672474 0.265484 0.38378 -0.884438 -0.235621 -0.887417 -0.396199 -0.00751417 -0.602671 -0.797954 -0.153672 0.356345 -0.921631 0.0210221 0.238176 -0.970995 0.440739 0.759922 -0.477774 0.259461 0.509345 -0.820517 -0.309181 -0.753911 -0.579677 -0.0380113 -0.509458 -0.859656 0.0304539 0.121731 -0.992096 0.0922857 0.0809236 -0.992439 0.317121 0.892757 -0.32003 0.213619 0.602719 -0.768828 -0.278229 -0.571841 -0.771742 -0.0268369 -0.384234 -0.922846 0.226918 -0.119959 -0.966498 0.168865 -0.0799278 -0.982393 0.127277 0.961302 -0.244334 0.139272 0.652879 -0.744549 -0.153644 -0.356423 -0.921605 0.0210798 -0.238222 -0.970982 0.385879 -0.356981 -0.850683 0.232002 -0.237397 -0.943301 -0.0758528 0.959141 -0.272573 0.0574933 0.652817 -0.755331 0.0304646 -0.121773 -0.99209 0.0923095 -0.0809445 -0.992435 0.135129 -0.237446 -0.961956 0.119369 -0.23765 -0.963988 0.106203 -0.220718 -0.969538 0.0993524 -0.188376 -0.977059 0.100463 -0.14359 -0.984525 0.10915 -0.0899397 -0.989948 0.122955 -0.0310427 -0.991927 0.13828 0.0296053 -0.989951 0.151139 0.0885982 -0.984534 0.158278 0.142416 -0.97707 0.157577 0.187456 -0.969551 0.149074 0.220137 -0.964011 0.135026 0.23745 -0.96197 0.119193 0.237645 -0.964011 0.106086 0.220707 -0.969554 0.0992177 0.188355 -0.977076 0.100418 0.143582 -0.984531 0.109113 0.0899314 -0.989953 0.12294 0.0310391 -0.991929 0.138267 -0.0296083 -0.989952 0.151204 -0.0885833 -0.984525 0.158299 -0.142411 -0.977067 0.157655 -0.187445 -0.969541 0.149204 -0.220124 -0.963993 0.240362 0.751972 -0.613811 0.124947 0.810675 -0.572009 0.134416 0.232714 -0.963212 0.145841 0.216174 -0.965401 0.314745 0.638596 -0.702233 0.15287 0.184665 -0.97084 0.329238 0.482866 -0.811445 0.153482 0.140869 -0.978059 0.28255 0.298707 -0.911559 0.147703 0.0880962 -0.9851 0.188677 0.0995785 -0.976977 0.137036 0.0299328 -0.990114 0.0720364 -0.102603 -0.992111 0.12435 -0.0300432 -0.991783 -0.0383584 -0.297861 -0.953838 0.112939 -0.0882421 -0.989676 -0.114851 -0.476965 -0.871386 0.105774 -0.14104 -0.984337 -0.136507 -0.629843 -0.764633 0.104841 -0.184846 -0.977159 -0.094877 -0.744347 -0.661019 0.110572 -0.216321 -0.970041 0.00108587 -0.807686 -0.589612 0.12129 -0.232771 -0.964939 0.124896 -0.81068 -0.572012 0.134299 -0.232717 -0.963227 0.240274 -0.752001 -0.61381 0.145805 -0.216179 -0.965405 0.314634 -0.638662 -0.702223 0.152824 -0.184671 -0.970846 0.329183 -0.482915 -0.811438 0.153458 -0.140874 -0.978062 0.282542 -0.298719 -0.911558 0.147674 -0.088103 -0.985104 0.18867 -0.0995893 -0.976978 0.137043 -0.0299312 -0.990113 0.0720546 0.102629 -0.992107 0.124369 0.0300478 -0.991781 -0.0383233 0.297904 -0.953826 0.112978 0.0882503 -0.989671 -0.114782 0.477032 -0.871358 0.105848 0.141055 -0.984327 -0.136445 0.629883 -0.764611 0.104989 0.184868 -0.977139 -0.0948096 0.744372 -0.661 0.11061 0.216324 -0.970036 0.00121311 0.807703 -0.589589 0.121473 0.232777 -0.964914 -0.145561 -0.570731 -0.808133 -0.0232362 -0.754085 -0.656365 0.142969 -0.56418 -0.813179 0.347872 -0.74842 -0.56467 -0.743979 -0.569395 -0.349691 -0.761232 -0.353558 -0.543619 -0.819528 -0.568803 -0.069553 -0.852052 -0.350863 -0.388463 0.00300906 0.888681 -0.458515 -0.0761456 0.959831 -0.27005 0.398219 0.885277 -0.240221 0.275835 0.958754 0.0686016 -0.328246 -0.354767 -0.87544 -0.15604 -0.349578 -0.923822 -0.628236 -0.753889 -0.192276 -0.625471 -0.756143 0.192442 -0.0234562 0.754466 -0.655919 0.347839 0.748822 -0.564157 -0.522802 -0.120936 -0.843832 -0.470382 -0.119245 -0.874369 -0.44355 -0.888736 -0.115812 -0.319381 -0.891822 0.32039 -0.145738 0.571427 -0.807608 0.143115 0.564751 -0.812757 -0.680349 0.118794 -0.723197 -0.72329 0.117047 -0.680552 -0.240412 -0.959946 -0.143896 0.0123729 -0.961365 0.274999 -0.328416 0.355975 -0.874886 -0.155621 0.350778 -0.923437 -0.761268 0.353481 -0.543619 -0.852086 0.350705 -0.388529 -0.076209 -0.959843 -0.26999 0.275771 -0.958767 0.0686692 -0.52303 0.122403 -0.843479 -0.469974 0.12068 -0.874392 -0.743095 0.570514 -0.349749 -0.818859 0.56982 -0.0691052 -0.442917 0.889019 -0.116059 -0.627342 0.754589 -0.192453 -0.318685 0.892113 0.320273 -0.624533 0.756871 0.192628 0.00319445 -0.888551 -0.458767 0.398393 -0.885091 -0.240618 -0.680374 -0.118704 -0.723187 -0.723271 -0.116828 -0.68061 -0.240186 0.959981 -0.144041 0.0125076 0.96138 0.274939 0.150635 0.736055 -0.659948 0.0457237 0.738967 -0.672188 -0.0396533 0.684277 -0.728143 -0.0811915 0.579682 -0.810787 -0.0691912 0.438119 -0.89625 -0.00946631 0.273124 -0.961932 0.0807612 0.0958579 -0.992113 0.178531 -0.0850553 -0.980251 0.260045 -0.262053 -0.929357 0.304788 -0.426903 -0.851386 0.299887 -0.569205 -0.765554 0.244031 -0.676516 -0.69482 0.150532 -0.736068 -0.659958 0.0456511 -0.73896 -0.6722 -0.0397184 -0.684257 -0.728158 -0.0812489 -0.579651 -0.810804 -0.0692266 -0.438092 -0.896261 -0.00950039 -0.273091 -0.961941 0.0807343 -0.0958281 -0.992118 0.178527 0.0850594 -0.980252 0.260052 0.262046 -0.929357 0.304856 0.42685 -0.851388 0.299915 0.56919 -0.765555 0.244099 0.676494 -0.694817 0.126041 0.446778 -0.885722 0.0996152 0.44659 -0.889176 0.0793141 0.416342 -0.905742 0.0705649 0.358182 -0.930981 0.0756871 0.275897 -0.958203 0.0933378 0.174744 -0.98018 0.118832 0.0612907 -0.991021 0.145344 -0.0568328 -0.987748 0.165755 -0.171359 -0.971165 0.174493 -0.274129 -0.94573 0.169258 -0.357802 -0.91833 0.151514 -0.416613 -0.896369 0.125973 -0.446782 -0.885729 0.0995303 -0.446585 -0.889188 0.0792592 -0.416333 -0.905751 0.070522 -0.358169 -0.930989 0.075629 -0.275874 -0.958214 0.0932826 -0.174719 -0.98019 0.11881 -0.0612794 -0.991024 0.145343 0.0568327 -0.987748 0.165746 0.171362 -0.971166 0.174544 0.27411 -0.945726 0.169332 0.357781 -0.918324 0.151552 0.416606 -0.896366 0.136838 0.332824 -0.933008 0.119403 0.334402 -0.934836 0.104973 0.312794 -0.944002 0.0974561 0.269674 -0.958007 0.0988471 0.2083 -0.973057 0.108655 0.133075 -0.985132 0.124228 0.0491562 -0.991035 0.14144 -0.0379201 -0.98922 0.155668 -0.122539 -0.980179 0.163268 -0.19912 -0.966279 0.162082 -0.262518 -0.951217 0.152391 -0.308226 -0.939028 0.136785 -0.332827 -0.933015 0.119397 -0.334402 -0.934837 0.104939 -0.31279 -0.944008 0.0974 -0.269663 -0.958016 0.098766 -0.208277 -0.97307 0.108604 -0.133059 -0.98514 0.124225 -0.0491552 -0.991036 0.141436 0.0379219 -0.989221 0.155696 0.12253 -0.980176 0.163307 0.199109 -0.966275 0.162171 0.262499 -0.951207 0.152503 0.308211 -0.939015 -0.998288 -0.0584449 0.00237919 -0.965704 -0.0424866 -0.256146 -0.866675 -0.038101 -0.497416 -0.708577 -0.0325603 -0.704882 -0.502088 -0.028553 -0.864345 -0.261331 -0.0245602 -0.964937 -0.00272127 -0.020362 -0.999789 0.256119 -0.0160325 -0.966512 0.497541 -0.0116235 -0.867363 0.705079 -0.00715879 -0.709093 0.86458 -0.00269867 -0.502489 0.965165 0.00174623 -0.261635 0.999977 0.00616147 -0.00295567 0.966642 0.0105483 0.255913 0.867442 0.0148595 0.497316 0.709144 0.0191271 0.704804 0.502552 0.0232733 0.864234 0.261756 0.0272733 0.964749 0.00317402 0.0310636 0.999512 -0.255568 0.0345439 0.966174 -0.496843 0.0377191 0.86702 -0.704211 0.0407359 0.708821 -0.863547 0.0437848 0.502364 -0.963715 0.052563 0.261706 -0.998654 0.0517638 0.00335309 -0.831345 0.0683563 0.551537 -0.850783 0.0826219 0.518981 -0.952279 0.103832 0.287024 -0.940944 0.0816985 0.328557 -0.988288 0.146074 0.0441592 -0.978443 0.153759 0.13787 -0.667578 0.0580572 0.742273 -0.690881 0.0705782 0.719515 -0.459579 0.0496729 0.886747 -0.483782 0.0619897 0.87299 -0.220692 0.0425383 0.974415 -0.243738 0.0545807 0.968304 0.0334471 0.0362661 0.998782 0.0129844 0.047642 0.99878 0.286047 0.0306112 0.957727 0.269089 0.0409755 0.962243 0.520314 0.025417 0.853597 0.50734 0.0345562 0.861053 0.720592 0.0205456 0.693055 0.711661 0.0283101 0.701953 0.873501 0.0159314 0.486562 0.868263 0.0221756 0.495608 0.968752 0.011473 0.247767 0.966575 0.0161282 0.255878 0.999946 0.00711272 -0.00753462 0.999948 0.0101191 -0.00110651 0.964968 0.00275953 -0.262354 0.966127 0.00406547 -0.258036 0.866153 -0.00165271 -0.499775 0.867402 -0.00210921 -0.497604 0.710146 -0.00623274 -0.704027 0.710448 -0.00845909 -0.703699 0.507436 -0.0110807 -0.861618 0.505894 -0.0151359 -0.862463 0.271583 -0.0162959 -0.962277 0.26756 -0.0222179 -0.963285 0.0184539 -0.0221194 -0.999585 0.0115521 -0.0298842 -0.999487 -0.235097 -0.0287743 -0.971546 -0.244871 -0.0383024 -0.968799 -0.472257 -0.0366401 -0.880699 -0.484476 -0.0476842 -0.873504 -0.677471 -0.0463927 -0.734085 -0.691176 -0.0584944 -0.720315 -0.837674 -0.0591539 -0.542958 -0.851037 -0.0721481 -0.520125 -0.943699 -0.0763417 -0.321875 -0.952367 -0.0969875 -0.289121 -0.981342 -0.144288 -0.127076 -0.985781 -0.159597 -0.0525722 </float_array>
          <technique_common>
            <accessor count="1728" offset="0" source="#meshId0-tangents-array" stride="3">
              <param name="X" type="float" />
              <param name="Y" type="float" />
              <param name="Z" type="float" />
            </accessor>
          </technique_common>
        </source>
        <source id="meshId0-bitangents" name="meshId0-bitangents">
          <float_array id="meshId0-bitangents-array" count="5184"> -0.415603 0.555806 -0.719968 -0.215102 0.5558 -0.803005 1.40352e-06 1 5.23797e-06 3.66401e-09 1 6.34626e-09 -0.587873 0.555801 0.587785 -0.71997 0.555804 0.415603 1.26925e-08 1 -7.328e-09 0 1 0 0.831311 0.555808 6.29993e-05 0.826311 0.552608 0.108785 1.4656e-08 1 1.92946e-09 0 1 -0 -0.803005 0.555801 0.2151 0 1 0 0.587781 0.555808 0.587871 0.415604 0.5558 0.719971 0 1 0 1.55451e-08 1 1.55452e-08 0.415712 0.555803 -0.719907 0.587873 0.555802 -0.587783 -2.1504e-06 1 2.15041e-06 -2.47686e-06 1 4.29005e-06 0.457951 -0.401399 -0.793196 0.647642 -0.4014 -0.647641 0.647642 -0.401399 0.647641 0.45795 -0.401401 0.793196 -0.915903 -0.4014 -7.15772e-07 -0.884694 -0.4014 -0.237053 -0.802973 0.555801 -0.21522 -0.831312 0.555806 -6.43235e-05 0.237052 -0.4014 -0.884695 0.215221 0.5558 -0.802973 0.793195 -0.401401 0.457951 0.71991 0.555802 0.415709 -0.884695 -0.401399 0.237054 5.88159e-07 -0.401399 -0.915904 6.35848e-05 0.555802 -0.831315 0.847347 -0.398516 0.350983 0.770127 0.5524 0.318996 8.75535e-07 -1 -5.06084e-07 -0 -1 0 -0.793196 -0.401399 0.457952 -0.237054 -0.401399 -0.884695 0.915903 -0.4014 -1.02689e-06 0.909315 -0.398516 0.119713 -5.9395e-06 -1 5.94558e-06 -0.647641 -0.401402 0.64764 -0.457952 -0.4014 -0.793195 0.884694 -0.401402 -0.237052 0.803004 0.555803 -0.215099 -0.457951 -0.401399 0.793196 -0.41571 0.555805 0.719907 -0.64764 -0.401401 -0.647641 -0.587784 0.555803 -0.587872 0.793195 -0.401399 -0.457953 0.719969 0.555806 -0.415601 -0.237052 -0.401402 0.884693 -0.215221 0.555803 0.802971 0.237052 -0.401402 0.884693 -7.17892e-07 -0.401402 0.915902 -6.25182e-05 0.555803 0.831314 0.215098 0.555803 0.803004 -0.793196 -0.401399 -0.457951 -0.719906 0.555805 -0.415712 0 -1 0 9.04265e-09 -1 3.36786e-08 0.802971 0.555803 0.21522 -7.07835e-09 1 -1.89662e-09 -1.90387e-08 1 -1.0992e-08 0.719904 0.555808 0.415711 6.2514e-05 0.555806 -0.831312 0 1 0 5.68988e-09 1 -2.12351e-08 0.21522 0.555806 -0.802969 -0 1 0 0.587783 0.555805 0.587871 -0.215097 0.555806 -0.803002 -1.89662e-09 1 -7.07831e-09 3.66403e-09 1 -6.34629e-09 0.236664 0.859306 -0.453413 -0.719969 0.555806 0.415602 0 1 -0 -7.07834e-09 1 1.89665e-09 -0.803004 0.555803 0.215099 -6.34642e-05 0.555802 0.831314 -1.68273e-12 1 5.4301e-06 -4.95019e-07 1 1.84744e-06 -0.21522 0.555804 0.802971 0.83131 0.555808 6.43205e-05 1.46561e-08 1 1.97194e-14 -0.457951 -0.401404 0.793193 -0.41571 0.555807 0.719906 -0.587872 0.555803 0.587785 -0.647642 -0.401404 0.647638 -0.647641 -0.401402 -0.64764 -0.587779 0.55581 -0.587869 -0.415603 0.555803 -0.71997 -0.457949 -0.401404 -0.793195 -1.74357e-08 -1 8.92207e-12 0.915902 -0.401403 -7.1589e-07 0.884693 -0.401402 0.237053 -5.05321e-08 -1 -1.35125e-08 0.915902 -0.401403 1.95362e-06 0.884693 -0.401402 0.237053 0 -1 0 -0.237051 -0.401402 0.884694 -0.457951 -0.401404 0.793193 0 -1 0 -0.237051 -0.401402 0.884694 8.1563e-07 -1 4.70347e-07 -0.793195 -0.401403 -0.45795 -0.647641 -0.401401 -0.64764 0 -1 0 -0.793195 -0.401403 -0.457949 -0.719908 0.555805 -0.415708 0.884693 -0.401401 -0.237055 0.803004 0.555803 -0.215099 -8.86877e-12 -1 -1.74358e-08 -1.55203e-06 -0.401404 0.915901 -2.25288e-06 -0.401404 0.915901 8.13095e-06 -1 3.36792e-06 0.239996 -0.965671 0.0994084 0.239996 -0.965671 0.0994082 -0.484419 0.851515 -0.200651 0.793194 -0.401401 -0.457953 0.719968 0.555806 -0.415602 9.04267e-09 -1 3.36787e-08 -0.0569502 -0.967547 -0.246191 -0.0339066 -0.965671 -0.257547 0.136742 0.833954 0.534623 -1.74357e-08 -1 8.95618e-12 -0.157536 -0.987471 0.0091369 0.244078 -0.969223 0.0321347 8.71015e-06 -1 1.14672e-06 0.177691 0.857391 0.483017 0.18679 0.818186 0.543767 0.360703 0.829373 0.426655 0.0139548 0.816699 0.576896 -0.206087 -0.965671 0.158138 0.394627 0.833953 -0.385736 0.66228 0.719559 0.208854 -0.0373444 0.96728 0.250947 0.354469 0.912868 -0.202543 0.446042 0.857389 -0.25677 -0.884693 -0.401402 0.237054 -0.510998 0.859307 0.0217489 -0.170049 -0.985181 0.0223878 -0.509381 0.852639 0.116353 -0.689794 0.721185 0.0638406 -0.546168 0.833109 0.0873517 -0.408756 0.860668 0.303593 0.647639 -0.401404 0.647641 0.274336 0.859306 0.431662 0.104411 -0.985182 0.13607 -0.793194 -0.401402 0.457951 -1.80163e-08 -1 6.7376e-08 0.237051 -0.401405 -0.884693 0.0708524 -0.987472 -0.140991 8.71018e-09 -1 -1.51043e-08 0.237053 -0.401405 -0.884692 0.0656334 -0.985182 -0.158455 -0.237051 -0.401405 -0.884693 -4.70934e-07 -0.401404 -0.915901 0.793195 -0.401401 0.45795 0 -1 0 2.07302e-06 -0.401404 -0.915901 3.17314e-08 1 1.83201e-08 1.36572e-08 1 5.65697e-09 2.46453e-08 -1 -2.46705e-08 0 -1 -0 9.31214e-06 -1 -2.50028e-06 -2.46704e-08 -1 -2.46452e-08 0 -1 0 0 -1 -0 -0.590417 0.803347 -0.0777285 -0.64764 -0.401404 0.64764 -0.457949 -0.401404 -0.793195 0.884694 -0.401401 -0.237053 0.793194 -0.401401 -0.457952 -0.184732 -0.967547 0.172416 0.0866777 -0.987472 0.131858 -0.884694 -0.401402 0.237051 0.64764 -0.401404 0.64764 -0.793194 -0.401402 0.457951 -0.237054 -0.401405 -0.884692 0.793194 -0.401401 0.457952 -0.171181 0.931505 0.32093 -0.418005 0.905764 -0.0697307 0.329619 0.857379 -0.395289 0.377524 0.818185 -0.433646 0.189115 0.829358 -0.525738 0.492534 0.816737 -0.300586 0.709326 0.697614 0.100954 0.480689 0.809992 0.335932 -0.287852 0.877514 -0.38355 -0.200752 0.874614 -0.441304 -0.420396 0.90678 -0.0319069 -0.215006 0.812619 -0.541685 -0.267244 0.697506 -0.66488 0.0506167 0.810013 -0.584223 -0.511997 0.719572 0.469122 -0.000641584 0.857392 0.514663 -0.198611 0.967291 -0.157806 -0.00182846 0.912867 0.408254 -0.145905 0.826499 -0.543702 -0.0358375 0.889531 -0.455467 -0.0771873 0.98754 -0.137137 -0.186508 0.954374 -0.233206 0.273179 -0.784234 -0.557091 0.345741 -0.661688 -0.665306 0.327746 -0.727298 -0.603008 0.244504 -0.836953 -0.48962 -0.00916479 -0.858263 -0.513128 0.142571 -0.854324 -0.499805 0.109297 -0.893762 -0.435021 -0.0419245 -0.888677 -0.456613 -0.188725 0.494242 -0.848591 -0.200461 0.666241 -0.718289 -0.190256 0.714411 -0.673364 -0.159848 0.5635 -0.810504 0.345062 0.502707 -0.792602 0.276717 0.318937 -0.90648 0.296623 0.363697 -0.883028 0.341143 0.573661 -0.74467 -0.136491 -0.792431 -0.594494 -0.154617 -0.822959 -0.546656 -0.107816 0.29478 -0.949463 -0.0655692 0.37811 -0.923436 0.344674 0.662417 -0.665134 0.320953 0.731616 -0.601438 -0.201069 -0.665809 -0.718519 -0.198417 -0.708433 -0.677313 0.0186362 0.0854469 -0.996168 0.0655895 0.152845 -0.986071 0.271787 0.784779 -0.557004 0.237359 0.839434 -0.488888 -0.188448 -0.49455 -0.848474 -0.154739 -0.569338 -0.80741 0.158127 -0.121141 -0.97996 0.197819 -0.10787 -0.974285 0.142299 0.854361 -0.499819 0.106773 0.894017 -0.435124 -0.107291 -0.295545 -0.949285 -0.0596552 -0.387843 -0.919793 0.277143 -0.318356 -0.906554 0.298818 -0.360382 -0.883648 -0.00828078 0.858362 -0.512978 0.0189991 -0.0860767 -0.996107 0.0695018 -0.160874 -0.984525 0.345928 -0.501828 -0.792782 0.346491 -0.568244 -0.746353 -0.134987 0.793009 -0.594066 0.15814 0.121129 -0.979959 0.19892 0.105686 -0.974301 -0.0800259 0.993575 0.0800252 -0.0565869 0.993575 0.0980105 -0.0299011 0.99821 0.0517898 -0.0422861 0.99821 0.0422857 0.0374218 -0.328535 -0.94375 0.249271 0.0792662 -0.965184 0.431805 -0.716946 -0.547295 0.361149 -0.874582 -0.323541 -0.24463 0.888694 -0.387788 0.390841 0.47892 -0.786053 0.21085 -0.96262 -0.170012 0.0485565 -0.992403 -0.11304 -0.0979865 -0.984947 -0.142403 -0.239374 0.770924 -0.590234 0.405251 0.747916 -0.52573 -0.200812 -0.949565 -0.240833 -0.148553 0.572467 -0.806358 0.328324 0.893267 -0.307047 -0.310527 -0.839559 -0.445772 0.0311592 0.273551 -0.961353 0.203873 0.964413 -0.168356 -0.270641 -0.724584 -0.633823 0.246451 -0.100363 -0.963945 0.0608885 0.991732 -0.112963 -0.137598 -0.608675 -0.781397 0.398963 -0.456784 -0.795096 0.138668 -0.373728 -0.917114 0.130126 -0.363729 -0.922371 0.120059 -0.333124 -0.935208 0.113096 -0.281838 -0.952773 0.117342 -0.208257 -0.97101 0.125144 -0.116928 -0.985224 0.138266 -0.0139328 -0.990297 0.151588 0.089041 -0.984425 0.159504 0.18016 -0.970619 0.160242 0.252494 -0.954237 0.160419 0.305193 -0.938682 0.153584 0.336694 -0.929004 0.140233 0.348884 -0.926615 0.133263 0.342576 -0.929991 0.126648 0.317028 -0.939922 0.124249 0.270868 -0.954564 0.12737 0.202929 -0.970874 0.126345 0.117758 -0.984972 0.137038 0.0148947 -0.990454 0.14984 -0.0931161 -0.984316 0.157898 -0.191933 -0.968623 0.160646 -0.272147 -0.948751 0.15723 -0.328163 -0.931444 0.148082 -0.361412 -0.920572 0.113174 0.993575 1.13845e-07 0.109318 0.993575 -0.0292916 0.0577643 0.99821 -0.0154779 0.059802 0.99821 6.18393e-08 -0.029292 0.993575 -0.109317 -0.0565825 0.993575 -0.0980142 -0.029835 0.99821 -0.0518276 -0.0154097 0.99821 -0.0577823 -0.098011 0.993575 0.0565875 -0.0517898 0.99821 0.0299012 0.109318 0.993575 0.0292914 0.0577645 0.99821 0.0154778 -1.78346e-09 0.993575 -0.113173 -1.18112e-09 0.99821 -0.0598021 -0.109317 0.993575 0.0292914 -0.0577638 0.99821 0.0154777 0.0980121 0.993575 0.0565866 0.0517905 0.99821 0.0299009 0.0292918 0.993575 -0.109317 0.0154782 0.99821 -0.0577645 -0.113173 0.993575 -7.42222e-11 -0.0598011 0.99821 1.77333e-09 0.0800261 0.993575 0.0800259 0.0422864 0.99821 0.0422862 0.056587 0.993575 -0.0980112 0.0299012 0.99821 -0.0517903 -0.109317 0.993575 -0.0292912 -0.0577645 0.99821 -0.0154778 0.0565868 0.993575 0.0980114 0.0299009 0.99821 0.05179 0.0800262 0.993575 -0.0800264 0.0422862 0.99821 -0.0422864 -0.0980106 0.993575 -0.0565869 -0.0517901 0.99821 -0.0299012 0.0436778 0.993465 0.105449 0.0230817 0.998179 0.055725 -0.0292913 0.993575 0.109317 -6.68486e-10 0.993575 0.113174 1.10253e-12 0.99821 0.0598021 -0.0154779 0.99821 0.0577645 0.0980119 0.993575 -0.0565871 0.0517901 0.99821 -0.0299009 -0.0800255 0.993575 -0.0800258 -0.0422861 0.99821 -0.0422862 0.0148984 0.993465 0.113161 0.0078731 0.998179 0.0598001 0.12622 -0.806739 -0.577269 0.0354901 -0.808441 -0.587506 -0.105162 -0.99041 -0.0896058 0.130275 -0.989703 -0.0592924 -0.0379189 -0.761522 -0.647029 -0.300724 -0.923661 -0.237521 -0.0744274 -0.66652 -0.741763 -0.400195 -0.788511 -0.467005 -0.0628102 -0.525613 -0.848402 -0.372122 -0.591398 -0.715384 -0.00458468 -0.343488 -0.939146 -0.222819 -0.345559 -0.91156 0.0835646 -0.127235 -0.988346 0.00436059 -0.0727875 -0.997338 0.176336 0.10584 -0.978623 0.242476 0.195638 -0.950227 0.249428 0.326276 -0.911773 0.4268 0.437236 -0.791623 0.283146 0.513486 -0.810038 0.512688 0.644464 -0.567289 0.268722 0.658278 -0.703178 0.482049 0.809846 -0.334333 0.211331 0.75649 -0.618921 0.343548 0.92715 -0.149559 0.126329 0.806727 -0.577263 0.130233 0.989709 -0.0592927 0.0353827 0.808432 -0.587525 -0.105298 0.990392 -0.089642 -0.0383952 0.761374 -0.647175 -0.300906 0.923576 -0.237619 -0.0746115 0.666417 -0.741837 -0.400294 0.788409 -0.467092 -0.0628209 0.525599 -0.84841 -0.372147 0.591328 -0.715429 -0.00456996 0.343497 -0.939142 -0.222828 0.345491 -0.911583 0.0835871 0.127273 -0.988339 0.00436297 0.0728262 -0.997335 0.176382 -0.105769 -0.978623 0.242483 -0.19558 -0.950237 0.24947 -0.326217 -0.911782 0.426797 -0.437218 -0.791634 0.283187 -0.51345 -0.810046 0.512698 -0.644448 -0.567298 0.268678 -0.658304 -0.70317 0.482037 -0.809855 -0.334328 0.211117 -0.756556 -0.618912 0.343499 -0.92717 -0.149545 0.131888 -0.503833 -0.853673 0.105315 -0.506378 -0.855856 0.0835638 -0.476589 -0.875146 0.072577 -0.415305 -0.906782 0.0760075 -0.325152 -0.942602 0.09292 -0.210783 -0.973107 0.117695 -0.0789965 -0.989903 0.143648 0.0597913 -0.987821 0.164558 0.193135 -0.967274 0.17528 0.310155 -0.934388 0.17277 0.403597 -0.898476 0.157433 0.468988 -0.86906 0.132704 0.503772 -0.853582 0.105548 0.506391 -0.85582 0.0819697 0.476295 -0.875456 0.0709568 0.414796 -0.907143 0.0756187 0.324989 -0.94269 0.0926502 0.210636 -0.973164 0.117583 0.0789355 -0.989921 0.143729 -0.0597481 -0.987812 0.164749 -0.193025 -0.967264 0.175336 -0.310135 -0.934384 0.172242 -0.403768 -0.898501 0.156264 -0.469227 -0.869142 0.999999 -0.00139424 0 0.999919 0.0127584 0 0.999968 0.00398585 -0.00690367 0.999996 0.00147189 -0.00254939 0.99998 -0.00314145 -0.00544113 0.99999 -0.0022483 -0.00389416 0.999542 0.0118924 -0.0278333 0.999538 -0.0201322 0.0227779 0.183912 -0.00415207 -0.982934 -0.690488 -0.120533 -0.713231 -0.238347 0.159903 -0.957926 0.842817 -0.0426262 -0.53651 0.997442 -0.0462617 0.0544892 0.984545 -0.152051 -0.0868999 0.681845 -0.414517 -0.602714 0.748384 -0.596875 -0.289244 0.999932 -0.00583966 -0.0101146 0.999737 0.0114682 0.0198636 0.998197 0.0457366 -0.0388709 0.531183 -0.733142 -0.424674 0.781812 -0.00137163 -0.623513 0 -0.0938742 -0.995584 -3.72529e-09 -0.0938742 -0.995584 3.72529e-09 -0.208601 0.978001 0 -0.208601 0.978001 0.833587 -0.108069 -0.541714 0.238648 -0.144033 -0.960365 -0.914039 -0.217085 0.342646 -0.871971 -0.235852 -0.428999 0.558434 0.196628 -0.805909 0.32765 -0.0156497 -0.94467 0.239901 -0.229852 -0.943194 0.568795 0.158552 -0.807052 0.803185 0.376982 -0.461278 0.87156 -0.209928 -0.443072 -0.859098 -0.432393 -0.273836 0.590633 -0.0218908 -0.806644 0.543543 -0.351862 -0.762072 -0.579989 -0.362522 0.729514 0.246062 0.311889 -0.917703 0.174762 -0.0461824 -0.983527 0.942518 0.307 0.131948 0.940529 -0.319185 -0.1163 0.981139 0.16327 0.103487 -0.540963 0.342703 0.768058 -0.562704 -0.356427 -0.745871 0.907125 0.420701 0.0116299 0.91076 -0.41245 -0.0200375 -0.749247 -0.57356 -0.331146 -0.27215 -0.833337 -0.481128 0.272146 -0.833334 -0.481136 0.749246 -0.57356 -0.33115 0.492313 -0.753822 -0.435178 -0.492341 -0.753792 -0.435199 0.749237 0.576144 0.326654 0.74924 0.57151 -0.334689 0.492319 -0.748902 0.443585 0.492335 0.0050721 0.870391 0.70085 0.353571 -0.619514 0.531154 0.733779 -0.423608 -0.299118 0.826373 -0.477112 -0.531182 0.733746 -0.42363 -0.531181 0.73375 -0.423625 0.531162 0.733743 -0.423661 0.781815 0.539976 -0.311755 0.734703 -0.341889 0.585938 0.531181 -0.734707 0.421963 0.781769 0.534519 -0.321133 0.78133 0.55726 0.281043 0.716986 0.398706 0.571808 0 1 0 0 1 0 1.86265e-09 0.499999 -0.866026 0 0.499999 -0.866026 0 -0.499999 -0.866026 3.72529e-09 -0.499999 -0.866026 -3.72529e-09 -0.499999 -0.866026 3.72529e-09 -0.499999 -0.866026 0 -1 0 -0 -1 0 -1.86265e-09 -0.499999 0.866026 0 -0.499999 0.866026 -0.998804 -0.0423349 -0.024442 -0.981371 -0.166384 -0.0960613 0.981372 -0.16638 -0.0960562 0.998805 -0.0423351 -0.0244406 0.995244 -0.0843563 -0.0487095 -0.995244 -0.0843654 -0.0487068 -1.86265e-09 0.499999 0.866026 3.72529e-09 0.499999 0.866026 0.995242 -0.0843885 -0.0487093 0.995243 -0.0843655 -0.0487138 0.981369 -0.166387 -0.0960694 -0.995243 -0.0843683 -0.0487099 -0.998805 -0.0423349 -0.024442 -0.995243 -0.0843698 -0.0487135 -1 -0 0 -1 -0 -0 -0.5 -0 -0.866025 -0.5 -1.49012e-08 -0.866025 0.5 0 -0.866025 0.5 1.49012e-08 -0.866025 1 0 -0 1 0 0 0.5 0 0.866025 0.5 7.45058e-09 0.866025 -0.5 7.45058e-09 0.866025 -0.5 0 0.866025 0.5 0 0.866025 0.5 0 0.866025 0.346129 0.916664 -0.199807 0.346081 0.916679 -0.199819 0.569136 0.753727 -0.328604 0.346085 -0.916679 -0.199812 0.18444 -0.977058 -0.106487 0.346088 -0.916677 -0.199818 1 0 0 1 -0 0 0.499999 -0 0.866026 0.499999 0 0.866026 -0.5 0 0.866025 -0.5 -1.49012e-08 0.866025 -1 0 0 -1 0 0 -0.5 0 -0.866025 -0.5 7.45058e-09 -0.866025 0.499999 -7.45058e-09 -0.866026 0.499999 0 -0.866026 -0.5 0 -0.866025 -0.5 0 -0.866025 0.279038 -0.94667 0.161102 0.487319 0.826656 0.281354 0.279035 0.946671 0.161101 0.279035 0.946671 0.161101 0.279035 -0.946671 0.161101 0.145288 -0.985827 0.0838822 -1 -0 0 -1 -0 -0 -0.5 -0 -0.866025 -0.5 -1.49012e-08 -0.866025 0.5 0 -0.866025 0.5 1.49012e-08 -0.866025 1 0 -0 1 0 0 1 0 0 1 0 -0 0.499997 0 0.866027 0.499997 0 0.866027 -0.499997 0 0.866027 -0.499997 0 0.866027 -0.346133 0.916662 -0.199807 -0.569136 -0.753728 -0.328602 -0.346083 -0.91668 -0.199811 -0.346099 -0.916674 -0.19981 -0.3461 0.916665 -0.19985 -0.184439 0.977058 -0.106486 1 0 0 1 -0 0 0.500001 -0 0.866025 0.500001 0 0.866025 -0.500002 0 0.866024 -0.500002 1.49012e-08 0.866024 -1 0 0 -1 0 0 -1 0 0 -1 0 0 -0.5 0 -0.866025 -0.5 7.45058e-09 -0.866025 0.499999 -7.45058e-09 -0.866026 0.499999 0 -0.866026 -0.27904 0.94667 -0.161102 -0.487321 -0.826655 -0.281355 -0.279035 -0.946671 -0.161102 -0.279032 -0.946672 -0.161101 -0.279036 0.946671 -0.161101 -0.145288 0.985827 -0.0838825 -0.249876 0.964852 0.0813787 -0.168128 0.914437 -0.368155 -0.101814 0.908153 -0.406069 -0.241143 0.97028 0.0201545 0.0240383 0.911723 -0.410101 -0.219229 0.975165 -0.0314989 0.143662 0.91491 -0.377227 -0.188397 0.979495 -0.07138 0.246761 0.917733 -0.311247 -0.153013 0.983271 -0.0988188 0.32459 0.920184 -0.218865 -0.11702 0.986516 -0.11442 0.370885 0.922273 -0.108887 -0.0836892 0.989251 -0.119907 0.382232 0.924025 0.00870715 -0.0553707 0.991517 -0.117595 0.358254 0.925447 0.123297 -0.0334026 0.993329 -0.110369 0.301598 0.926554 0.224804 -0.0180421 0.99471 -0.101128 0.21766 0.927354 0.304365 -0.00865785 0.99568 -0.0924411 0.114159 0.927853 0.355045 -0.00371437 0.996249 -0.0864562 0.000449459 0.928053 0.372448 -0.0011321 0.996421 -0.0845235 -0.113301 0.927954 0.355056 0.00147926 0.996196 -0.0871269 -0.216906 0.927549 0.30431 0.00658618 0.995569 -0.0937982 -0.300968 0.926827 0.224521 0.0162588 0.994527 -0.103205 -0.357596 0.925783 0.122682 0.0321101 0.993058 -0.113158 -0.381351 0.924399 0.00766601 0.0548217 0.991141 -0.120969 -0.369507 0.922654 -0.11034 0.0840996 0.988753 -0.123674 -0.32242 0.920538 -0.220581 0.118577 0.985862 -0.118392 -0.243645 0.918047 -0.312774 0.1558 0.98245 -0.102562 -0.139603 0.915164 -0.378135 0.192351 0.978496 -0.0744752 -0.0192717 0.91191 -0.409937 0.224148 0.973977 -0.033563 0.437927 -0.806454 0.397306 0.569693 -0.695624 0.437673 0.445448 -0.774461 0.449207 0.291577 -0.876238 0.383654 0.24667 0.968905 0.0194391 0.106726 0.908302 -0.404471 0.172197 0.914606 -0.365847 0.254628 0.963539 0.0822057 -0.606585 0.0262161 -0.794586 -0.600522 0.0799649 -0.795599 -0.581659 0.159772 -0.797588 -0.601796 0.0552047 -0.796739 -0.22268 0.814414 -0.535858 0.389608 0.782532 0.485643 0.274928 0.780298 0.561738 -0.0787441 0.814558 -0.574712 0.236678 0.763384 0.601023 0.0163067 0.816598 -0.576976 -0.357351 0.814701 -0.456687 0.492179 0.783576 0.379168 -0.46657 0.815029 -0.343571 0.568937 0.784189 0.247707 -0.541491 0.815351 -0.204914 0.611819 0.784639 0.100099 -0.576288 0.81565 -0.0510694 0.617134 0.785008 -0.0539283 -0.568266 0.815917 0.106554 0.584317 0.785326 -0.20454 -0.517916 0.816151 0.256243 0.515439 0.7856 -0.34228 -0.428951 0.816347 0.386754 0.414809 0.785828 -0.458702 -0.307982 0.816501 0.488337 0.288683 0.78601 -0.546671 -0.164022 0.816613 0.553389 0.144865 0.786146 -0.600823 -0.00783227 0.816681 0.577036 -0.00779984 0.786237 -0.617876 0.148888 0.816703 0.557519 -0.159969 0.786279 -0.596804 0.294462 0.816683 0.496307 -0.302258 0.786275 -0.538899 0.41798 0.816619 0.398028 -0.425958 0.786222 -0.447676 0.510256 0.816516 0.270074 -0.523416 0.786128 -0.328693 0.564476 0.816374 0.122064 -0.588569 0.785987 -0.189238 0.576716 0.816201 -0.0348358 -0.617315 0.785806 -0.0378178 0.546334 0.816012 -0.188794 -0.607727 0.78559 0.116255 0.476225 0.81583 -0.328073 -0.560216 0.78534 0.263438 0.373031 0.81572 -0.442097 -0.47762 0.785056 0.394419 0.247683 0.815799 -0.522613 -0.365778 0.784693 0.500463 0.114444 0.816167 -0.56637 -0.239248 0.783777 0.573109 0.0753609 0.814396 -0.575395 -0.142225 0.778622 0.611163 0.104718 0.992239 -0.0670549 0.0120321 0.963321 -0.268083 0.0811351 0.963302 -0.255863 0.121685 0.991821 -0.0385182 0.120561 0.966429 -0.226894 0.122382 0.992467 -0.00571305 0.0797079 0.992945 -0.08779 -0.0661507 0.964885 -0.254205 0.048949 0.994156 -0.0962199 -0.136639 0.966524 -0.217167 0.019257 0.995388 -0.0939743 -0.192133 0.968053 -0.161116 -0.00572391 0.996518 -0.0831841 -0.227614 0.969421 -0.0917334 -0.023735 0.997507 -0.0664595 -0.240172 0.970602 -0.015789 -0.0336546 0.998335 -0.04684 -0.229096 0.971585 0.0594782 -0.0354658 0.998996 -0.027369 -0.195853 0.972367 0.127058 -0.0300603 0.99949 -0.0107459 -0.143895 0.972947 0.180744 -0.019246 0.999814 0.000766233 -0.0783553 0.973324 0.215641 -0.00543188 0.999969 0.0057187 -0.00555467 0.973499 0.228624 0.00878255 0.999955 0.00356181 0.0676428 0.973475 0.218567 0.0206663 0.999772 -0.00533981 0.134306 0.97325 0.186401 0.0277884 0.999419 -0.0197247 0.188041 0.972826 0.135094 0.028226 0.998898 -0.0374989 0.223659 0.9722 0.0693154 0.0209058 0.998209 -0.056049 0.237499 0.971376 -0.00478496 0.00567777 0.997348 -0.0725562 0.227934 0.97035 -0.080419 -0.0166471 0.996324 -0.0840256 0.195404 0.969131 -0.150343 -0.0441589 0.995159 -0.0877987 0.142629 0.96775 -0.207644 -0.0736437 0.993938 -0.0816287 0.0747737 0.966313 -0.246268 -0.0988819 0.993065 -0.0636005 0.000919223 0.965253 -0.261314 -0.103965 0.99401 -0.033703 -0.066965 0.965223 -0.252704 -0.0977082 0.995199 -0.00565676 -0.0729427 0.970911 -0.22806 0.292529 0.931849 0.214674 0.247825 0.928569 0.276301 0.241822 0.913955 0.325896 0.326319 0.934137 0.144583 0.345825 0.935822 0.0681369 0.348536 0.937241 -0.0100694 0.334476 0.938461 -0.0861193 0.304692 0.939495 -0.156564 0.260863 0.940343 -0.218416 0.20522 0.941015 -0.269029 0.140399 0.941508 -0.306352 0.0693738 0.941827 -0.32886 -0.00463869 0.941975 -0.33565 -0.0783571 0.941954 -0.326471 -0.148487 0.94176 -0.301727 -0.211889 0.941396 -0.262443 -0.265641 0.940857 -0.210293 -0.30724 0.940142 -0.147432 -0.334597 0.939248 -0.0765359 -0.346178 0.938169 -0.000706449 -0.341039 0.936908 0.0767808 -0.318934 0.935462 0.152292 -0.281052 0.93372 0.221757 -0.238567 0.930171 0.279049 -0.193872 0.924175 0.329112 0.235067 0.965055 0.11581 0.22769 0.959933 0.163357 0.228828 0.949551 0.214456 0.244948 0.967433 0.0638315 0.245897 0.969227 0.01154 0.2371 0.97072 -0.0385627 0.219301 0.971977 -0.0846652 0.193681 0.973027 -0.125325 0.161579 0.973882 -0.159518 0.124383 0.974551 -0.186491 0.0834503 0.97504 -0.205752 0.0401518 0.975354 -0.216962 -0.00416803 0.975496 -0.219976 -0.0481899 0.975469 -0.214796 -0.0906727 0.975272 -0.201552 -0.130323 0.974903 -0.180499 -0.165825 0.97436 -0.152066 -0.19588 0.973636 -0.116893 -0.219234 0.972727 -0.0757503 -0.234657 0.971623 -0.0297356 -0.241077 0.970305 0.0197372 -0.237922 0.968704 0.0707503 -0.226805 0.966461 0.120468 -0.21389 0.962456 0.167124 -0.208035 0.954229 0.214868 -0.142456 0.974812 0.171602 -0.15059 0.978881 0.138255 -0.159218 0.981323 0.107962 -0.170318 0.982536 0.0749364 -0.17852 0.983202 0.0380066 -0.180079 0.983652 -0.000783022 -0.173849 0.98399 -0.0392351 -0.159876 0.984254 -0.0753962 -0.138807 0.984453 -0.107628 -0.111662 0.984596 -0.134546 -0.0796846 0.984681 -0.155094 -0.0442337 0.984708 -0.1685 -0.00679416 0.984678 -0.174249 0.0311356 0.98459 -0.172085 0.0679782 0.984444 -0.162017 0.102188 0.98424 -0.144323 0.132233 0.983978 -0.119586 0.156699 0.983661 -0.0886359 0.17428 0.983285 -0.0526961 0.183959 0.982844 -0.0132984 0.185205 0.982312 0.0276248 0.178638 0.981588 0.0676257 0.168113 0.980282 0.103853 0.166904 0.976693 0.134958 0.174947 0.96934 0.172551 0.0132981 0.998954 -0.0437584 -0.00227152 0.998944 -0.0458914 -0.0113772 0.998308 -0.0570239 0.000466555 0.998119 -0.0613121 0.0173121 0.998202 -0.0573927 0.0327333 0.998374 -0.0466798 0.0437111 0.998559 -0.0311216 0.0487349 0.998728 -0.0129502 0.0472804 0.998866 0.00557385 0.0396506 0.998967 0.0222092 0.0268219 0.999026 0.0350313 0.0103928 0.999042 0.0425127 -0.00769568 0.999013 0.0437575 -0.0252569 0.998938 0.0385349 -0.0401493 0.998819 0.0273468 -0.0505352 0.998658 0.0113438 -0.0550017 0.998456 -0.00776419 -0.0527408 0.998221 -0.0278152 -0.0437373 0.997963 -0.0464503 -0.0288305 0.997699 -0.0613597 -0.00982252 0.997468 -0.0704309 0.0100997 0.997359 -0.0719269 0.0251881 0.997565 -0.0650324 0.0243764 0.998359 -0.0518228 0.0228569 0.998781 -0.0437572 0.0551205 0.998325 -0.0175981 0.0604522 0.998165 -0.00342055 0.0563112 0.998337 0.0123176 0.045199 0.99859 -0.0278346 0.034368 0.998795 -0.0350403 0.023039 0.998981 -0.0388111 0.0121713 0.999162 -0.0390839 0.00282912 0.999337 -0.0363102 -0.00419009 0.999497 -0.0314313 -0.00853294 0.999637 -0.0255626 -0.0102317 0.999752 -0.0197571 -0.00975125 0.99984 -0.0149803 -0.00777023 0.999899 -0.011897 -0.00518415 0.999927 -0.0108759 -0.00295759 0.999925 -0.0119136 -0.0019374 0.99989 -0.0146725 -0.00283288 0.999825 -0.0184806 -0.00605207 0.999731 -0.0223984 -0.011593 0.999609 -0.0254283 -0.0190725 0.999465 -0.026575 -0.0277492 0.9993 -0.0250677 -0.0367534 0.999113 -0.0205595 -0.0451845 0.998895 -0.0129212 -0.0479818 0.998848 -0.0010625 -0.0532664 0.998516 0.0113284 0.215406 0.976095 -0.0289527 0.236213 0.971606 -0.0136295 0.255744 0.965878 0.0409302 0.242239 0.970007 0.0201797 0.263222 0.959001 0.105028 0.252461 0.964147 0.0817563 0.183947 0.980675 -0.0666367 0.208225 0.976406 -0.0572138 0.149672 0.984369 -0.0928273 0.17533 0.980449 -0.0893279 0.115378 0.987397 -0.108333 0.140901 0.98384 -0.110482 0.0835661 0.989881 -0.114683 0.107771 0.986659 -0.122022 0.0561215 0.991907 -0.113893 0.0780661 0.98897 -0.125872 0.0341888 0.993527 -0.108331 0.053067 0.990815 -0.124379 0.0180575 0.994773 -0.100498 0.0332229 0.992232 -0.119886 0.00720491 0.995671 -0.0926726 0.01812 0.993242 -0.114636 0.000422895 0.996234 -0.0867046 0.0066455 0.993864 -0.110409 -0.00407752 0.996471 -0.0838332 -0.00275895 0.994108 -0.108356 -0.00830429 0.996388 -0.0845101 -0.0119924 0.993979 -0.108913 -0.0142556 0.995981 -0.088417 -0.0229178 0.993475 -0.111721 -0.0238019 0.995249 -0.0944121 -0.0371748 0.992592 -0.115672 -0.0381947 0.994178 -0.100752 -0.0558352 0.991312 -0.119093 -0.0580195 0.992751 -0.105263 -0.0793612 0.989614 -0.119856 -0.0830851 0.990935 -0.105567 -0.107405 0.987471 -0.115611 -0.11237 0.988695 -0.0992762 -0.138763 0.984833 -0.104155 -0.144074 0.98596 -0.0844164 -0.171437 0.981645 -0.0835583 -0.175819 0.982621 -0.0595327 -0.202733 0.977826 -0.0525003 -0.204884 0.978497 -0.0238108 -0.229416 0.973273 -0.0104132 -0.22862 0.973246 0.0229233 -0.247794 0.967886 0.0423661 -0.240735 0.967227 0.08074 -0.254286 0.961488 0.104309 0.0316354 0.974435 -0.222432 -0.088092 0.954029 0.286475 -0.135357 0.955828 0.260906 0.0264182 0.974408 -0.223228 -0.186708 0.956553 0.223932 0.0713488 0.973883 -0.21555 -0.236177 0.956694 0.170168 0.123541 0.973808 -0.190881 -0.269985 0.956883 0.107159 0.170856 0.973993 -0.148812 -0.287115 0.957095 0.039156 0.205173 0.974234 -0.0936563 -0.287532 0.957294 -0.0302143 0.22247 0.974457 -0.0306663 -0.27167 0.957461 -0.0972887 0.221098 0.974639 0.0345519 -0.240585 0.957588 -0.158571 0.20124 0.974776 0.0965125 -0.196038 0.957672 -0.210793 0.164679 0.974866 0.150057 -0.140505 0.957714 -0.25108 0.114533 0.974913 0.19086 -0.0770114 0.957716 -0.277215 0.0549896 0.974916 0.215675 -0.00910972 0.957678 -0.287697 -0.00912596 0.97488 0.222545 0.0595175 0.9576 -0.281886 -0.0725205 0.974804 0.210944 0.124971 0.957485 -0.260008 -0.130055 0.974692 0.181826 0.183583 0.957336 -0.223172 -0.177048 0.974542 0.137555 0.232001 0.957152 -0.17331 -0.209638 0.974358 0.0817268 0.267382 0.95694 -0.113013 -0.225136 0.974144 0.0189168 0.287457 0.95671 -0.0455468 -0.222303 0.973907 -0.04567 0.290701 0.956474 0.0254904 -0.201508 0.973663 -0.106652 0.276305 0.956255 0.0960872 -0.164865 0.973444 -0.15883 0.244455 0.956063 0.161818 -0.116402 0.97331 -0.197786 0.197813 0.955821 0.217434 -0.0628998 0.973415 -0.220242 -0.0223359 0.974275 -0.224254 0.144074 0.955192 0.258555 0.136873 0.948659 0.285152 0.0143188 0.974821 -0.222529 -0.362883 0.557218 -0.746876 -0.182618 0.557918 -0.809554 -0.0990624 0.55561 -0.825521 -0.540078 0.55704 -0.63089 -0.686163 0.557119 -0.467759 -0.785343 0.557287 -0.26957 -0.828617 0.557473 -0.0511664 -0.812196 0.557653 0.17135 -0.737001 0.557816 0.381667 -0.608417 0.557954 0.564372 -0.435709 0.558068 0.706199 -0.231419 0.558157 0.79681 -0.0102944 0.558217 0.829631 0.211609 0.558252 0.802232 0.418229 0.558255 0.716545 0.594573 0.558232 0.578671 0.727744 0.558177 0.398531 0.80793 0.558088 0.189174 0.82916 0.557965 -0.0341857 0.789787 0.557805 -0.255129 0.692921 0.557625 -0.457072 0.546933 0.557469 -0.624574 0.367552 0.5575 -0.744379 0.186876 0.558055 -0.808487 0.0908561 0.555858 -0.826297 -0.0554218 0.997868 -0.0344591 -0.0277416 0.998678 -0.0432671 -0.0166871 0.99863 -0.0495924 0.000480382 0.998822 -0.0485207 0.0157152 0.998987 -0.0421624 0.0274389 0.999118 -0.0317904 0.0347693 0.999218 -0.0188316 0.0373278 0.999291 -0.00482451 0.0351953 0.999343 0.00871076 0.0288762 0.999374 0.0204342 0.0191993 0.999389 0.0292123 0.00725979 0.999388 0.034212 -0.00560971 0.999373 0.0349507 -0.0180946 0.999344 0.0313635 -0.0288455 0.999301 0.0237659 -0.0366851 0.999244 0.012855 -0.0406558 0.999173 -0.000314765 -0.0401881 0.999087 -0.0144623 -0.0350991 0.998988 -0.0281199 -0.0257116 0.99888 -0.039731 -0.0129339 0.99877 -0.047875 0.00158287 0.998682 -0.0512973 0.0150617 0.998671 -0.0492932 0.0272182 0.998674 -0.0436918 0.0150909 0.999273 -0.035015 -0.190628 0.615912 0.764404 -0.273113 0.62551 0.730853 -0.439393 0.626164 0.64409 -0.586422 0.626396 0.513553 -0.696697 0.626563 0.349331 -0.761961 0.626723 0.163197 -0.778434 0.626867 -0.0328402 -0.745391 0.626987 -0.226449 -0.665065 0.627078 -0.405538 -0.542591 0.627135 -0.558835 -0.385703 0.627162 -0.676683 -0.204296 0.627156 -0.751624 -0.00987771 0.627118 -0.778862 0.185275 0.627051 -0.756624 0.368753 0.626954 -0.686258 0.52889 0.626828 -0.572156 0.655485 0.626676 -0.421446 0.740383 0.626508 -0.24356 0.777979 0.626321 -0.0496982 0.76555 0.626132 0.147957 0.703425 0.625949 0.336721 0.595313 0.625767 0.504002 0.449876 0.625492 0.637473 0.291478 0.624266 0.724799 0.209327 0.612991 0.761856 0.285965 0.409465 -0.86635 0.590941 0.40455 -0.697945 -0.326874 0.0494639 0.943773 -0.19857 0.0450858 0.979049 -0.592285 0.210874 -0.777644 -0.597031 0.211324 -0.773884 -0.563173 0.406644 -0.719358 -0.548551 0.406608 -0.73059 -0.613521 0.0829274 -0.785312 -0.611327 0.0293442 -0.790834 -0.616717 0.0536071 -0.785358 -0.622324 0.158544 -0.766535 -0.591177 -0.1679 -0.788872 -0.590247 -0.196065 -0.78305 -0.543065 -0.379758 -0.748909 -0.547887 -0.327473 -0.769793 -0.613617 -0.0829031 -0.785239 -0.611374 -0.0293315 -0.790798 -0.616734 -0.0535975 -0.785345 -0.62241 -0.158501 -0.766475 -0.590998 0.16787 -0.789013 -0.590071 0.196047 -0.783187 -0.54288 0.379721 -0.749061 -0.547706 0.327413 -0.769948 -0.60889 -0.169889 -0.774849 -0.61271 -0.130849 -0.7794 -0.617286 -0.251827 -0.745346 -0.602861 -0.327132 -0.727697 -0.608749 0.169912 -0.774955 -0.612571 0.130879 -0.779505 -0.617138 0.251889 -0.745448 -0.602685 0.327187 -0.727819 -0.600619 -0.0799894 -0.795524 -0.594973 -0.128309 -0.793438 -0.56202 -0.252653 -0.787591 -0.581764 -0.159827 -0.7975 -0.597201 -0.211319 -0.773754 -0.603216 -0.197338 -0.772779 -0.58313 -0.379701 -0.718183 -0.563362 -0.406632 -0.719217 -0.594813 0.128275 -0.793563 -0.561854 0.252579 -0.787733 -0.603072 0.197353 -0.772888 -0.58296 0.379735 -0.718303 -0.606609 -0.0262225 -0.794568 -0.601836 -0.0552267 -0.796708 -0.592453 -0.21088 -0.777515 -0.548736 -0.40662 -0.730444 -0.395172 -0.743417 -0.539601 -0.417879 -0.74363 -0.521911 -0.600401 -0.178095 -0.779616 -0.596999 -0.177604 -0.782336 -0.589076 -0.123353 -0.798607 -0.530671 -0.35077 -0.771589 -0.602875 -0.0669492 -0.795022 -0.607157 -0.0216213 -0.794288 -0.458362 0.711946 -0.532013 -0.510495 0.642971 -0.57095 -0.608683 0.143422 -0.780343 -0.604605 0.16644 -0.778942 -0.467267 0.524669 -0.711606 -0.419031 0.641656 -0.64241 -0.595948 0.141142 -0.790522 -0.598676 0.107692 -0.793719 -0.564857 -0.526726 -0.635214 -0.606752 -0.353518 -0.711953 -0.612215 -0.0702666 -0.787563 -0.611542 -0.110601 -0.783444 -0.458366 -0.711945 -0.53201 -0.510533 -0.642953 -0.570936 -0.608781 -0.143408 -0.780269 -0.604703 -0.166432 -0.778868 -0.467369 -0.524784 -0.711455 -0.419143 -0.641733 -0.64226 -0.596115 -0.141165 -0.790392 -0.59883 -0.10772 -0.793599 -0.564748 0.526796 -0.635252 -0.606582 0.353679 -0.712018 -0.612098 0.0702912 -0.787652 -0.611409 0.110625 -0.783544 -0.394664 0.711248 -0.581693 -0.39514 0.743413 -0.53963 -0.596883 0.177601 -0.782425 -0.595292 0.164991 -0.786387 -0.618136 -0.126744 -0.775786 -0.589113 0.123414 -0.798571 -0.607162 0.0216225 -0.794284 -0.610615 -0.0251672 -0.791528 -0.394736 -0.711273 -0.581614 -0.595433 -0.165003 -0.786278 -0.618016 0.126893 -0.775857 -0.610538 0.0251848 -0.791587 -0.417876 0.743631 -0.521912 -0.600293 0.178098 -0.779698 -0.530617 0.350691 -0.771662 -0.602782 0.0669293 -0.795094 -0.090823 -0.763596 0.639275 -0.159058 -0.376009 0.912862 -0.287847 -0.20135 0.93627 -0.416907 -0.123499 0.90052 -0.534547 -0.0828182 0.841071 -0.63077 -0.0582316 0.773782 -0.645812 -0.0379294 0.762554 0.432407 0.0328269 0.901081 0.434024 0.0373471 0.900127 0.327001 0.0378771 0.944264 0.20144 0.0385976 0.97874 0.0693077 0.0399178 0.996796 -0.0652747 0.0420091 0.996983 -0.445216 0.0556042 0.893695 -0.545412 0.0640331 0.835719 -0.603861 0.0739344 0.793653 -0.457236 0.0606168 0.887277 0.0671004 -0.0680016 0.995426 0.0559116 -0.218197 0.974302 -0.155039 -0.557752 0.815399 -0.13562 -0.672054 0.727977 -0.117738 -0.734583 0.668226 0.307006 -0.138013 0.941647 -0.499311 0.116927 0.858497 -0.907763 -0.358036 -0.218576 -0.698048 -0.390556 -0.600163 0.824359 0.39189 -0.408479 -0.912453 0.290451 0.288215 -0.396149 -0.404103 -0.82448 0.123353 -0.406888 -0.905111 0.289911 -0.409372 -0.865081 0.931802 0.362966 -0.000890233 -0.90214 0.361587 -0.235369 -0.227387 -0.399278 -0.888185 0.590892 -0.404553 -0.697985 0.811489 0.293581 0.505269 -0.694393 0.391213 -0.603962 0.820416 -0.392848 -0.415438 0.281343 0.126476 0.951236 -0.392688 0.404364 -0.826006 0.93037 -0.366193 -0.0177238 -0.477674 -0.105947 0.872126 -0.0532628 0.409437 -0.910782 0.82202 -0.300675 0.48361 -0.901422 -0.275956 0.333597 0.196793 0.979026 0.0527305 0.203735 0.979026 -6.69733e-08 0.58126 0.813718 0.000176211 0.561409 0.813718 0.150611 0.51358 -0.852019 0.101489 0.410587 -0.90569 0.105569 0.274385 -0.961581 0.00860626 0.396848 -0.917844 -0.00856858 0.368603 0.927543 -0.0616149 0.421435 0.906844 0.00508335 0.267262 0.961582 0.0627015 0.204776 0.978549 -0.0225539 0.816504 0.535052 -0.216887 0.670591 0.690006 -0.272395 0.546524 0.774472 -0.318598 0.733547 0.621928 -0.274069 0.724494 -0.543331 0.424147 0.869876 -0.350144 0.347442 0.829163 -0.409749 0.380257 0.637615 -0.621937 0.454579 0.340565 -0.927363 0.154966 0.318075 -0.918802 0.233733 0.162925 -0.971359 0.172966 0.191961 -0.978549 0.0747868 0.518181 0.854466 0.0371056 0.641524 0.766853 0.0195829 0.531151 0.840793 0.104624 0.381104 0.917846 0.110984 0.531652 0.802987 -0.269368 0.425934 0.877554 -0.220181 0.262068 0.938897 -0.223143 0.380946 0.87623 -0.29513 0.766611 0.63974 -0.0551356 0.857795 0.479055 -0.186263 0.822261 0.557174 -0.11595 0.693139 0.720155 0.0305766 0.968626 -0.125153 0.214709 0.992273 0.112597 0.0521143 0.989116 0.144052 0.0299771 0.963172 -0.144044 0.227048 0.350684 -0.879431 0.321904 0.195386 -0.938903 0.283347 0.628626 -0.762607 0.152509 0.540122 -0.840798 0.0364158 0.369439 0.918062 -0.143793 0.20214 0.971359 -0.124901 0.935054 0.339251 -0.102871 0.899325 0.409754 -0.152695 0.716119 -0.646018 0.264261 0.656672 -0.738358 0.153651 0.498953 -0.693017 -0.520359 0.453572 -0.771613 -0.445966 0.737541 -0.311681 -0.599073 0.744123 -0.265382 -0.613068 -0.101867 0.979026 -0.17644 -0.144063 0.979026 -0.144063 -0.410889 0.813717 -0.411138 -0.290477 0.813717 -0.503476 -0.144062 0.979026 0.144063 -0.101868 0.979026 0.17644 -0.290784 0.813717 0.503299 -0.411138 0.813717 0.410889 0.17644 0.979026 0.101868 0.503298 0.813718 0.290783 -0.0527308 0.979026 -0.196792 -0.150272 0.813717 -0.5615 0.052731 0.979026 -0.196793 0.0268125 0.978674 -0.203662 0.0762515 0.811619 -0.57919 0.150613 0.813717 -0.561409 -0.17644 0.979026 0.101868 -0.503474 0.813718 0.290478 0.144062 0.979026 0.144062 0.410888 0.813717 0.411139 -0.0268134 0.978674 -0.203662 -0.0763532 0.81107 -0.579945 0.101868 0.979026 -0.176439 0.290784 0.813717 -0.503298 -0.196793 0.979026 0.0527306 -0.561501 0.813717 0.150271 0.101867 0.979026 0.176439 0.290477 0.813717 0.503476 0.144062 0.979026 -0.144063 0.411138 0.813717 -0.41089 -0.203735 0.979026 6.95647e-08 -0.581261 0.813717 -0.000176192 0.0527304 0.979026 0.196793 0.150271 0.813717 0.561501 0.17644 0.979026 -0.101868 0.503474 0.813718 -0.290478 -0.196793 0.979026 -0.0527305 -0.561409 0.813717 -0.150612 -6.17103e-08 0.979026 0.203735 -0.000176237 0.813717 0.581261 0.196793 0.979026 -0.0527306 0.5615 0.813717 -0.150271 -0.17644 0.979026 -0.101867 -0.503299 0.813717 -0.290782 -0.0527304 0.979026 0.196793 -0.150611 0.813718 0.561409 0.757112 0.201133 -0.621552 0.744283 0.265441 -0.612849 0.703828 0.364378 -0.6098 0.727866 0.278753 -0.626505 0.777989 -0.391653 -0.491265 0.802724 -0.148651 -0.577527 0.796434 -0.0517978 -0.602502 0.798012 -0.137122 -0.586833 0.447386 0.808653 -0.382002 0.477852 0.810163 -0.339548 0.748623 0.338827 -0.569876 0.73934 0.336792 -0.58305 0.579475 -0.562226 -0.59001 0.757048 -0.201102 -0.621641 0.707939 -0.577212 -0.407 0.791528 -0.213197 -0.572739 0.453622 0.771645 -0.44586 0.737772 0.311735 -0.598761 0.678867 -0.369583 -0.634467 0.77278 -0.123195 -0.622602 0.620525 -0.702208 -0.349073 0.778801 -0.274775 -0.563887 0.498984 0.693063 -0.520268 0.765159 -0.121064 -0.632357 0.787157 -0.0369425 -0.615645 0.538836 -0.776468 -0.326732 0.763965 -0.317483 -0.561748 0.579452 0.562167 -0.590088 0.802695 0.148704 -0.577554 0.796436 0.0517968 -0.6025 0.47778 -0.810171 -0.33963 0.74854 -0.338832 -0.569983 0.678876 0.36961 -0.634441 0.772818 0.123218 -0.622551 0.778114 0.391502 -0.491187 0.798122 0.137065 -0.586698 0.620707 0.702109 -0.348949 0.708151 0.577039 -0.406876 0.791741 0.213104 -0.57248 0.778939 0.27473 -0.563717 0.447346 -0.808646 -0.382064 0.739134 -0.336775 -0.583321 0.765256 0.121324 -0.63219 0.787214 0.0369754 -0.615571 0.538921 0.77644 -0.326657 0.763158 0.317644 -0.562753 0.804804 -0.179826 -0.565644 0.801814 -0.0631711 -0.594225 0.806038 -0.0803702 -0.586382 0.804255 -0.242107 -0.542731 0.784427 -0.0575816 -0.617543 0.801932 0.0630724 -0.594077 0.739805 -0.428412 -0.518798 0.713499 -0.458625 -0.5297 0.757348 0.174165 -0.629357 0.805072 0.17963 -0.565325 0.792965 0.284026 -0.539013 0.768858 0.368973 -0.522222 0.693633 -0.457488 -0.556397 0.78442 0.0575765 -0.617552 0.739209 0.428575 -0.519512 0.691051 -0.425173 -0.584531 0.71202 0.458759 -0.53157 0.703467 -0.364188 -0.610328 0.694638 0.457598 -0.555051 0.727668 -0.278614 -0.626796 0.7924 -0.284364 -0.539665 0.691656 0.425366 -0.583674 0.757265 -0.174096 -0.629476 0.76746 -0.369591 -0.52384 -0.755301 -0.601604 0.259986 -0.560003 -0.779658 0.280232 -0.843884 -0.536123 -0.0207631 -0.907713 -0.418702 -0.0272892 0.643708 0.603329 -0.470781 0.620189 0.603157 -0.501565 0.64402 -0.492957 -0.585005 0.686797 -0.385694 -0.616076 0.777127 -0.382633 -0.499666 0.620318 0.566209 -0.542783 0.737234 -0.248106 -0.628434 0.732939 -0.492413 -0.469393 0.644453 0.493289 -0.584248 0.781345 -0.0883915 -0.617808 0.684596 -0.566346 -0.45889 0.687032 0.385952 -0.615652 0.806188 0.080192 -0.5862 0.64406 -0.603287 -0.470352 0.737336 0.248239 -0.628262 0.8046 0.241772 -0.54237 0.777757 0.382161 -0.499047 0.7339 0.491894 -0.468434 0.619275 -0.603037 -0.502838 0.78134 0.088385 -0.617816 0.68505 0.566193 -0.458401 0.619657 -0.565927 -0.543831 -0.990536 -0.0152779 -0.1364 -0.990476 0.037798 -0.132399 -0.98797 0.084537 -0.129491 -0.984227 0.12131 -0.128764 -0.980762 0.146201 -0.12935 -0.978551 0.15907 -0.130899 -0.978014 0.160751 -0.132843 -0.979068 0.152544 -0.134747 -0.981331 0.135867 -0.136122 -0.984237 0.112104 -0.136788 -0.987165 0.0825469 -0.136717 -0.989505 0.0484163 -0.136146 -0.990759 0.0109862 -0.135187 -0.990614 -0.0282917 -0.13373 -0.988911 -0.0677994 -0.132128 -0.985768 -0.105621 -0.13079 -0.981641 -0.139476 -0.130104 -0.977335 -0.166744 -0.130436 -0.973922 -0.184568 -0.131953 -0.972511 -0.190156 -0.134399 -0.973813 -0.181304 -0.137177 -0.977734 -0.157141 -0.139082 -0.983256 -0.116978 -0.13973 -0.988024 -0.0686901 -0.138167 -0.65966 -0.609135 -0.440231 -0.842627 -0.389702 -0.371635 -0.944071 -0.267406 -0.192932 -0.88386 -0.418533 -0.208859 -0.382384 0.901033 0.20475 -0.268064 0.961748 0.0564221 -0.752275 0.654442 -0.076073 -0.787522 0.615063 -0.0388183 -0.914471 -0.377305 0.146234 -0.961875 -0.2673 -0.057851 -0.965186 0.139039 -0.221549 -0.991834 -0.12372 -0.0309591 -0.990234 -0.0919187 -0.104825 -0.983642 0.0921284 -0.154796 -0.467382 -0.782579 -0.411247 -0.820526 -0.535806 -0.199121 -0.560038 0.779614 0.280284 -0.843905 0.536093 -0.0206929 -0.842638 0.389661 -0.371652 -0.944073 0.267338 -0.193022 -0.316527 -0.901313 -0.295712 -0.77071 -0.614781 -0.167486 -0.755327 0.601555 0.260024 -0.907749 0.418632 -0.0271749 -0.659686 0.609069 -0.440283 -0.883863 0.418491 -0.208929 -0.24439 -0.961524 -0.125482 -0.74619 -0.65432 -0.122741 -0.914485 0.377265 0.146247 -0.961898 0.267235 -0.0577664 -0.467408 0.782525 -0.41132 -0.820528 0.535769 -0.19921 -0.268064 -0.961747 0.0564318 -0.752276 -0.654443 -0.0760642 -0.991867 0.123471 -0.0308961 -0.990254 0.0918227 -0.104715 -0.316541 0.901282 -0.295791 -0.770707 0.614763 -0.167559 -0.382353 -0.901061 0.204682 -0.787504 -0.615081 -0.0388888 -0.965168 -0.139272 -0.221483 -0.983655 -0.0922761 -0.154625 -0.244388 0.961519 -0.125525 -0.746187 0.654318 -0.122772 -0.990828 -0.0330359 -0.13103 -0.990949 0.0315298 -0.130481 -0.987163 0.0935705 -0.129435 -0.980588 0.148278 -0.128299 -0.97311 0.191972 -0.127297 -0.966718 0.222222 -0.126778 -0.963022 0.237714 -0.126812 -0.9629 0.237898 -0.127387 -0.966393 0.22276 -0.128308 -0.972652 0.192846 -0.129454 -0.980134 0.149438 -0.130404 -0.986837 0.0949293 -0.130926 -0.990842 0.0330116 -0.130931 -0.990971 -0.0315721 -0.130309 -0.987176 -0.0935963 -0.12932 -0.980602 -0.148304 -0.128165 -0.973114 -0.191979 -0.127251 -0.966723 -0.222225 -0.126741 -0.963023 -0.237715 -0.126796 -0.962902 -0.237898 -0.127374 -0.966382 -0.222767 -0.128374 -0.972649 -0.192849 -0.129475 -0.980122 -0.149454 -0.130481 -0.986817 -0.0949581 -0.131053 -0.947303 0.319672 0.0206714 -0.992163 0.102261 -0.0717947 -0.990925 0.0315669 -0.130657 -0.987439 0.0917618 -0.128623 -0.856631 0.509751 0.0796098 -0.981245 0.145089 -0.12691 -0.746685 0.659159 0.089283 -0.974098 0.187904 -0.125796 -0.647473 0.760542 0.0485279 -0.967895 0.217694 -0.125655 -0.584257 0.811008 -0.0301717 -0.964243 0.232929 -0.126413 -0.571979 0.810632 -0.125366 -0.964046 0.232915 -0.127927 -0.612961 0.760874 -0.212953 -0.967361 0.217636 -0.129798 -0.697336 0.663442 -0.271233 -0.973369 0.187775 -0.131501 -0.804847 0.520528 -0.285082 -0.980527 0.144857 -0.132604 -0.907906 0.337043 -0.249217 -0.986907 0.0914159 -0.13288 -0.977443 0.123668 -0.171209 -0.990754 0.0311373 -0.132046 -0.99217 -0.102219 -0.0717656 -0.990941 -0.0315395 -0.130543 -0.947325 -0.319602 0.0207286 -0.987444 -0.0917547 -0.128588 -0.856671 -0.509668 0.0797013 -0.981253 -0.14508 -0.126865 -0.746709 -0.659123 0.0893432 -0.974102 -0.187901 -0.125773 -0.647477 -0.760538 0.0485411 -0.967899 -0.217692 -0.125625 -0.584258 -0.811007 -0.0301587 -0.964242 -0.232929 -0.12642 -0.571977 -0.810628 -0.125397 -0.964044 -0.232915 -0.127947 -0.612962 -0.760858 -0.213007 -0.967357 -0.217631 -0.129837 -0.697347 -0.663394 -0.271321 -0.973361 -0.187765 -0.131576 -0.804858 -0.520479 -0.285141 -0.980511 -0.144829 -0.132752 -0.907912 -0.336988 -0.249268 -0.986903 -0.0914074 -0.132918 -0.977442 -0.123563 -0.171285 -0.990732 -0.0310945 -0.132224 0.199716 0.783066 -0.589001 0.351327 0.608507 -0.711539 -0.200533 0.788066 -0.582013 0.0483337 0.615803 -0.786416 0.619353 -0.784038 -0.0410615 0.431038 -0.902177 -0.0168289 0.515438 -0.784736 0.344257 0.198909 -0.903461 0.379727 0.543871 -0.386227 -0.745005 0.724389 -0.132858 -0.676469 0.369484 -0.394501 -0.841339 0.673638 -0.141908 -0.72531 0.127376 0.901702 -0.413169 -0.315367 0.903959 -0.288795 0.778023 -0.608749 -0.155259 0.780247 -0.606296 0.153687 0.351311 -0.608035 -0.711951 0.0485615 -0.615315 -0.786784 0.149944 0.961406 -0.230685 -0.273172 0.961836 0.0157843 0.860446 -0.386102 -0.332502 0.913698 -0.379471 -0.145456 0.199586 -0.782558 -0.589719 -0.200429 -0.787656 -0.582602 0.260121 0.961672 -0.0867419 -0.0873504 0.962106 0.258307 0.841112 -0.132028 -0.524499 0.874424 -0.122994 -0.469314 0.126936 -0.901226 -0.414341 -0.315573 -0.903494 -0.290021 0.430975 0.902206 -0.0168774 0.198758 0.903521 0.379664 0.724381 0.132774 -0.676493 0.673664 0.141819 -0.725303 0.149146 -0.96122 -0.231972 -0.273873 -0.961657 0.014479 0.620415 0.783224 -0.0405634 0.5165 0.783997 0.344349 0.860772 0.385448 -0.332417 0.778744 0.607883 -0.155036 0.913941 0.37879 -0.145701 0.780998 0.605387 0.153456 0.54387 0.386528 -0.74485 0.369298 0.394919 -0.841224 0.260054 -0.961684 -0.0868074 -0.0875156 -0.962132 0.258152 0.841177 0.131768 -0.52446 0.874422 0.122851 -0.469354 -0.988582 0.114732 -0.0976825 -0.98089 -0.0941757 -0.170254 -0.928519 -0.294459 -0.226154 -0.847809 -0.467879 -0.249617 -0.762547 -0.602488 -0.235649 -0.695397 -0.693069 -0.189941 -0.662231 -0.738751 -0.125286 -0.670037 -0.740073 -0.057817 -0.716739 -0.69733 -0.00392382 -0.7917 -0.610488 0.022691 -0.876848 -0.480569 0.0138295 -0.949653 -0.311877 -0.0298701 -0.988598 -0.114656 -0.0976136 -0.980893 0.0942305 -0.170205 -0.928516 0.294507 -0.226104 -0.847804 0.467918 -0.249562 -0.762542 0.60251 -0.235608 -0.695397 0.693082 -0.189895 -0.662235 0.738755 -0.125246 -0.670038 0.740072 -0.0578115 -0.716736 0.697333 -0.0039334 -0.791674 0.610525 0.0226177 -0.876838 0.480587 0.0138054 -0.949635 0.311926 -0.0299205 -0.992024 0.0578404 -0.111992 -0.988306 -0.0592721 -0.14049 -0.971306 -0.172092 -0.164161 -0.945558 -0.273244 -0.176796 -0.917889 -0.356143 -0.175047 -0.895655 -0.415236 -0.159316 -0.88483 -0.446318 -0.133701 -0.888395 -0.446908 -0.10501 -0.905451 -0.416645 -0.0810242 -0.931416 -0.357505 -0.0682255 -0.959242 -0.273741 -0.0701431 -0.981416 -0.171436 -0.08621 -0.992033 -0.0578097 -0.111931 -0.988315 0.0593106 -0.140414 -0.971311 0.172115 -0.16411 -0.945562 0.27326 -0.176754 -0.917894 0.35616 -0.174987 -0.89566 0.415247 -0.159256 -0.884833 0.44632 -0.133677 -0.888395 0.446907 -0.10501 -0.905453 0.416643 -0.0810142 -0.931406 0.35752 -0.0682771 -0.959229 0.273769 -0.0702136 -0.98141 0.171452 -0.0862449 -0.990583 0.0502699 -0.12735 -0.989392 -0.0383976 -0.140106 -0.980797 -0.124334 -0.150263 -0.967147 -0.201431 -0.155088 -0.952146 -0.264405 -0.153323 -0.93982 -0.309176 -0.145422 -0.933429 -0.33299 -0.133523 -0.934635 -0.334456 -0.120815 -0.943126 -0.313501 -0.110591 -0.956647 -0.271386 -0.105716 -0.971637 -0.210673 -0.10742 -0.984078 -0.135261 -0.115304 -0.990591 -0.0502519 -0.1273 -0.989392 0.0383994 -0.140101 -0.980801 0.124344 -0.150229 -0.967153 0.201447 -0.155032 -0.952154 0.264423 -0.153241 -0.939826 0.309183 -0.145369 -0.933429 0.33299 -0.13352 -0.934636 0.334456 -0.12081 -0.943121 0.313505 -0.11062 -0.95664 0.271394 -0.105756 -0.971622 0.210697 -0.107507 -0.984061 0.135295 -0.115411 -0.0584214 0.998252 0.00898129 -0.0433291 0.999058 -0.00235634 -0.0374403 0.999235 -0.011305 -0.0293127 0.999431 -0.0166999 -0.0219735 0.999553 -0.0202554 -0.0149387 0.999659 -0.0213982 -0.00887624 0.999754 -0.0203372 -0.00441947 0.999833 -0.0177563 -0.00186961 0.999893 -0.014472 -0.00120419 0.999936 -0.0112924 -0.00209883 0.999958 -0.00898162 -0.00399566 0.99996 -0.00806589 -0.00618729 0.999942 -0.00880759 -0.0079365 0.999906 -0.0112363 -0.00850013 0.999851 -0.0150487 -0.00733987 0.999778 -0.0197471 -0.00406712 0.99969 -0.024556 0.00137732 0.999589 -0.0286319 0.00872498 0.999478 -0.0310902 0.0173647 0.999364 -0.0311373 0.0264131 0.999249 -0.0283357 0.0349683 0.999131 -0.0226791 0.0422854 0.999002 -0.0143834 0.0530415 0.998579 -0.00524033 0.0517911 0.99862 0.00866493 0.410648 0.744255 0.526738 0.22489 0.949808 0.21746 0.182275 0.947725 0.261904 0.27725 0.742908 0.609278 0.15259 0.942139 0.298481 0.206516 0.731399 0.649928 0.523803 0.745128 0.412812 0.264775 0.950779 0.160975 0.607669 0.745734 0.273166 0.29306 0.951378 0.0948481 0.655583 0.746175 0.115907 0.305734 0.951832 0.023306 0.663549 0.746505 -0.0493267 0.30145 0.952204 -0.0493393 0.630355 0.746759 -0.212138 0.2803 0.952514 -0.118946 0.557603 0.746953 -0.362131 0.243387 0.952769 -0.181643 0.449587 0.747104 -0.489599 0.19275 0.952975 -0.23385 0.312948 0.747217 -0.586286 0.131249 0.953138 -0.272585 0.156329 0.747298 -0.645838 0.0623599 0.953259 -0.295649 -0.0103219 0.747353 -0.664347 -0.0099813 0.953342 -0.301728 -0.176297 0.747381 -0.640579 -0.0816016 0.953387 -0.290508 -0.330976 0.747386 -0.576081 -0.148395 0.953393 -0.262718 -0.464458 0.74736 -0.475112 -0.206608 0.953358 -0.22005 -0.568319 0.747304 -0.344312 -0.252984 0.953275 -0.165122 -0.636188 0.747209 -0.192205 -0.285121 0.953136 -0.101179 -0.664135 0.747058 -0.0287924 -0.301509 0.952927 -0.0319769 -0.651076 0.746833 0.13543 -0.301687 0.952626 0.0385907 -0.598849 0.746488 0.290064 -0.286206 0.952202 0.106759 -0.512266 0.745946 0.425616 -0.256687 0.951599 0.169027 -0.39905 0.745042 0.534483 -0.216432 0.950662 0.22226 -0.268981 0.743477 0.612284 -0.176501 0.948449 0.263232 -0.192266 0.733326 0.652124 -0.168021 0.939942 0.297115 </float_array>
          <technique_common>
            <accessor count="1728" offset="0" source="#meshId0-bitangents-array" stride="3">
              <param name="X" type="float" />
              <param name="Y" type="float" />
              <param name="Z" type="float" />
            </accessor>
          </technique_common>
        </source>
        <source id="meshId0-tex0" name="meshId0-tex0">
          <float_array id="meshId0-tex0-array" count="3456"> 0.763884 0.20395 0.750723 0.20395 0.750723 0.198559 0.763884 0.198559 0.875362 0.20395 0.859436 0.20395 0.859436 0.198559 0.875362 0.198559 0.639245 0.20395 0.626085 0.20395 0.626085 0.198559 0.639245 0.198559 0.843511 0.20395 0.843511 0.198559 0.968149 0.20395 0.952224 0.20395 0.952224 0.198559 0.968149 0.198559 0.702947 0.20395 0.687021 0.20395 0.687021 0.198559 0.702947 0.198559 0.702947 0.209527 0.687021 0.209527 0.968149 0.209527 0.952224 0.209527 0.827585 0.209527 0.81166 0.209527 0.81166 0.20395 0.827585 0.20395 0.718872 0.209527 0.718872 0.20395 0.984075 0.209527 0.984075 0.20395 0.843511 0.209527 0.734798 0.209527 0.734798 0.20395 1 0.209527 1 0.20395 0.859436 0.217021 0.843511 0.217021 0.859436 0.209527 0.750723 0.209527 0.639245 0.209527 0.626085 0.209527 0.875362 0.217021 0.875362 0.209527 0.763884 0.209527 0.655171 0.209527 0.655171 0.20395 0.888522 0.209527 0.888522 0.20395 0.779809 0.209527 0.779809 0.20395 0.671096 0.209527 0.671096 0.20395 0.904447 0.209527 0.904447 0.20395 0.936299 0.209527 0.920373 0.209527 0.920373 0.20395 0.936299 0.20395 0.795735 0.209527 0.795735 0.20395 0.952224 0.217021 0.936299 0.217021 0.81166 0.193168 0.81166 0.198559 0.795735 0.198559 0.795735 0.193168 0.920373 0.193168 0.920373 0.198559 0.904447 0.198559 0.904447 0.193168 0.779809 0.198559 0.779809 0.193168 0.936299 0.193168 0.936299 0.198559 0.888522 0.198559 0.888522 0.193168 0.671096 0.193168 0.671096 0.198559 0.655171 0.198559 0.655171 0.193168 0.734798 0.193168 0.734798 0.198559 0.718872 0.198559 0.718872 0.193168 0.827585 0.193168 0.827585 0.198559 0.702947 0.188369 0.702947 0.193168 0.687021 0.193168 0.687021 0.188369 0.968149 0.188369 0.968149 0.193168 0.952224 0.193168 0.952224 0.188369 0.827585 0.217021 0.827585 0.224516 0.81166 0.224516 0.81166 0.217021 0.827585 0.188369 0.81166 0.188369 0.718872 0.217021 0.718872 0.224516 0.702947 0.224516 0.702947 0.217021 0.718872 0.188369 0.984075 0.217021 0.984075 0.224516 0.968149 0.224516 0.968149 0.217021 0.984075 0.188369 0.984075 0.193168 0.843511 0.188369 0.843511 0.193168 0.734798 0.217021 0.734798 0.224516 0.734798 0.188369 1 0.217021 1 0.224516 1 0.188369 1 0.193168 0.859436 0.188369 0.859436 0.193168 0.750723 0.217021 0.750723 0.224516 0.750723 0.188369 0.750723 0.193168 0.639245 0.217021 0.639245 0.224516 0.626085 0.224516 0.626085 0.217021 0.941764 0.362917 0.920687 0.362917 0.928037 0.246159 0.934414 0.246159 0.875362 0.188369 0.875362 0.193168 0.966853 0.359091 0.947885 0.356049 0.972621 0.244076 0.978361 0.244996 0.655171 0.188369 0.639245 0.193168 0.639245 0.188369 0.863255 0.361523 0.842446 0.358187 0.868182 0.244076 0.874477 0.245085 0.779809 0.188369 0.763884 0.193168 0.763884 0.188369 0.671096 0.188369 0.904447 0.217021 0.904447 0.224516 0.888522 0.224516 0.888522 0.217021 0.904447 0.188369 0.888522 0.188369 0.936299 0.188369 0.920373 0.188369 0.795735 0.188369 0.920373 0.217021 0.920373 0.224516 0.984075 0.198559 1 0.198559 0.687021 0.217021 0.763884 0.217021 0.655171 0.217021 0.779809 0.217021 0.671096 0.217021 0.795735 0.217021 0.626085 0.193168 0.687021 0.224516 0.952224 0.224516 0.843511 0.224516 0.859436 0.224516 0.875362 0.224516 0.763884 0.224516 0.655171 0.224516 0.779809 0.224516 0.671096 0.224516 0.936299 0.224516 0.795735 0.224516 0.869819 0.3587 0.876517 0.244209 0.993965 0.362917 0.972889 0.362917 0.980238 0.246159 0.986615 0.246159 0.947799 0.359091 0.936289 0.244971 0.895597 0.361523 0.889032 0.3587 0.88233 0.244209 0.884368 0.24506 1 0.35909 0.98849 0.244971 0.914652 0.359091 0.926159 0.244996 0.895683 0.35605 0.920421 0.244076 0.849263 0.051622 0.856899 0.04946 0.860249 0.068593 0.857402 0.069368 0.832101 0.151393 0.813861 0.141799 0.843925 0.101815 0.850913 0.105375 0.872527 0.156307 0.852007 0.156307 0.858575 0.107158 0.866478 0.106904 0.796525 0.028746 0.812367 0.014631 0.842417 0.055598 0.836833 0.061141 0.925112 0.028312 0.937041 0.045797 0.889666 0.066054 0.885379 0.059644 0.892571 0.151359 0.874087 0.104697 0.784329 0.046719 0.83293 0.067889 0.909554 0.014482 0.879537 0.054498 0.911055 0.141626 0.880905 0.100624 0.77673 0.067795 0.831044 0.075349 0.891311 0.004906 0.872534 0.050953 0.926912 0.127486 0.886555 0.095022 0.778956 0.090068 0.831403 0.082906 0.871399 3e-06 0.864825 0.049235 0.939118 0.109498 0.890514 0.088256 0.786394 0.11044 0.833819 0.090184 0.85088 0 0.94672 0.088418 0.892431 0.08081 0.798312 0.127945 0.838096 0.096636 0.830841 0.00493 0.944489 0.066151 0.892085 0.073288 0.131997 0.114538 0.138596 0.114538 0.138596 0.173816 0.131997 0.173816 0.873276 0.078362 0.873207 0.075973 0.852721 0.084751 0.854832 0.086554 0.854829 0.070721 0.872345 0.073691 0.8574 0.087776 0.860267 0.088195 0.863208 0.088001 0.852687 0.072552 0.870781 0.071669 0.865893 0.087102 0.85118 0.074822 0.868633 0.070049 0.867457 0.085736 0.850408 0.077359 0.866048 0.068949 0.870758 0.083026 0.850421 0.079979 0.863192 0.068451 0.872493 0.080732 0.851214 0.082504 0.967861 0.033209 0.967285 0.033201 0.966749 0.033056 0.966275 0.032794 0.965883 0.032416 0.965607 0.031956 0.965466 0.031445 0.96547 0.030919 0.965618 0.030412 0.9659 0.029957 0.966296 0.029586 0.96678 0.029332 0.967321 0.029201 0.967879 0.029209 0.968416 0.029356 0.968897 0.029628 0.969291 0.030013 0.96957 0.030471 0.969715 0.030977 0.969717 0.031499 0.969576 0.032002 0.969299 0.032453 0.968906 0.03282 0.968418 0.033077 0.032999 0.114538 0.039599 0.114538 0.039599 0.173815 0.032999 0.173815 0.079198 0.114538 0.085798 0.114538 0.085798 0.173816 0.079198 0.173815 0.125397 0.114538 0.125397 0.173816 0.026399 0.114538 0.026399 0.173815 0.072598 0.114538 0.072598 0.173815 0.118797 0.114538 0.118797 0.173816 0.019799 0.114538 0.019799 0.173815 0.065998 0.114538 0.065998 0.173815 0.112197 0.114538 0.112197 0.173816 0.0132 0.114538 0.0132 0.173815 0.059398 0.114538 0.059398 0.173815 0.105597 0.114538 0.105597 0.173816 0.0066 0.114538 0.0066 0.173815 0.052798 0.114538 0.052799 0.173815 0.098997 0.114538 0.098997 0.173816 0 0.114538 0 0.173815 0.145196 0.114538 0.151796 0.114538 0.151796 0.173816 0.145196 0.173816 0.046199 0.114538 0.046199 0.173815 0.092397 0.114538 0.092397 0.173816 0.158396 0.114538 0.158396 0.173816 0.965004 0.051415 0.970325 0.051418 0.971801 0.062419 0.963677 0.062418 0.975486 0.050079 0.979701 0.060402 0.980157 0.047468 0.986908 0.056455 0.984025 0.043729 0.992969 0.050758 0.986803 0.039085 0.997462 0.043582 0.988246 0.033846 1 0.035279 0.988163 0.028424 0.999593 0.026607 0.986644 0.023237 0.997014 0.018542 0.983846 0.018647 0.992549 0.011522 0.979986 0.014942 0.98654 0.005915 0.975332 0.012344 0.979383 0.002007 0.970183 0.011003 0.97151 0 0.964863 0.011 0.963386 0 0.959703 0.01234 0.955486 0.002018 0.955032 0.014954 0.948279 0.005967 0.951165 0.018694 0.942219 0.011665 0.948387 0.023338 0.937728 0.018842 0.946944 0.028577 0.935191 0.027144 0.947027 0.033999 0.935598 0.035815 0.948545 0.039185 0.938177 0.043879 0.951342 0.043774 0.942641 0.050897 0.9552 0.047478 0.948648 0.056504 0.959854 0.050075 0.955805 0.060411 0.965985 0.043169 0.969174 0.043186 0.972263 0.042394 0.975044 0.040842 0.977328 0.038626 0.978952 0.035895 0.979792 0.032837 0.979784 0.02967 0.978937 0.026614 0.97732 0.023879 0.975043 0.021651 0.972277 0.020072 0.9692 0.019246 0.966014 0.019228 0.962929 0.020019 0.960148 0.021582 0.957864 0.023798 0.95624 0.026529 0.955398 0.029587 0.955406 0.032754 0.956252 0.03581 0.957869 0.038544 0.960139 0.040772 0.962906 0.042348 0.36195 0.100949 0.361622 0.168424 0.345098 0.168289 0.34542 0.10093 0.328584 0.168192 0.328902 0.100874 0.312072 0.168108 0.312388 0.100805 0.708837 0.40525 0.620048 0.345129 0.622358 0.235549 0.790631 0.260376 0.395032 0.169103 0.411853 0.17061 0.411058 0.180014 0.394432 0.178609 0.37852 0.100867 0.37819 0.168664 0.395138 0.100592 0.345444 0.090583 0.361928 0.090607 0.406907 0.06227 0.339354 0.06227 0.339354 0.045693 0.406907 0.045693 0.611799 0.341446 0.598255 0.222694 0.725606 0.415636 0.824552 0.259258 0.538546 0.411203 0.486461 0.261621 0.616519 0.406665 0.584019 0.42498 0.563878 0.395757 0.600925 0.359606 0.66126 0.435006 0.647959 0.428621 0.690171 0.39817 0.700707 0.423092 0.626239 0.413553 0.635514 0.363349 0.399439 0.117713 0.399348 0.151997 0.411821 0.099161 0.41543 0.11585 0.41543 0.153821 0.30878 0.151384 0.308939 0.117497 0.165832 0.033155 0.151475 0.024866 0.151475 0.008289 0.165832 0 0.180188 0.008289 0.180188 0.024866 0.345034 0.177621 0.328533 0.177528 0.377958 0.177989 0.361517 0.177749 0.312025 0.177445 0.122554 0.024866 0.122554 0.008289 0.13691 0 0.151267 0.008289 0.151267 0.024866 0.13691 0.033155 0.312432 0.090454 0.328941 0.090524 0.378369 0.09053 0.39471 0.090165 0.411028 0.08902 0.276506 0.132562 0.171152 0.132562 0.171152 0.122249 0.276506 0.122249 0.171152 0.111937 0.276506 0.111937 0.276506 0.173813 0.171152 0.173813 0.171152 0.1635 0.276506 0.1635 0.171152 0.153187 0.276506 0.153187 0.321327 0.083292 0.312396 0.078136 0.312396 0.067823 0.321327 0.062667 0.330258 0.067823 0.330258 0.078136 0.276506 0.142875 0.171152 0.142875 0.330258 0.057302 0.321327 0.062459 0.312396 0.057302 0.312396 0.04699 0.321327 0.041833 0.330258 0.04699 0.978253 0.134508 0.956613 0.134508 0.956613 0.123424 0.978253 0.123424 0.956613 0.112339 0.978253 0.112339 0.956613 0.101254 0.978253 0.101254 0.956613 0.090169 0.978253 0.090169 0.978253 0.145593 0.956613 0.145593 0.978253 0.156678 0.956613 0.156678 0.863532 0.174868 0.856074 0.179174 0.848616 0.174868 0.848616 0.166257 0.856074 0.161951 0.863532 0.166257 0.641804 0.043488 0.70569 0.043488 0.70569 0.065231 0.641804 0.065231 0.70569 0.086975 0.641804 0.086975 0.70569 0.108719 0.641804 0.108719 0.70569 0.130463 0.641804 0.130463 0.641804 0.021744 0.70569 0.021744 0.641804 0 0.70569 0 0.954787 0.154882 0.954787 0.173042 0.941403 0.182122 0.928019 0.173042 0.928019 0.154882 0.941403 0.145802 1 0.123424 0.978361 0.123424 0.978361 0.112339 1 0.112339 0.978361 0.101254 1 0.101254 0.978361 0.090169 1 0.090169 1 0.156678 0.978361 0.156678 0.978361 0.145593 1 0.145593 1 0.134508 0.978361 0.134508 0.863631 0.174868 0.863631 0.166257 0.871089 0.161951 0.878546 0.166257 0.878546 0.174868 0.871089 0.179174 0.577765 0.065231 0.641651 0.065231 0.641651 0.086975 0.577765 0.086975 0.641651 0.108719 0.577765 0.108719 0.641651 0.130463 0.577765 0.130463 0.577765 0 0.641651 0 0.641651 0.021744 0.577765 0.021744 0.577765 0.043488 0.641651 0.043488 0.901142 0.173042 0.901142 0.154882 0.914526 0.145802 0.927911 0.154882 0.927911 0.173042 0.914526 0.182122 0.391705 0.965491 0.383497 1 0.371911 0.996998 0.379428 0.962293 0.360267 0.994263 0.36708 0.959389 0.348571 0.991795 0.354677 0.956782 0.336832 0.989594 0.342232 0.954468 0.325054 0.98766 0.329756 0.952444 0.313247 0.985988 0.317257 0.950704 0.301416 0.984577 0.304742 0.949243 0.289568 0.983424 0.292217 0.948058 0.277707 0.982527 0.279687 0.947143 0.265841 0.981884 0.267155 0.946496 0.253974 0.981495 0.254625 0.946115 0.242112 0.981358 0.242101 0.945998 0.230259 0.981474 0.229585 0.946146 0.21842 0.981843 0.21708 0.946559 0.206601 0.982469 0.20459 0.947239 0.194805 0.983353 0.192117 0.948189 0.183038 0.984497 0.179665 0.949411 0.171303 0.985905 0.167239 0.95091 0.159607 0.987581 0.154843 0.952689 0.147952 0.989525 0.142483 0.954755 0.136344 0.991741 0.130168 0.957109 0.124787 0.994227 0.117907 0.959756 0.468326 0.041976 0.458634 0.050307 0.441094 0.033863 0.454701 0.022165 0.105711 0.962696 0.113286 0.996982 0.101846 1 0.093596 0.965924 0.973103 0.502213 0.965473 0.473712 0.990535 0.463318 1 0.498657 0.068589 0.63466 0.069742 0.648886 0.05188 0.651485 0.050414 0.636597 0.03253 0.655422 0.029929 0.638414 0.086125 0.632904 0.087098 0.646859 0.103413 0.63132 0.104247 0.645145 0.12058 0.629902 0.12129 0.643652 0.137674 0.628648 0.138266 0.642347 0.15472 0.627555 0.155194 0.641218 0.171731 0.626627 0.172087 0.640263 0.188717 0.625865 0.188953 0.639481 0.205687 0.625269 0.205803 0.638871 0.222646 0.62484 0.222643 0.638435 0.239603 0.62458 0.239479 0.638172 0.256564 0.624487 0.256319 0.638083 0.273534 0.624562 0.273169 0.638166 0.290521 0.624804 0.290037 0.638423 0.307532 0.625211 0.306929 0.63885 0.324575 0.62578 0.323855 0.639448 0.34166 0.626507 0.340825 0.640215 0.358801 0.627383 0.357856 0.641147 0.376022 0.628391 0.374975 0.642242 0.393374 0.62949 0.39224 0.643495 0.410985 0.63059 0.409793 0.644914 0.429235 0.631468 0.428046 0.646557 0.449329 0.63157 0.448641 0.64903 0.092339 0.822745 0.093734 0.832166 0.078256 0.834954 0.076942 0.825121 0.061947 0.837425 0.06148 0.827547 0.107523 0.820399 0.108819 0.829672 0.122589 0.818242 0.123758 0.827443 0.137579 0.816315 0.138613 0.825472 0.152512 0.814629 0.153411 0.823756 0.167404 0.813188 0.168167 0.822294 0.182265 0.811994 0.182893 0.821084 0.197104 0.811044 0.197598 0.820124 0.211929 0.810338 0.212291 0.819413 0.226749 0.809876 0.226978 0.81895 0.24157 0.809656 0.241667 0.818733 0.256398 0.809677 0.256363 0.818761 0.271241 0.809941 0.271073 0.819037 0.286105 0.810448 0.285805 0.819559 0.300998 0.8112 0.300564 0.820331 0.315929 0.812196 0.31536 0.821353 0.330905 0.81344 0.3302 0.822628 0.345938 0.814934 0.345096 0.824159 0.361036 0.816678 0.360059 0.825946 0.37621 0.818668 0.375107 0.827983 0.391456 0.820877 0.390276 0.830237 0.406725 0.82318 0.405679 0.832558 0.421883 0.824999 0.421778 0.834568 0.096119 0.848837 0.081229 0.851981 0.065519 0.85609 0.110898 0.846169 0.12557 0.843828 0.140166 0.841777 0.154707 0.840002 0.16921 0.838497 0.183687 0.837256 0.198145 0.836274 0.212592 0.83555 0.227036 0.83508 0.241481 0.834863 0.255934 0.8349 0.2704 0.835189 0.284886 0.835733 0.299398 0.836533 0.313943 0.837593 0.328529 0.838915 0.343166 0.840505 0.357867 0.842368 0.372655 0.844508 0.387581 0.846933 0.402829 0.849684 0.419021 0.853423 0.097416 0.856082 0.082762 0.859165 0.068186 0.863186 0.112035 0.853382 0.126574 0.851004 0.141046 0.848925 0.155468 0.84713 0.169854 0.84561 0.184216 0.844359 0.198562 0.843372 0.212898 0.842646 0.227231 0.842176 0.241566 0.841963 0.255909 0.842005 0.270265 0.842304 0.28464 0.84286 0.29904 0.843675 0.313471 0.844753 0.327941 0.846099 0.34246 0.847718 0.35704 0.849618 0.371698 0.851812 0.386469 0.854337 0.401419 0.857334 0.416409 0.861169 0.4427 0.671267 0.425364 0.667997 0.408118 0.665624 0.390993 0.663805 0.373987 0.66232 0.357074 0.661081 0.340232 0.660051 0.323444 0.659215 0.306699 0.658564 0.289987 0.658096 0.2733 0.65781 0.256631 0.657705 0.239973 0.657782 0.223319 0.65804 0.206661 0.65848 0.189994 0.659101 0.173309 0.659905 0.156598 0.660891 0.139854 0.66206 0.123067 0.663415 0.10623 0.664961 0.089343 0.666716 0.072433 0.668737 0.055608 0.671224 0.039282 0.674837 0.44606 0.610207 0.428962 0.61042 0.411582 0.609627 0.394168 0.608591 0.376786 0.607561 0.359452 0.606621 0.342166 0.605806 0.324923 0.605131 0.307714 0.604604 0.290534 0.604231 0.273374 0.604014 0.25623 0.603957 0.239095 0.604059 0.221964 0.604323 0.20483 0.604747 0.187687 0.60533 0.17053 0.606071 0.153351 0.606967 0.136143 0.608011 0.118895 0.609193 0.101595 0.610496 0.084221 0.611883 0.066748 0.613271 0.049155 0.614454 0.031857 0.614934 0.049773 0.334387 0.031209 0.335908 0.01254 0.337313 0.068345 0.333045 0.08694 0.331816 0.105558 0.330687 0.124199 0.329662 0.142863 0.32875 0.161547 0.32796 0.18025 0.327297 0.198969 0.326765 0.2177 0.326368 0.23644 0.326106 0.255187 0.325983 0.273935 0.325998 0.292681 0.326152 0.31142 0.326446 0.330146 0.326877 0.348852 0.327443 0.367532 0.32814 0.386178 0.328963 0.404788 0.329908 0.423364 0.330981 0.441883 0.332185 0.460484 0.333256 0.10408 0.89089 0.110954 0.925219 0.098013 0.928357 0.090245 0.894161 0.085169 0.931865 0.076403 0.897842 0.117905 0.888021 0.123959 0.922423 0.131718 0.885514 0.137007 0.919955 0.145516 0.88334 0.150084 0.917802 0.159301 0.881478 0.163182 0.915952 0.173075 0.879912 0.176295 0.914396 0.186844 0.878632 0.189421 0.913126 0.200608 0.87763 0.202557 0.912135 0.214372 0.8769 0.215703 0.91142 0.228138 0.876439 0.228858 0.910976 0.241909 0.876245 0.242021 0.910802 0.255688 0.876316 0.255192 0.910897 0.269478 0.876654 0.26837 0.911262 0.28328 0.877261 0.281556 0.911898 0.297099 0.878139 0.294747 0.912808 0.310937 0.879294 0.307944 0.913998 0.324797 0.880733 0.321144 0.915473 0.338683 0.882467 0.334344 0.917242 0.352598 0.884508 0.347539 0.919315 0.366547 0.886877 0.360723 0.921705 0.380534 0.8896 0.373884 0.924427 0.394561 0.892715 0.387002 0.927498 0.40862 0.896264 0.400048 0.930932 0.463923 0.28842 0.463387 0.307996 0.443456 0.30631 0.444537 0.288407 0.424562 0.305221 0.425768 0.287516 0.405827 0.304168 0.407005 0.286412 0.387075 0.303184 0.388168 0.285352 0.368276 0.30231 0.36926 0.284415 0.349434 0.301568 0.350296 0.283627 0.330559 0.300968 0.331295 0.282995 0.311661 0.300515 0.312271 0.282521 0.292749 0.300209 0.293233 0.282204 0.27383 0.30005 0.274189 0.28204 0.25491 0.300037 0.255146 0.282027 0.235994 0.300169 0.236107 0.282162 0.217085 0.300444 0.217078 0.282445 0.198187 0.30086 0.198062 0.282872 0.179305 0.301415 0.179063 0.283443 0.160443 0.302107 0.160086 0.284155 0.141607 0.302931 0.141138 0.285006 0.1228 0.303881 0.122228 0.285989 0.104028 0.304949 0.103363 0.287097 0.085293 0.306119 0.084555 0.288313 0.066585 0.307374 0.065805 0.289611 0.047856 0.308706 0.047078 0.290943 0.028143 0.292201 0.028968 0.310228 0.009488 0.312511 0.007816 0.29276 0.046621 0.282692 0.027905 0.283788 0.008504 0.283774 0.065312 0.281367 0.084078 0.280042 0.102923 0.278798 0.121833 0.277667 0.140795 0.276664 0.159796 0.275799 0.178827 0.275075 0.197882 0.274495 0.216954 0.274061 0.23604 0.273773 0.255136 0.273635 0.274238 0.273646 0.29334 0.273811 0.312439 0.274133 0.331525 0.274615 0.350589 0.27526 0.369613 0.276071 0.388578 0.277041 0.407452 0.278148 0.426195 0.279319 0.44474 0.280314 0.463041 0.280146 0.461647 0.26425 0.444972 0.262612 0.426756 0.260828 0.407995 0.259317 0.389 0.258043 0.369886 0.256984 0.350707 0.256125 0.331492 0.255455 0.312258 0.254963 0.293017 0.25464 0.273776 0.25448 0.25454 0.254478 0.235312 0.254631 0.216095 0.254935 0.196892 0.25539 0.177708 0.255996 0.158549 0.256752 0.139422 0.257658 0.120338 0.258713 0.101317 0.259912 0.082383 0.26124 0.063582 0.262666 0.045013 0.2641 0.026943 0.265329 0.010438 0.266364 0.461766 0.317247 0.442829 0.315259 0.424085 0.314048 0.405394 0.312978 0.386687 0.312009 0.36794 0.311156 0.349155 0.310431 0.330338 0.309844 0.311501 0.309399 0.292649 0.309098 0.27379 0.308942 0.254929 0.308928 0.236072 0.309058 0.217221 0.309328 0.198381 0.309738 0.179556 0.310285 0.160749 0.310967 0.141965 0.311779 0.123207 0.312715 0.10448 0.313766 0.085784 0.31492 0.067109 0.316164 0.048428 0.317496 0.029715 0.318973 0.011323 0.321277 0.839286 1 0.803345 0.990185 0.805593 0.98479 0.840007 0.994191 0.875826 0.404875 0.846319 0.404866 0.842766 0.377964 0.879358 0.377971 0.756626 0.47366 0.748983 0.502164 0.722075 0.498637 0.731548 0.463289 0.792229 0.606611 0.817783 0.621369 0.807414 0.646446 0.775722 0.62815 0.965461 0.560215 0.973099 0.531717 1 0.535242 0.990534 0.57058 0.929872 0.427284 0.904325 0.412522 0.914699 0.387449 0.946382 0.405752 0.929846 0.606627 0.950709 0.585765 0.972246 0.602266 0.946378 0.628141 0.792256 0.427244 0.771385 0.448106 0.749847 0.431597 0.775725 0.405723 0.756613 0.560182 0.771365 0.585741 0.749845 0.602275 0.731546 0.570582 0.875793 0.629013 0.904294 0.621378 0.914694 0.646439 0.879352 0.655913 0.950728 0.448155 0.972248 0.43163 0.817815 0.412495 0.807418 0.38743 0.748979 0.531675 0.722075 0.535233 0.846285 0.62901 0.842761 0.655915 0.853224 0.57619 0.868823 0.576201 0.872284 0.602453 0.849771 0.602446 0.801801 0.524704 0.805831 0.539777 0.781364 0.549917 0.775543 0.528166 0.838214 0.461708 0.8247 0.4695 0.808574 0.448494 0.828076 0.437244 0.908467 0.480589 0.897447 0.469549 0.913568 0.448541 0.929478 0.464469 0.908436 0.553359 0.916239 0.539854 0.940707 0.549977 0.929448 0.56947 0.883892 0.572173 0.897403 0.564383 0.913527 0.585383 0.89403 0.596633 0.813625 0.553294 0.824651 0.564333 0.808531 0.585347 0.792615 0.569421 0.813663 0.480526 0.805855 0.494033 0.781385 0.483903 0.792649 0.464408 0.883946 0.461738 0.868882 0.45769 0.872337 0.431437 0.894078 0.437275 0.92028 0.524787 0.920285 0.509184 0.946543 0.505721 0.946537 0.528234 0.838157 0.572142 0.828026 0.596611 0.801809 0.509101 0.77555 0.50565 0.853284 0.457679 0.849824 0.431427 0.916252 0.494109 0.940724 0.483972 0.840257 0.714155 0.875663 0.714454 0.90956 0.723966 0.9407 0.742159 0.966374 0.768 0.984601 0.799761 0.994043 0.835255 0.99403 0.872034 0.984585 0.90757 0.96646 0.939471 0.94128 0.96572 0.910354 0.984337 0.875779 0.994045 0.774986 0.966514 0.750334 0.940588 0.732874 0.908839 0.724081 0.873392 0.72439 0.836623 0.732599 0.801046 0.749476 0.769119 0.774008 0.742961 0.804385 0.724493 1 0.834432 1 0.87277 0.744655 0.765733 0.77028 0.738454 0.771368 0.971113 0.990158 0.909802 0.80197 0.719101 0.840315 0.708524 0.876428 0.708893 0.745602 0.944098 0.971273 0.943004 0.838539 0.708245 0.911791 0.718584 0.727349 0.911048 0.945015 0.970324 0.944292 0.737442 0.718146 0.874135 0.912733 0.989732 0.971098 0.76434 0.718452 0.835962 0.876636 0.999854 0.990133 0.797435 0.727024 0.799018 0.213613 0.037772 0.226178 0.037772 0.226178 0.094763 0.213613 0.094763 0.529181 0.038045 0.517246 0.033473 0.523387 0.010227 0.540144 0.016646 0.504611 0.150459 0.517246 0.14854 0.523387 0.171786 0.505646 0.17448 0.450945 0.121497 0.458634 0.131706 0.441094 0.14815 0.430298 0.133817 0.450945 0.060516 0.445613 0.072131 0.422811 0.064504 0.430298 0.048196 0.504611 0.031554 0.491857 0.032378 0.48774 0.00869 0.505647 0.007533 0.529181 0.143968 0.539864 0.136953 0.555143 0.155517 0.540144 0.165367 0.468326 0.140037 0.479573 0.146107 0.470493 0.16837 0.454701 0.159847 0.548803 0.127818 0.555585 0.116986 0.577216 0.127483 0.567694 0.142692 0.442884 0.084616 0.442884 0.097397 0.41898 0.099979 0.41898 0.082034 0.479573 0.035906 0.470493 0.013643 0.539864 0.04506 0.555143 0.026496 0.491857 0.149635 0.48774 0.173323 0.445613 0.109882 0.422811 0.117509 0.548803 0.054195 0.567694 0.039321 0.613707 0.573514 0.605901 0.568945 0.616645 0.543183 0.630751 0.551415 0.025131 0.037772 0.037696 0.037772 0.037697 0.094763 0.025131 0.094763 0.113089 0.037772 0.125655 0.037772 0.125655 0.094763 0.113089 0.094763 0.201047 0.037772 0.201047 0.094763 0.012566 0.037772 0.012566 0.094763 0.289006 0.037772 0.301571 0.037772 0.301571 0.094763 0.289006 0.094763 0.100524 0.037772 0.100524 0.094763 0.188482 0.037772 0.188482 0.094763 0 0.037772 0 0.094763 0.27644 0.037772 0.27644 0.094763 0.087958 0.037772 0.087958 0.094763 0.175917 0.037772 0.175917 0.094763 0.263875 0.037772 0.263875 0.094763 0.075393 0.037772 0.075393 0.094763 0.163351 0.037772 0.163351 0.094763 0.251309 0.037772 0.251309 0.094763 0.062827 0.037772 0.062827 0.094763 0.150786 0.037772 0.150786 0.094763 0.238744 0.037772 0.238744 0.094763 0.050262 0.037772 0.050262 0.094763 0.13822 0.037772 0.13822 0.094763 0.542641 0.63879 0.554141 0.650389 0.53153 0.679912 0.513155 0.661454 0.560519 0.587459 0.558125 0.596189 0.53045 0.592469 0.534748 0.576707 0.587713 0.635249 0.596755 0.6353 0.600342 0.662973 0.58401 0.662906 0.620059 0.579946 0.642246 0.563016 0.565085 0.579643 0.542979 0.562597 0.578998 0.632858 0.568251 0.658615 0.624523 0.587797 0.650347 0.577196 0.571518 0.573278 0.554578 0.5511 0.571197 0.628292 0.626811 0.596546 0.654505 0.59299 0.579378 0.568796 0.568748 0.542991 0.56484 0.621859 0.626756 0.605599 0.654432 0.609323 0.58813 0.566502 0.584544 0.538815 0.560362 0.613995 0.534536 0.624607 0.624362 0.614331 0.650136 0.625082 0.613365 0.628519 0.619796 0.622151 0.64191 0.639195 0.630313 0.650698 0.597177 0.566553 0.600884 0.538884 0.558072 0.60524 0.530377 0.608807 0.605507 0.633005 0.616135 0.658809 0.500378 0.562494 0.493569 0.587637 0.465064 0.584098 0.473764 0.551693 0.691363 0.588111 0.6913 0.614147 0.55449 0.508754 0.57961 0.501867 0.500184 0.638865 0.684502 0.639282 0.671433 0.661802 0.652981 0.680174 0.605715 0.501981 0.493503 0.613687 0.630403 0.693147 0.630862 0.508812 0.605236 0.699833 0.653374 0.521903 0.579195 0.699778 0.671732 0.540365 0.513465 0.539975 0.554055 0.692984 0.684689 0.562947 0.531934 0.52163 0.659927 0.950822 0.636203 0.974544 0.633665 0.971254 0.656624 0.948301 0.609208 0.728268 0.575671 0.728273 0.670689 0.499012 0.694376 0.52273 0.490564 0.522646 0.543275 0.719597 0.711124 0.551768 0.514329 0.498945 0.514226 0.702829 0.719792 0.584152 0.543441 0.48219 0.490506 0.679111 0.719787 0.617678 0.575825 0.473452 0.473734 0.650058 0.711108 0.650063 0.694344 0.679101 0.670636 0.702813 0.609318 0.4735 0.465055 0.61765 0.641598 0.719584 0.641677 0.482223 0.580256 0.869759 0.580222 0.87562 0.578674 0.881277 0.575715 0.886345 0.571546 0.890473 0.566451 0.893381 0.560778 0.894871 0.554914 0.894842 0.549257 0.893295 0.544194 0.890337 0.540072 0.886169 0.53717 0.881079 0.535682 0.875407 0.535713 0.869541 0.537261 0.863882 0.540219 0.858816 0.544388 0.854689 0.549483 0.851781 0.555157 0.850291 0.561022 0.85032 0.566679 0.851867 0.571742 0.854825 0.575867 0.858994 0.578771 0.864088 0.456009 0.950823 0.439232 0.921769 0.443066 0.920169 0.459298 0.948285 0.508783 0.753839 0.541193 0.745154 0.541746 0.749273 0.510384 0.757674 0.676704 0.921767 0.672861 0.920187 0.685391 0.855809 0.68539 0.88936 0.681268 0.888828 0.681273 0.856362 0.479733 0.974544 0.482253 0.971241 0.479726 0.770616 0.482264 0.773906 0.676709 0.8234 0.672874 0.825 0.508787 0.991318 0.510367 0.987475 0.456001 0.794342 0.459304 0.796863 0.659935 0.794343 0.656645 0.796881 0.541193 1 0.541724 0.995879 0.439225 0.823401 0.443069 0.824981 0.636212 0.770617 0.633691 0.77392 0.574742 1 0.574188 0.995882 0.430543 0.855811 0.434664 0.856342 0.607155 0.75384 0.605575 0.757683 0.607148 0.991318 0.605547 0.987483 0.430546 0.889363 0.434664 0.888809 0.574746 0.745155 0.574215 0.749276 0.675541 0.888083 0.675548 0.857124 0.667542 0.827218 0.652068 0.800404 0.630181 0.778507 0.603373 0.763022 0.573469 0.755003 0.542509 0.754998 0.512602 0.763006 0.485787 0.778483 0.463892 0.800372 0.448408 0.827183 0.440392 0.857087 0.440389 0.888046 0.448398 0.91795 0.463874 0.944762 0.485762 0.966654 0.512569 0.982136 0.542469 0.990153 0.573426 0.990158 0.60333 0.982151 0.630142 0.966677 0.652037 0.944791 0.667522 0.917984 0.657595 0.913852 0.664882 0.88666 0.670468 0.88741 0.662796 0.916022 0.643518 0.93823 0.64798 0.941673 0.623611 0.958135 0.627031 0.962615 0.599232 0.972209 0.601375 0.977421 0.572041 0.979494 0.572762 0.985084 0.543891 0.979494 0.543141 0.98508 0.516701 0.972209 0.514531 0.97741 0.492322 0.958134 0.48888 0.962597 0.472416 0.93823 0.467937 0.94165 0.45834 0.913852 0.453128 0.915996 0.451053 0.88666 0.445463 0.887382 0.451051 0.858509 0.445465 0.857759 0.458337 0.831315 0.453135 0.829145 0.472412 0.806933 0.467949 0.803491 0.492319 0.787026 0.488899 0.782546 0.5167 0.772949 0.514557 0.767736 0.543894 0.765663 0.543173 0.760073 0.572047 0.765663 0.572797 0.760077 0.59924 0.77295 0.60141 0.767749 0.62362 0.787027 0.627063 0.782565 0.643525 0.806935 0.648006 0.803515 0.6576 0.831316 0.662812 0.829172 0.664884 0.858508 0.670474 0.857787 0.511604 0.706269 0.487083 0.681754 0.509218 0.709387 0.483971 0.68415 0.511688 0.495515 0.541771 0.478197 0.509295 0.492398 0.540263 0.47457 0.715113 0.550103 0.724076 0.583575 0.718737 0.548598 0.727966 0.583058 0.541633 0.723598 0.540136 0.727227 0.487126 0.520019 0.484008 0.517629 0.697798 0.520091 0.700909 0.517699 0.575121 0.732562 0.574615 0.736455 0.469763 0.550047 0.466132 0.548547 0.673312 0.495578 0.675699 0.492463 0.609786 0.732553 0.610305 0.736444 0.460774 0.583545 0.456879 0.583037 0.643323 0.478227 0.644824 0.474603 0.643265 0.723572 0.644773 0.727197 0.460768 0.618227 0.456875 0.618744 0.609875 0.469216 0.610387 0.465327 0.673278 0.706234 0.675673 0.709345 0.715106 0.651705 0.697782 0.681722 0.718735 0.653201 0.700899 0.684106 0.469743 0.651725 0.466116 0.653233 0.575247 0.46917 0.574729 0.465279 0.724074 0.618229 0.727966 0.618736 0.644527 0.884101 0.64456 0.861305 0.638692 0.839277 0.627322 0.819519 0.611226 0.803377 0.5915 0.791951 0.569489 0.786019 0.546692 0.785987 0.524664 0.791857 0.504905 0.803229 0.488763 0.819327 0.477338 0.839054 0.471407 0.861066 0.471377 0.883862 0.477247 0.905889 0.488618 0.925645 0.504714 0.941786 0.524439 0.95321 0.546449 0.95914 0.569244 0.959171 0.59127 0.953302 0.611027 0.941932 0.627169 0.925837 0.638595 0.906111 0.632928 0.882606 0.632969 0.862863 0.627899 0.843782 0.618063 0.826663 0.604132 0.812674 0.587054 0.802767 0.567994 0.797618 0.54825 0.797578 0.529169 0.80265 0.51205 0.812487 0.498061 0.826421 0.488155 0.8435 0.483006 0.86256 0.482967 0.882303 0.488038 0.901384 0.497875 0.918501 0.511807 0.932489 0.528884 0.942394 0.547943 0.947542 0.567685 0.947582 0.586765 0.942511 0.603883 0.932674 0.617872 0.918743 0.627779 0.901665 0.610563 0.879699 0.610613 0.865843 0.607077 0.852447 0.600193 0.840423 0.590432 0.83059 0.578459 0.823618 0.565089 0.819984 0.551233 0.819934 0.537836 0.823472 0.525811 0.830358 0.515978 0.84012 0.509007 0.852095 0.505372 0.865466 0.505322 0.879321 0.50886 0.892717 0.515745 0.904741 0.525505 0.914573 0.537479 0.921543 0.550848 0.925177 0.564703 0.925227 0.578099 0.921689 0.590123 0.914804 0.599956 0.905043 0.606928 0.893069 0.460174 0.325561 0.442318 0.324029 0.423748 0.322649 0.405117 0.321558 0.386457 0.3206 0.367761 0.319762 0.34903 0.319052 0.33027 0.318476 0.311489 0.318038 0.292695 0.31774 0.273893 0.317585 0.25509 0.31757 0.236288 0.317696 0.217494 0.317962 0.198709 0.318365 0.179938 0.318904 0.161183 0.319576 0.14245 0.320376 0.12374 0.321299 0.105056 0.322336 0.086398 0.323476 0.067761 0.324712 0.049135 0.32604 0.030546 0.327425 0.012818 0.328998 0.038529 0.201206 0.042976 0.244982 0.024617 0.247231 0.019233 0.203855 0.006662 0.250258 0 0.206994 0.057923 0.198949 0.06169 0.243118 0.077404 0.197014 0.080623 0.241484 0.096947 0.195352 0.099695 0.240035 0.116534 0.193928 0.118859 0.238758 0.136149 0.192716 0.138084 0.237648 0.155783 0.191697 0.157354 0.236702 0.17543 0.190857 0.176654 0.235914 0.195086 0.190185 0.195978 0.235284 0.214753 0.189673 0.21532 0.234808 0.23443 0.189317 0.234677 0.234487 0.254121 0.189114 0.254047 0.234319 0.273829 0.189066 0.273428 0.234309 0.29356 0.189176 0.292817 0.234459 0.313317 0.189454 0.312213 0.234777 0.333107 0.18991 0.33161 0.235273 0.352933 0.190563 0.351 0.235959 0.372799 0.191441 0.370368 0.236854 0.392709 0.192581 0.389688 0.237978 0.412663 0.194041 0.408921 0.239359 0.432658 0.195908 0.428011 0.241037 0.452682 0.198303 0.446956 0.243115 0.472378 0.201174 0.466264 0.246294 </float_array>
          <technique_common>
            <accessor count="1728" offset="0" source="#meshId0-tex0-array" stride="2">
              <param name="S" type="float" />
              <param name="T" type="float" />
            </accessor>
          </technique_common>
        </source>
        <vertices id="meshId0-vertices">
          <input semantic="POSITION" source="#meshId0-positions" />
        </vertices>
        <polylist count="2692" material="defaultMaterial">
          <input offset="0" semantic="VERTEX" source="#meshId0-vertices" />
          <input offset="0" semantic="NORMAL" source="#meshId0-normals" />
          <input offset="0" semantic="TANGENT" source="#meshId0-tangents" />
          <input offset="0" semantic="BINORMAL" source="#meshId0-bitangents" />
          <input offset="0" semantic="TEXCOORD" source="#meshId0-tex0" set="0" />
          <vcount>3 3 3 3 3 3 3 3 3 3 3 3 3 3 3 3 3 3 3 3 3 3 3 3 3 3 3 3 3 3 3 3 3 3 3 3 3 3 3 3 3 3 3 3 3 3 3 3 3 3 3 3 3 3 3 3 3 3 3 3 3 3 3 3 3 3 3 3 3 3 3 3 3 3 3 3 3 3 3 3 3 3 3 3 3 3 3 3 3 3 3 3 3 3 3 3 3 3 3 3 3 3 3 3 3 3 3 3 3 3 3 3 3 3 3 3 3 3 3 3 3 3 3 3 3 3 3 3 3 3 3 3 3 3 3 3 3 3 3 3 3 3 3 3 3 3 3 3 3 3 3 3 3 3 3 3 3 3 3 3 3 3 3 3 3 3 3 3 3 3 3 3 3 3 3 3 3 3 3 3 3 3 3 3 3 3 3 3 3 3 3 3 3 3 3 3 3 3 3 3 3 3 3 3 3 3 3 3 3 3 3 3 3 3 3 3 3 3 3 3 3 3 3 3 3 3 3 3 3 3 3 3 3 3 3 3 3 3 3 3 3 3 3 3 3 3 3 3 3 3 3 3 3 3 3 3 3 3 3 3 3 3 3 3 3 3 3 3 3 3 3 3 3 3 3 3 3 3 3 3 3 3 3 3 3 3 3 3 3 3 3 3 3 3 3 3 3 3 3 3 3 3 3 3 3 3 3 3 3 3 3 3 3 3 3 3 3 3 3 3 3 3 3 3 3 3 3 3 3 3 3 3 3 3 3 3 3 3 3 3 3 3 3 3 3 3 3 3 3 3 3 3 3 3 3 3 3 3 3 3 3 3 3 3 3 3 3 3 3 3 3 3 3 3 3 3 3 3 3 3 3 3 3 3 3 3 3 3 3 3 3 3 3 3 3 3 3 3 3 3 3 3 3 3 3 3 3 3 3 3 3 3 3 3 3 3 3 3 3 3 3 3 3 3 3 3 3 3 3 3 3 3 3 3 3 3 3 3 3 3 3 3 3 3 3 3 3 3 3 3 3 3 3 3 3 3 3 3 3 3 3 3 3 3 3 3 3 3 3 3 3 3 3 3 3 3 3 3 3 3 3 3 3 3 3 3 3 3 3 3 3 3 3 3 3 3 3 3 3 3 3 3 3 3 3 3 3 3 3 3 3 3 3 3 3 3 3 3 3 3 3 3 3 3 3 3 3 3 3 3 3 3 3 3 3 3 3 3 3 3 3 3 3 3 3 3 3 3 3 3 3 3 3 3 3 3 3 3 3 3 3 3 3 3 3 3 3 3 3 3 3 3 3 3 3 3 3 3 3 3 3 3 3 3 3 3 3 3 3 3 3 3 3 3 3 3 3 3 3 3 3 3 3 3 3 3 3 3 3 3 3 3 3 3 3 3 3 3 3 3 3 3 3 3 3 3 3 3 3 3 3 3 3 3 3 3 3 3 3 3 3 3 3 3 3 3 3 3 3 3 3 3 3 3 3 3 3 3 3 3 3 3 3 3 3 3 3 3 3 3 3 3 3 3 3 3 3 3 3 3 3 3 3 3 3 3 3 3 3 3 3 3 3 3 3 3 3 3 3 3 3 3 3 3 3 3 3 3 3 3 3 3 3 3 3 3 3 3 3 3 3 3 3 3 3 3 3 3 3 3 3 3 3 3 3 3 3 3 3 3 3 3 3 3 3 3 3 3 3 3 3 3 3 3 3 3 3 3 3 3 3 3 3 3 3 3 3 3 3 3 3 3 3 3 3 3 3 3 3 3 3 3 3 3 3 3 3 3 3 3 3 3 3 3 3 3 3 3 3 3 3 3 3 3 3 3 3 3 3 3 3 3 3 3 3 3 3 3 3 3 3 3 3 3 3 3 3 3 3 3 3 3 3 3 3 3 3 3 3 3 3 3 3 3 3 3 3 3 3 3 3 3 3 3 3 3 3 3 3 3 3 3 3 3 3 3 3 3 3 3 3 3 3 3 3 3 3 3 3 3 3 3 3 3 3 3 3 3 3 3 3 3 3 3 3 3 3 3 3 3 3 3 3 3 3 3 3 3 3 3 3 3 3 3 3 3 3 3 3 3 3 3 3 3 3 3 3 3 3 3 3 3 3 3 3 3 3 3 3 3 3 3 3 3 3 3 3 3 3 3 3 3 3 3 3 3 3 3 3 3 3 3 3 3 3 3 3 3 3 3 3 3 3 3 3 3 3 3 3 3 3 3 3 3 3 3 3 3 3 3 3 3 3 3 3 3 3 3 3 3 3 3 3 3 3 3 3 3 3 3 3 3 3 3 3 3 3 3 3 3 3 3 3 3 3 3 3 3 3 3 3 3 3 3 3 3 3 3 3 3 3 3 3 3 3 3 3 3 3 3 3 3 3 3 3 3 3 3 3 3 3 3 3 3 3 3 3 3 3 3 3 3 3 3 3 3 3 3 3 3 3 3 3 3 3 3 3 3 3 3 3 3 3 3 3 3 3 3 3 3 3 3 3 3 3 3 3 3 3 3 3 3 3 3 3 3 3 3 3 3 3 3 3 3 3 3 3 3 3 3 3 3 3 3 3 3 3 3 3 3 3 3 3 3 3 3 3 3 3 3 3 3 3 3 3 3 3 3 3 3 3 3 3 3 3 3 3 3 3 3 3 3 3 3 3 3 3 3 3 3 3 3 3 3 3 3 3 3 3 3 3 3 3 3 3 3 3 3 3 3 3 3 3 3 3 3 3 3 3 3 3 3 3 3 3 3 3 3 3 3 3 3 3 3 3 3 3 3 3 3 3 3 3 3 3 3 3 3 3 3 3 3 3 3 3 3 3 3 3 3 3 3 3 3 3 3 3 3 3 3 3 3 3 3 3 3 3 3 3 3 3 3 3 3 3 3 3 3 3 3 3 3 3 3 3 3 3 3 3 3 3 3 3 3 3 3 3 3 3 3 3 3 3 3 3 3 3 3 3 3 3 3 3 3 3 3 3 3 3 3 3 3 3 3 3 3 3 3 3 3 3 3 3 3 3 3 3 3 3 3 3 3 3 3 3 3 3 3 3 3 3 3 3 3 3 3 3 3 3 3 3 3 3 3 3 3 3 3 3 3 3 3 3 3 3 3 3 3 3 3 3 3 3 3 3 3 3 3 3 3 3 3 3 3 3 3 3 3 3 3 3 3 3 3 3 3 3 3 3 3 3 3 3 3 3 3 3 3 3 3 3 3 3 3 3 3 3 3 3 3 3 3 3 3 3 3 3 3 3 3 3 3 3 3 3 3 3 3 3 3 3 3 3 3 3 3 3 3 3 3 3 3 3 3 3 3 3 3 3 3 3 3 3 3 3 3 3 3 3 3 3 3 3 3 3 3 3 3 3 3 3 3 3 3 3 3 3 3 3 3 3 3 3 3 3 3 3 3 3 3 3 3 3 3 3 3 3 3 3 3 3 3 3 3 3 3 3 3 3 3 3 3 3 3 3 3 3 3 3 3 3 3 3 3 3 3 3 3 3 3 3 3 3 3 3 3 3 3 3 3 3 3 3 3 3 3 3 3 3 3 3 3 3 3 3 3 3 3 3 3 3 3 3 3 3 3 3 3 3 3 3 3 3 3 3 3 3 3 3 3 3 3 3 3 3 3 3 3 3 3 3 3 3 3 3 3 3 3 3 3 3 3 3 3 3 3 3 3 3 3 3 3 3 3 3 3 3 3 3 3 3 3 3 3 3 3 3 3 3 3 3 3 3 3 3 3 3 3 3 3 3 3 3 3 3 3 3 3 3 3 3 3 3 3 3 3 3 3 3 3 3 3 3 3 3 3 3 3 3 3 3 3 3 3 3 3 3 3 3 3 3 3 3 3 3 3 3 3 3 3 3 3 3 3 3 3 3 3 3 3 3 3 3 3 3 3 3 3 3 3 3 3 3 3 3 3 3 3 3 3 3 3 3 3 3 3 3 3 3 3 3 3 3 3 3 3 3 3 3 3 3 3 3 3 3 3 3 3 3 3 3 3 3 3 3 3 3 3 3 3 3 3 3 3 3 3 3 3 3 3 3 3 3 3 3 3 3 3 3 3 3 3 3 3 3 3 3 3 3 3 3 3 3 3 3 3 3 3 3 3 3 3 3 3 3 3 3 3 3 3 3 3 3 3 3 3 3 3 3 3 3 3 3 3 3 3 3 3 3 3 3 3 3 3 3 3 3 3 3 3 3 3 3 3 3 3 3 3 3 3 3 3 3 3 3 3 3 3 3 3 3 3 3 3 3 3 3 3 3 3 3 3 3 3 3 3 3 3 3 3 3 3 3 3 3 3 3 3 3 3 3 3 3 3 3 3 3 3 3 3 3 3 3 3 3 3 3 3 3 3 3 3 3 3 3 3 3 3 3 3 3 3 3 3 3 3 3 3 3 3 3 3 3 3 3 3 3 3 3 3 3 3 3 3 3 3 3 3 3 3 3 3 3 3 3 3 3 3 3 3 3 3 3 3 3 3 3 3 3 3 3 3 3 3 3 3 3 3 3 3 3 3 3 3 3 3 3 3 3 3 3 3 3 3 3 3 3 3 3 3 3 3 3 3 3 3 3 3 3 3 3 3 3 3 3 3 3 3 3 3 3 3 3 3 3 3 3 3 3 3 3 3 3 3 3 3 3 3 3 3 3 3 3 3 3 3 3 3 3 3 3 3 3 3 3 3 3 3 3 3 3 3 3 3 3 3 3 3 3 3 3 3 3 3 3 3 3 3 3 3 3 3 3 3 3 3 3 3 3 3 3 3 3 3 3 3 3 3 3 3 3 3 3 3 3 3 3 3 3 3 3 3 3 3 3 3 3 3 3 3 3 3 3 3 3 3 3 3 3 3 3 3 3 3 3 3 3 3 3 3 3 3 3 3 3 3 3 3 3 3 3 3 3 3 3 3 3 3 3 3 3 3 3 3 3 3 3 3 3 3 3 3 3 3 3 3 3 3 3 3 3 3 3 3 3 3 3 3 3 3 3 3 3 3 3 3 3 3 3 3 3 3 3 3 3 3 3 3 3 3 3 3 3 3 3 3 3 3 3 3 3 3 3 3 3 3 3 3 3 3 3 3 3 3 3 3 3 3 3 3 3 3 3 3 3 3 3 3 3 3 3 3 3 3 3 3 3 3 3 3 3 3 3 3 3 3 3 3 3 3 3 3 3 3 3 3 3 3 3 3 3 3 3 3 3 3 3 3 3 3 3 3 3 3 3 3 3 3 3 3 3 3 3 3 3 3 3 3 3 3 3 3 3 3 3 3 3 3 3 3 3 3 3 3 3 3 3 3 3 3 3 3 3 3 3 3 3 3 3 3 3 3 3 3 3 3 3 3 3 3 3 3 3 3 3 3 3 3 3 3 3 3 3 3 3 3 3 3 3 3 3 3 3 3 3 3 3 3 3 3 3 3 3 3 3 3 3 3 3 3 3 3 3 3 3 3 3 3 3 3 3 3 3 3 3 3 3 3 3 3 3 3 3 3 3 3 3 3 3 3 3 3 3 3 3 3 3 3 3 3 3 3 3 3 3 3 3 3 3 3 3 3 3 3 3 3 3 3 3 3 3 3 3 3 3 3 3 3 3 3 3 3 3 3 3 3 3 3 3 3 3 3 3 3 3 3 3 3 3 3 3 3 3 3 3 3 3 3 3 3 3 3 3 3 3 3 3 3 3 3 3 3 3 3 3 3 3 3 3 3 3 3 3 3 3 3 3 3 3 3 3 3 3 3 3 3 3 3 3 3 3 3 3 3 3 3 3 3 3 3 3 3 3 3 3 3 3 3 3 3 3 3 3 3 3 3 3 3 3 3 3 3 3 3 3 3 3 3 3 3 3 3 3 3 3 3 3 3 3 3 3 3 3 3 3 3 3 3 3 3 3 3 3 3 3 3 3 3 3 3 3 3 3 3 3 3 3 3 3 3 3 3 3 3 3 3 3 3 3 3 3 3 3 3 3 3 3 3 3 3 3 3 3 3 3 3 3 3 3 3 3 3 3 3 3 3 3 3 3 3 3 3 3 3 3 3 3 3 3 3 3 3 3 3 3 3 3 3 3 3 3 3 </vcount>
          <p>3 0 1 1 2 3 7 4 5 5 6 7 11 8 9 9 10 11 6 5 12 12 13 6 17 14 15 15 16 17 21 18 19 19 20 21 18 22 23 23 19 18 14 24 25 25 15 14 29 26 27 27 28 29 31 30 22 22 18 31 33 32 24 24 14 33 12 34 26 26 29 12 36 35 30 30 31 36 38 37 32 32 33 38 41 39 40 40 34 41 5 41 34 34 12 5 1 42 35 35 36 1 8 43 44 44 9 8 46 45 39 39 41 46 4 46 41 41 5 4 0 47 42 42 1 0 49 48 43 43 8 49 51 50 46 46 4 51 53 52 47 47 0 53 55 54 48 48 49 55 57 56 50 50 51 57 61 58 59 59 60 61 63 62 52 52 53 63 19 23 54 54 55 19 60 59 56 56 57 60 25 64 65 65 58 25 15 25 58 58 61 15 28 27 62 62 63 28 69 66 67 67 68 69 73 70 71 71 72 73 75 69 68 68 74 75 70 76 77 77 71 70 79 73 72 72 78 79 83 80 81 81 82 83 87 84 85 85 86 87 66 88 89 89 67 66 93 90 91 91 92 93 97 94 95 95 96 97 101 98 99 99 100 101 103 102 88 88 66 103 107 104 105 105 106 107 90 108 87 87 91 90 112 109 110 110 111 112 94 113 114 114 95 94 102 115 116 116 88 102 104 117 118 118 105 104 108 119 84 84 87 108 109 120 121 121 110 109 113 122 123 123 114 113 115 124 125 125 116 115 117 126 127 127 118 117 119 128 129 129 84 119 133 130 131 131 132 133 137 134 135 135 136 137 124 138 139 139 125 124 143 140 141 141 142 143 146 144 83 83 145 146 150 147 148 148 149 150 153 151 75 75 152 153 144 154 80 80 83 144 158 155 156 156 157 158 160 159 73 73 79 160 162 161 76 76 70 162 151 163 69 69 75 151 154 93 92 92 80 154 155 164 165 165 156 155 159 162 70 70 73 159 161 97 96 96 76 161 163 103 66 66 69 163 67 28 63 63 68 67 16 15 61 61 77 16 71 60 57 57 72 71 20 19 55 55 81 20 68 63 53 53 74 68 77 61 60 60 71 77 72 57 51 51 78 72 81 55 49 49 82 81 74 53 0 0 3 74 78 51 4 4 7 78 82 49 8 8 11 82 2 1 36 36 85 2 167 38 33 33 166 167 85 36 31 31 86 85 13 12 29 29 89 13 166 33 14 14 17 166 86 31 18 18 21 86 89 29 28 28 67 89 22 107 168 168 23 22 24 112 64 64 25 24 26 98 101 101 27 26 30 104 107 107 22 30 32 109 112 112 24 32 34 40 98 98 26 34 35 117 104 104 30 35 37 120 109 109 32 37 42 126 117 117 35 42 43 130 133 133 44 43 47 169 126 126 42 47 48 170 130 130 43 48 50 158 45 45 46 50 52 171 169 169 47 52 54 172 170 170 48 54 56 155 158 158 50 56 58 65 164 164 59 58 62 173 171 171 52 62 23 168 172 172 54 23 59 164 155 155 56 59 27 101 173 173 62 27 76 96 16 16 77 76 80 92 20 20 81 80 152 75 74 74 3 152 139 79 78 78 7 139 145 83 82 82 11 145 129 152 3 3 2 129 125 139 7 7 6 125 174 145 11 11 10 174 84 129 2 2 85 84 116 125 6 6 13 116 114 123 167 167 166 114 88 116 13 13 89 88 95 114 166 166 17 95 91 87 86 86 21 91 96 95 17 17 16 96 92 91 21 21 20 92 168 107 106 106 175 168 64 112 111 111 176 64 98 40 177 177 99 98 40 39 178 178 177 40 39 45 179 179 178 39 126 169 180 180 127 126 130 170 181 181 131 130 45 158 157 157 179 45 169 171 182 182 180 169 170 172 183 183 181 170 164 65 184 184 165 164 171 173 185 185 182 171 172 168 175 175 183 172 65 64 176 176 184 65 173 101 100 100 185 173 187 186 147 147 150 187 191 188 189 189 190 191 193 192 134 134 137 193 190 189 140 140 143 190 197 194 195 195 196 197 196 195 186 186 187 196 199 198 188 188 191 199 136 135 200 200 201 136 201 200 202 202 203 201 207 204 205 205 206 207 211 208 209 209 210 211 215 212 213 213 214 215 219 216 217 217 218 219 223 220 221 221 222 223 214 213 208 208 211 214 225 224 212 212 215 225 227 226 216 216 219 227 229 228 220 220 223 229 231 230 224 224 225 231 233 232 226 226 227 233 235 234 228 228 229 235 237 236 230 230 231 237 239 238 232 232 233 239 241 240 234 234 235 241 243 242 236 236 237 243 245 244 238 238 239 245 205 246 240 240 241 205 248 247 242 242 243 248 250 249 244 244 245 250 204 251 246 246 205 204 253 252 247 247 248 253 210 209 249 249 250 210 218 217 251 251 204 218 222 221 252 252 253 222 257 254 255 255 256 257 259 253 248 248 258 259 261 210 250 250 260 261 262 218 204 204 207 262 263 222 253 253 259 263 264 211 210 210 261 264 266 215 214 214 265 266 267 219 218 218 262 267 268 223 222 222 263 268 265 214 211 211 264 265 269 225 215 215 266 269 270 227 219 219 267 270 271 229 223 223 268 271 272 231 225 225 269 272 273 233 227 227 270 273 274 235 229 229 271 274 275 237 231 231 272 275 276 239 233 233 273 276 277 241 235 235 274 277 278 243 237 237 275 278 279 245 239 239 276 279 206 205 241 241 277 206 258 248 243 243 278 258 260 250 245 245 279 260 303 280 281 303 281 282 303 282 283 303 283 284 303 284 285 303 285 286 303 286 287 303 287 288 303 288 289 303 289 290 303 290 291 303 291 292 303 292 293 303 293 294 303 294 295 303 295 296 303 296 297 303 297 298 303 298 299 303 299 300 303 300 301 301 302 303 307 304 305 305 306 307 311 308 309 309 310 311 313 312 254 254 257 313 315 314 304 304 307 315 317 316 308 308 311 317 319 318 312 312 313 319 321 320 314 314 315 321 323 322 316 316 317 323 325 324 318 318 319 325 327 326 320 320 321 327 329 328 322 322 323 329 331 330 324 324 325 331 333 332 326 326 327 333 335 334 328 328 329 335 337 336 330 330 331 337 339 338 332 332 333 339 343 340 341 341 342 343 345 344 334 334 335 345 347 346 336 336 337 347 342 341 348 348 349 342 256 255 340 340 343 256 306 305 344 344 345 306 310 309 346 346 347 310 353 350 351 351 352 353 352 351 354 354 355 352 355 354 356 356 357 355 357 356 358 358 359 357 359 358 360 360 361 359 361 360 362 362 363 361 363 362 364 364 365 363 365 364 366 366 367 365 367 366 368 368 369 367 369 368 370 370 371 369 371 370 372 372 373 371 373 372 374 374 375 373 375 374 376 376 377 375 377 376 378 378 379 377 379 378 380 380 381 379 381 380 382 382 383 381 383 382 384 384 385 383 385 384 386 386 387 385 387 386 388 388 389 387 389 388 390 390 391 389 391 390 392 392 393 391 393 392 394 394 395 393 395 394 396 396 397 395 397 396 350 350 353 397 350 398 399 399 351 350 351 399 400 400 354 351 354 400 401 401 356 354 356 401 402 402 358 356 358 402 403 403 360 358 360 403 404 404 362 360 362 404 405 405 364 362 364 405 406 406 366 364 366 406 407 407 368 366 368 407 408 408 370 368 370 408 409 409 372 370 372 409 410 410 374 372 374 410 411 411 376 374 376 411 412 412 378 376 378 412 413 413 380 378 380 413 414 414 382 380 382 414 415 415 384 382 384 415 416 416 386 384 386 416 417 417 388 386 388 417 418 418 390 388 390 418 419 419 392 390 392 419 420 420 394 392 394 420 421 421 396 394 396 421 398 398 350 396 398 281 280 280 399 398 399 280 303 303 400 399 400 303 302 302 401 400 401 302 301 301 402 401 402 301 300 300 403 402 403 300 299 299 404 403 404 299 298 298 405 404 405 298 297 297 406 405 406 297 296 296 407 406 407 296 295 295 408 407 408 295 294 294 409 408 409 294 293 293 410 409 410 293 292 292 411 410 411 292 291 291 412 411 412 291 290 290 413 412 413 290 289 289 414 413 414 289 288 288 415 414 415 288 287 287 416 415 416 287 286 286 417 416 417 286 285 285 418 417 418 285 284 284 419 418 419 284 283 283 420 419 420 283 282 282 421 420 421 282 281 281 398 421 425 422 423 423 424 425 427 425 424 424 426 427 429 427 426 426 428 429 433 430 431 431 432 433 437 434 435 435 436 437 422 438 439 439 423 422 438 440 434 434 439 438 442 422 425 425 441 442 446 443 444 444 445 446 432 431 447 447 448 432 450 449 430 430 433 450 448 447 451 451 452 448 456 453 454 454 455 456 460 457 458 458 459 460 462 461 453 453 456 462 459 458 461 461 462 459 464 434 440 440 463 464 463 440 465 465 466 463 467 435 434 434 464 467 469 429 428 428 468 469 447 456 455 455 451 447 449 460 459 459 430 449 431 462 456 456 447 431 430 459 462 462 431 430 475 470 471 475 471 472 475 472 473 473 474 475 477 426 424 424 476 477 478 439 434 434 437 478 476 424 423 423 479 476 480 428 426 426 477 480 479 423 439 439 478 479 486 481 482 486 482 483 486 483 484 484 485 486 488 427 429 429 487 488 489 438 422 422 442 489 491 465 440 440 490 491 441 425 427 427 488 441 490 440 438 438 489 490 495 492 493 493 494 495 497 495 494 494 496 497 501 498 499 499 500 501 503 501 500 500 502 503 509 504 505 509 505 506 509 506 507 507 508 509 492 510 511 511 493 492 510 503 502 502 511 510 517 512 513 517 513 514 517 514 515 515 516 517 521 518 519 519 520 521 523 521 520 520 522 523 525 523 522 522 524 525 527 525 524 524 526 527 518 528 529 529 519 518 528 530 531 531 529 528 537 532 533 537 533 534 537 534 535 535 536 537 541 538 539 539 540 541 543 541 540 540 542 543 545 543 542 542 544 545 547 545 544 544 546 547 538 548 549 549 539 538 548 550 551 551 549 548 557 552 553 557 553 554 557 554 555 555 556 557 561 558 559 559 560 561 563 561 560 560 562 563 565 563 562 562 564 565 569 566 567 567 568 569 558 570 571 571 559 558 570 569 568 568 571 570 577 572 573 577 573 574 577 574 575 575 576 577 581 578 579 579 580 581 583 581 580 580 582 583 585 583 582 582 584 585 589 586 587 587 588 589 578 590 591 591 579 578 590 589 588 588 591 590 597 592 593 597 593 594 597 594 595 595 596 597 601 598 599 599 600 601 603 601 600 600 602 603 605 603 602 602 604 605 607 605 604 604 606 607 609 607 606 606 608 609 611 609 608 608 610 611 613 611 610 610 612 613 615 613 612 612 614 615 617 615 614 614 616 617 619 617 616 616 618 619 621 619 618 618 620 621 623 621 620 620 622 623 625 623 622 622 624 625 627 625 624 624 626 627 629 627 626 626 628 629 631 629 628 628 630 631 633 631 630 630 632 633 635 633 632 632 634 635 637 635 634 634 636 637 639 637 636 636 638 639 641 639 638 638 640 641 643 641 640 640 642 643 647 644 645 645 646 647 651 648 649 649 650 651 648 643 642 642 649 648 655 652 653 653 654 655 659 656 657 657 658 659 661 659 658 658 660 661 656 662 663 663 657 656 662 664 665 665 663 662 664 666 667 667 665 664 666 668 669 669 667 666 668 670 671 671 669 668 670 672 673 673 671 670 672 674 675 675 673 672 674 676 677 677 675 674 676 678 679 679 677 676 678 680 681 681 679 678 680 682 683 683 681 680 682 684 685 685 683 682 684 686 687 687 685 684 686 688 689 689 687 686 688 690 691 691 689 688 690 692 693 693 691 690 692 694 695 695 693 692 694 696 697 697 695 694 696 698 699 699 697 696 698 700 701 701 699 698 700 702 703 703 701 700 702 704 705 705 703 702 709 706 707 707 708 709 711 709 708 708 710 711 706 712 713 713 707 706 712 714 715 715 713 712 714 716 717 717 715 714 716 718 719 719 717 716 718 720 721 721 719 718 720 722 723 723 721 720 722 724 725 725 723 722 724 726 727 727 725 724 726 728 729 729 727 726 728 730 731 731 729 728 730 732 733 733 731 730 732 734 735 735 733 732 734 736 737 737 735 734 736 738 739 739 737 736 738 740 741 741 739 738 740 742 743 743 741 740 742 744 745 745 743 742 744 746 747 747 745 744 746 748 749 749 747 746 748 750 751 751 749 748 750 752 753 753 751 750 752 754 755 755 753 752 708 707 756 756 757 708 710 708 757 757 758 710 707 713 759 759 756 707 713 715 760 760 759 713 715 717 761 761 760 715 717 719 762 762 761 717 719 721 763 763 762 719 721 723 764 764 763 721 723 725 765 765 764 723 725 727 766 766 765 725 727 729 767 767 766 727 729 731 768 768 767 729 731 733 769 769 768 731 733 735 770 770 769 733 735 737 771 771 770 735 737 739 772 772 771 737 739 741 773 773 772 739 741 743 774 774 773 741 743 745 775 775 774 743 745 747 776 776 775 745 747 749 777 777 776 747 749 751 778 778 777 749 751 753 779 779 778 751 753 755 780 780 779 753 757 756 781 781 782 757 758 757 782 782 783 758 756 759 784 784 781 756 759 760 785 785 784 759 760 761 786 786 785 760 761 762 787 787 786 761 762 763 788 788 787 762 763 764 789 789 788 763 764 765 790 790 789 764 765 766 791 791 790 765 766 767 792 792 791 766 767 768 793 793 792 767 768 769 794 794 793 768 769 770 795 795 794 769 770 771 796 796 795 770 771 772 797 797 796 771 772 773 798 798 797 772 773 774 799 799 798 773 774 775 800 800 799 774 775 776 801 801 800 775 776 777 802 802 801 776 777 778 803 803 802 777 778 779 804 804 803 778 779 780 805 805 804 779 807 806 754 754 752 807 808 807 752 752 750 808 809 808 750 750 748 809 810 809 748 748 746 810 811 810 746 746 744 811 812 811 744 744 742 812 813 812 742 742 740 813 814 813 740 740 738 814 815 814 738 738 736 815 816 815 736 736 734 816 817 816 734 734 732 817 818 817 732 732 730 818 819 818 730 730 728 819 820 819 728 728 726 820 821 820 726 726 724 821 822 821 724 724 722 822 823 822 722 722 720 823 824 823 720 720 718 824 825 824 718 718 716 825 826 825 716 716 714 826 827 826 714 714 712 827 828 827 712 712 706 828 830 829 709 709 711 830 829 828 706 706 709 829 832 831 704 704 702 832 833 832 702 702 700 833 834 833 700 700 698 834 835 834 698 698 696 835 836 835 696 696 694 836 837 836 694 694 692 837 838 837 692 692 690 838 839 838 690 690 688 839 840 839 688 688 686 840 841 840 686 686 684 841 842 841 684 684 682 842 843 842 682 682 680 843 844 843 680 680 678 844 845 844 678 678 676 845 846 845 676 676 674 846 847 846 674 674 672 847 848 847 672 672 670 848 849 848 670 670 668 849 850 849 668 668 666 850 851 850 666 666 664 851 852 851 664 664 662 852 853 852 662 662 656 853 855 854 659 659 661 855 854 853 656 656 659 854 658 657 828 828 829 658 660 658 829 829 830 660 657 663 827 827 828 657 663 665 826 826 827 663 665 667 825 825 826 665 667 669 824 824 825 667 669 671 823 823 824 669 671 673 822 822 823 671 673 675 821 821 822 673 675 677 820 820 821 675 677 679 819 819 820 677 679 681 818 818 819 679 681 683 817 817 818 681 683 685 816 816 817 683 685 687 815 815 816 685 687 689 814 814 815 687 689 691 813 813 814 689 691 693 812 812 813 691 693 695 811 811 812 693 695 697 810 810 811 695 697 699 809 809 810 697 699 701 808 808 809 699 701 703 807 807 808 701 703 705 806 806 807 703 857 856 853 853 854 857 858 857 854 854 855 858 856 859 852 852 853 856 859 860 851 851 852 859 860 861 850 850 851 860 861 862 849 849 850 861 862 863 848 848 849 862 863 864 847 847 848 863 864 865 846 846 847 864 865 866 845 845 846 865 866 867 844 844 845 866 867 868 843 843 844 867 868 869 842 842 843 868 869 870 841 841 842 869 870 871 840 840 841 870 871 872 839 839 840 871 872 873 838 838 839 872 873 874 837 837 838 873 874 875 836 836 837 874 875 876 835 835 836 875 876 877 834 834 835 876 877 878 833 833 834 877 878 879 832 832 833 878 879 880 831 831 832 879 884 881 882 882 883 884 886 884 883 883 885 886 881 887 888 888 882 881 887 889 890 890 888 887 889 891 892 892 890 889 891 893 894 894 892 891 893 895 896 896 894 893 895 897 898 898 896 895 897 899 900 900 898 897 899 901 902 902 900 899 901 903 904 904 902 901 903 905 906 906 904 903 905 907 908 908 906 905 907 909 910 910 908 907 909 911 912 912 910 909 911 913 914 914 912 911 913 915 916 916 914 913 915 917 918 918 916 915 917 919 920 920 918 917 919 921 922 922 920 919 921 923 924 924 922 921 923 925 926 926 924 923 925 927 928 928 926 925 927 929 930 930 928 927 883 882 643 643 648 883 885 883 648 648 651 885 882 888 641 641 643 882 888 890 639 639 641 888 890 892 637 637 639 890 892 894 635 635 637 892 894 896 633 633 635 894 896 898 631 631 633 896 898 900 629 629 631 898 900 902 627 627 629 900 902 904 625 625 627 902 904 906 623 623 625 904 906 908 621 621 623 906 908 910 619 619 621 908 910 912 617 617 619 910 912 914 615 615 617 912 914 916 613 613 615 914 916 918 611 611 613 916 918 920 609 609 611 918 920 922 607 607 609 920 922 924 605 605 607 922 924 926 603 603 605 924 926 928 601 601 603 926 928 930 598 598 601 928 804 805 929 929 927 804 803 804 927 927 925 803 802 803 925 925 923 802 801 802 923 923 921 801 800 801 921 921 919 800 799 800 919 919 917 799 798 799 917 917 915 798 797 798 915 915 913 797 796 797 913 913 911 796 795 796 911 911 909 795 794 795 909 909 907 794 793 794 907 907 905 793 792 793 905 905 903 792 791 792 903 903 901 791 790 791 901 901 899 790 789 790 899 899 897 789 788 789 897 897 895 788 787 788 895 895 893 787 786 787 893 893 891 786 785 786 891 891 889 785 784 785 889 889 887 784 781 784 887 887 881 781 783 782 884 884 886 783 782 781 881 881 884 782 934 931 932 932 933 934 936 934 933 933 935 936 938 936 935 935 937 938 940 938 937 937 939 940 942 940 939 939 941 942 944 942 941 941 943 944 946 944 943 943 945 946 948 946 945 945 947 948 950 948 947 947 949 950 952 950 949 949 951 952 954 952 951 951 953 954 956 954 953 953 955 956 958 956 955 955 957 958 960 958 957 957 959 960 962 960 959 959 961 962 964 962 961 961 963 964 966 964 963 963 965 966 968 966 965 965 967 968 970 968 967 967 969 970 972 970 969 969 971 972 974 972 971 971 973 974 976 974 973 973 975 976 980 977 978 978 979 980 977 976 975 975 978 977 982 981 976 976 977 982 983 982 977 977 980 983 981 984 974 974 976 981 984 985 972 972 974 984 985 986 970 970 972 985 986 987 968 968 970 986 987 988 966 966 968 987 988 989 964 964 966 988 989 990 962 962 964 989 990 991 960 960 962 990 991 992 958 958 960 991 992 993 956 956 958 992 993 994 954 954 956 993 994 995 952 952 954 994 995 996 950 950 952 995 996 997 948 948 950 996 997 998 946 946 948 997 998 999 944 944 946 998 999 1000 942 942 944 999 1000 1001 940 940 942 1000 1001 1002 938 938 940 1001 1002 1003 936 936 938 1002 1003 1004 934 934 936 1003 1004 1005 931 931 934 1004 1007 1006 1005 1005 1004 1007 1008 1007 1004 1004 1003 1008 1009 1008 1003 1003 1002 1009 1010 1009 1002 1002 1001 1010 1011 1010 1001 1001 1000 1011 1012 1011 1000 1000 999 1012 1013 1012 999 999 998 1013 1014 1013 998 998 997 1014 1015 1014 997 997 996 1015 1016 1015 996 996 995 1016 1017 1016 995 995 994 1017 1018 1017 994 994 993 1018 1019 1018 993 993 992 1019 1020 1019 992 992 991 1020 1021 1020 991 991 990 1021 1022 1021 990 990 989 1022 1023 1022 989 989 988 1023 1024 1023 988 988 987 1024 1025 1024 987 987 986 1025 1026 1025 986 986 985 1026 1027 1026 985 985 984 1027 1028 1027 984 984 981 1028 1030 1029 982 982 983 1030 1029 1028 981 981 982 1029 933 932 1031 1031 1032 933 935 933 1032 1032 1033 935 937 935 1033 1033 1034 937 939 937 1034 1034 1035 939 941 939 1035 1035 1036 941 943 941 1036 1036 1037 943 945 943 1037 1037 1038 945 947 945 1038 1038 1039 947 949 947 1039 1039 1040 949 951 949 1040 1040 1041 951 953 951 1041 1041 1042 953 955 953 1042 1042 1043 955 957 955 1043 1043 1044 957 959 957 1044 1044 1045 959 961 959 1045 1045 1046 961 963 961 1046 1046 1047 963 965 963 1047 1047 1048 965 967 965 1048 1048 1049 967 969 967 1049 1049 1050 969 971 969 1050 1050 1051 971 973 971 1051 1051 1052 973 975 973 1052 1052 1053 975 979 978 1054 1054 1055 979 978 975 1053 1053 1054 978 1059 1056 1057 1057 1058 1059 1063 1060 1061 1061 1062 1063 1067 1064 1065 1065 1066 1067 1071 1068 1069 1069 1070 1071 1075 1072 1073 1073 1074 1075 1079 1076 1077 1077 1078 1079 1083 1080 1081 1081 1082 1083 1087 1084 1085 1085 1086 1087 1091 1088 1089 1089 1090 1091 1095 1092 1093 1093 1094 1095 654 653 1096 1096 1097 654 1062 1061 1098 1098 1099 1062 1066 1065 1100 1100 1101 1066 1070 1069 1102 1102 1103 1070 1074 1073 652 652 655 1074 1078 1077 1060 1060 1063 1078 1086 1085 1064 1064 1067 1086 1090 1089 1068 1068 1071 1090 1094 1093 1080 1080 1083 1094 1082 1081 1072 1072 1075 1082 1097 1096 1076 1076 1079 1097 1099 1098 1084 1084 1087 1099 1101 1100 1088 1088 1091 1101 1103 1102 1092 1092 1095 1103 1107 1104 1105 1105 1106 1107 1102 1107 1106 1106 1092 1102 1111 1108 1109 1109 1110 1111 1100 1111 1110 1110 1088 1100 1115 1112 1113 1113 1114 1115 1098 1115 1114 1114 1084 1098 1119 1116 1117 1117 1118 1119 1096 1119 1118 1118 1076 1096 1123 1120 1121 1121 1122 1123 1081 1123 1122 1122 1072 1081 1127 1124 1125 1125 1126 1127 1093 1127 1126 1126 1080 1093 1131 1128 1129 1129 1130 1131 1089 1131 1130 1130 1068 1089 1135 1132 1133 1133 1134 1135 1085 1135 1134 1134 1064 1085 1139 1136 1137 1137 1138 1139 1077 1139 1138 1138 1060 1077 1143 1140 1141 1141 1142 1143 1073 1143 1142 1142 652 1073 1145 1144 1104 1104 1107 1145 1069 1145 1107 1107 1102 1069 1147 1146 1108 1108 1111 1147 1065 1147 1111 1111 1100 1065 1149 1148 1112 1112 1115 1149 1061 1149 1115 1115 1098 1061 1151 1150 1116 1116 1119 1151 653 1151 1119 1119 1096 653 1106 1105 1124 1124 1127 1106 1092 1106 1127 1127 1093 1092 1110 1109 1128 1128 1131 1110 1088 1110 1131 1131 1089 1088 1114 1113 1132 1132 1135 1114 1084 1114 1135 1135 1085 1084 1126 1125 1120 1120 1123 1126 1080 1126 1123 1123 1081 1080 1118 1117 1136 1136 1139 1118 1076 1118 1139 1139 1077 1076 1122 1121 1140 1140 1143 1122 1072 1122 1143 1143 1073 1072 1130 1129 1144 1144 1145 1130 1068 1130 1145 1145 1069 1068 1134 1133 1146 1146 1147 1134 1064 1134 1147 1147 1065 1064 1138 1137 1148 1148 1149 1138 1060 1138 1149 1149 1061 1060 1142 1141 1150 1150 1151 1142 652 1142 1151 1151 653 652 1173 1152 1153 1173 1153 1154 1173 1154 1155 1173 1155 1156 1173 1156 1157 1173 1157 1158 1173 1158 1159 1173 1159 1160 1173 1160 1161 1173 1161 1162 1173 1162 1163 1173 1163 1164 1173 1164 1059 1173 1059 1058 1173 1058 1165 1173 1165 1166 1173 1166 1167 1173 1167 1168 1173 1168 1169 1173 1169 1170 1173 1170 1171 1171 1172 1173 1158 1174 1175 1175 1159 1158 1171 1176 1177 1177 1172 1171 1058 1057 1178 1178 1165 1058 1159 1175 1179 1179 1160 1159 1172 1177 1180 1180 1173 1172 1152 1181 1182 1182 1153 1152 1165 1178 1183 1183 1166 1165 1160 1179 1184 1184 1161 1160 1173 1180 1185 1185 1152 1173 1153 1182 1186 1186 1154 1153 1166 1183 1187 1187 1167 1166 1161 1184 1188 1188 1162 1161 1154 1186 1189 1189 1155 1154 1167 1187 1190 1190 1168 1167 1162 1188 1191 1191 1163 1162 1155 1189 1192 1192 1156 1155 1168 1190 1193 1193 1169 1168 1163 1191 1194 1194 1164 1163 1156 1192 1195 1195 1157 1156 1169 1193 1196 1196 1170 1169 1164 1194 1056 1056 1059 1164 1157 1195 1174 1174 1158 1157 1170 1196 1176 1176 1171 1170 1200 1197 1198 1198 1199 1200 1204 1201 1202 1202 1203 1204 1208 1205 1206 1206 1207 1208 1212 1209 1210 1210 1211 1212 1216 1213 1214 1214 1215 1216 1220 1217 1218 1218 1219 1220 1224 1221 1222 1222 1223 1224 1228 1225 1226 1226 1227 1228 1232 1229 1230 1230 1231 1232 1236 1233 1234 1234 1235 1236 1238 1237 644 644 647 1238 1240 1239 1201 1201 1204 1240 1242 1241 1205 1205 1208 1242 1244 1243 1209 1209 1212 1244 646 645 1213 1213 1216 646 1203 1202 1217 1217 1220 1203 1207 1206 1221 1221 1224 1207 1211 1210 1225 1225 1228 1211 1215 1214 1233 1233 1236 1215 1219 1218 1237 1237 1238 1219 1246 1245 1239 1239 1240 1246 1223 1222 1229 1229 1232 1223 1227 1226 1241 1241 1242 1227 1235 1234 1243 1243 1244 1235 1250 1247 1248 1248 1249 1250 1254 1251 1252 1252 1253 1254 1258 1255 1256 1256 1257 1258 1260 1259 1197 1197 1200 1260 1262 1261 1251 1251 1254 1262 1266 1263 1264 1264 1265 1266 1268 1267 1255 1255 1258 1268 1270 1269 1259 1259 1260 1270 1272 1271 1261 1261 1262 1272 1274 1273 1263 1263 1266 1274 1276 1275 1267 1267 1268 1276 1278 1277 1269 1269 1270 1278 1280 1279 1273 1273 1274 1280 1282 1281 1275 1275 1276 1282 1284 1283 1277 1277 1278 1284 1286 1285 1279 1279 1280 1286 1288 1287 1281 1281 1282 1288 1290 1289 1283 1283 1284 1290 1292 1291 1285 1285 1286 1292 1294 1293 1287 1287 1288 1294 1296 1295 1289 1289 1290 1296 1199 1198 1291 1291 1292 1199 1253 1252 1293 1293 1294 1253 1257 1256 1295 1295 1296 1257 1300 1297 1298 1298 1299 1300 1304 1301 1302 1302 1303 1304 1308 1305 1306 1306 1307 1308 1310 1309 1247 1247 1250 1310 1312 1311 1301 1301 1304 1312 1314 1313 1305 1305 1308 1314 1316 1315 1309 1309 1310 1316 1318 1317 1311 1311 1312 1318 1298 1319 1313 1313 1314 1298 1321 1320 1315 1315 1316 1321 1323 1322 1317 1317 1318 1323 1297 1324 1319 1319 1298 1297 1326 1325 1320 1320 1321 1326 1328 1327 1322 1322 1323 1328 1330 1329 1324 1324 1297 1330 1332 1331 1325 1325 1326 1332 1336 1333 1334 1334 1335 1336 1338 1337 1327 1327 1328 1338 1340 1339 1329 1329 1330 1340 1335 1334 1331 1331 1332 1335 1342 1341 1333 1333 1336 1342 1249 1248 1337 1337 1338 1249 1303 1302 1339 1339 1340 1303 1307 1306 1341 1341 1342 1307 1346 1343 1344 1344 1345 1346 1348 1326 1321 1321 1347 1348 1350 1328 1323 1323 1349 1350 1351 1330 1297 1297 1300 1351 1352 1332 1326 1326 1348 1352 1354 1336 1335 1335 1353 1354 1355 1338 1328 1328 1350 1355 1356 1340 1330 1330 1351 1356 1353 1335 1332 1332 1352 1353 1357 1342 1336 1336 1354 1357 1358 1249 1338 1338 1355 1358 1344 1303 1340 1340 1356 1344 1359 1307 1342 1342 1357 1359 1360 1250 1249 1249 1358 1360 1343 1304 1303 1303 1344 1343 1361 1308 1307 1307 1359 1361 1362 1310 1250 1250 1360 1362 1363 1312 1304 1304 1343 1363 1364 1314 1308 1308 1361 1364 1365 1316 1310 1310 1362 1365 1366 1318 1312 1312 1363 1366 1299 1298 1314 1314 1364 1299 1347 1321 1316 1316 1365 1347 1349 1323 1318 1318 1366 1349 1370 1367 1368 1368 1369 1370 1372 1361 1359 1359 1371 1372 1374 1362 1360 1360 1373 1374 1375 1363 1343 1343 1346 1375 1376 1364 1361 1361 1372 1376 1377 1365 1362 1362 1374 1377 1378 1366 1363 1363 1375 1378 1379 1299 1364 1364 1376 1379 1380 1347 1365 1365 1377 1380 1381 1349 1366 1366 1378 1381 1382 1300 1299 1299 1379 1382 1383 1348 1347 1347 1380 1383 1384 1350 1349 1349 1381 1384 1385 1351 1300 1300 1382 1385 1386 1352 1348 1348 1383 1386 1388 1354 1353 1353 1387 1388 1389 1355 1350 1350 1384 1389 1390 1356 1351 1351 1385 1390 1387 1353 1352 1352 1386 1387 1391 1357 1354 1354 1388 1391 1392 1358 1355 1355 1389 1392 1345 1344 1356 1356 1390 1345 1371 1359 1357 1357 1391 1371 1373 1360 1358 1358 1392 1373 1416 1393 1394 1416 1394 1395 1416 1395 1396 1416 1396 1397 1416 1397 1398 1416 1398 1399 1416 1399 1400 1416 1400 1401 1416 1401 1402 1416 1402 1403 1416 1403 1404 1416 1404 1405 1416 1405 1406 1416 1406 1407 1416 1407 1408 1416 1408 1409 1416 1409 1410 1416 1410 1411 1416 1411 1412 1416 1412 1413 1416 1413 1414 1414 1415 1416 1420 1417 1418 1418 1419 1420 1424 1421 1422 1422 1423 1424 1426 1425 1367 1367 1370 1426 1430 1427 1428 1428 1429 1430 1432 1431 1417 1417 1420 1432 1434 1433 1421 1421 1424 1434 1429 1428 1425 1425 1426 1429 1436 1435 1427 1427 1430 1436 1438 1437 1431 1431 1432 1438 1440 1439 1433 1433 1434 1440 1442 1441 1435 1435 1436 1442 1444 1443 1437 1437 1438 1444 1446 1445 1439 1439 1440 1446 1448 1447 1441 1441 1442 1448 1450 1449 1443 1443 1444 1450 1452 1451 1445 1445 1446 1452 1454 1453 1447 1447 1448 1454 1456 1455 1449 1449 1450 1456 1458 1457 1451 1451 1452 1458 1460 1459 1453 1453 1454 1460 1369 1368 1455 1455 1456 1369 1419 1418 1457 1457 1458 1419 1423 1422 1459 1459 1460 1423 1429 1461 1462 1462 1430 1429 1430 1462 1463 1463 1436 1430 1436 1463 1464 1464 1442 1436 1442 1464 1465 1465 1448 1442 1448 1465 1466 1466 1454 1448 1454 1466 1467 1467 1460 1454 1460 1467 1468 1468 1423 1460 1423 1468 1469 1469 1424 1423 1424 1469 1470 1470 1434 1424 1434 1470 1471 1471 1440 1434 1440 1471 1472 1472 1446 1440 1446 1472 1473 1473 1452 1446 1452 1473 1474 1474 1458 1452 1458 1474 1475 1475 1419 1458 1419 1475 1476 1476 1420 1419 1420 1476 1477 1477 1432 1420 1432 1477 1478 1478 1438 1432 1438 1478 1479 1479 1444 1438 1444 1479 1480 1480 1450 1444 1450 1480 1481 1481 1456 1450 1456 1481 1482 1482 1369 1456 1369 1482 1483 1483 1370 1369 1370 1483 1484 1484 1426 1370 1426 1484 1461 1461 1429 1426 1488 1485 1486 1486 1487 1488 1484 1488 1487 1487 1461 1484 1490 1489 1485 1485 1488 1490 1483 1490 1488 1488 1484 1483 1492 1491 1489 1489 1490 1492 1482 1492 1490 1490 1483 1482 1494 1493 1491 1491 1492 1494 1481 1494 1492 1492 1482 1481 1496 1495 1493 1493 1494 1496 1480 1496 1494 1494 1481 1480 1498 1497 1495 1495 1496 1498 1479 1498 1496 1496 1480 1479 1500 1499 1497 1497 1498 1500 1478 1500 1498 1498 1479 1478 1502 1501 1499 1499 1500 1502 1477 1502 1500 1500 1478 1477 1504 1503 1501 1501 1502 1504 1476 1504 1502 1502 1477 1476 1506 1505 1503 1503 1504 1506 1475 1506 1504 1504 1476 1475 1508 1507 1505 1505 1506 1508 1474 1508 1506 1506 1475 1474 1510 1509 1507 1507 1508 1510 1473 1510 1508 1508 1474 1473 1512 1511 1509 1509 1510 1512 1472 1512 1510 1510 1473 1472 1514 1513 1511 1511 1512 1514 1471 1514 1512 1512 1472 1471 1516 1515 1513 1513 1514 1516 1470 1516 1514 1514 1471 1470 1518 1517 1515 1515 1516 1518 1469 1518 1516 1516 1470 1469 1520 1519 1517 1517 1518 1520 1468 1520 1518 1518 1469 1468 1522 1521 1519 1519 1520 1522 1467 1522 1520 1520 1468 1467 1524 1523 1521 1521 1522 1524 1466 1524 1522 1522 1467 1466 1526 1525 1523 1523 1524 1526 1465 1526 1524 1524 1466 1465 1528 1527 1525 1525 1526 1528 1464 1528 1526 1526 1465 1464 1530 1529 1527 1527 1528 1530 1463 1530 1528 1528 1464 1463 1532 1531 1529 1529 1530 1532 1462 1532 1530 1530 1463 1462 1487 1486 1531 1531 1532 1487 1461 1487 1532 1532 1462 1461 1534 1382 1379 1379 1533 1534 1536 1534 1533 1533 1535 1536 1538 1381 1378 1378 1537 1538 1540 1538 1537 1537 1539 1540 1542 1380 1377 1377 1541 1542 1544 1542 1541 1541 1543 1544 1533 1379 1376 1376 1545 1533 1535 1533 1545 1545 1546 1535 1537 1378 1375 1375 1547 1537 1539 1537 1547 1547 1548 1539 1541 1377 1374 1374 1549 1541 1543 1541 1549 1549 1550 1543 1545 1376 1372 1372 1551 1545 1546 1545 1551 1551 1552 1546 1547 1375 1346 1346 1553 1547 1548 1547 1553 1553 1554 1548 1549 1374 1373 1373 1555 1549 1550 1549 1555 1555 1556 1550 1551 1372 1371 1371 1557 1551 1552 1551 1557 1557 1558 1552 1553 1346 1345 1345 1559 1553 1554 1553 1559 1559 1560 1554 1555 1373 1392 1392 1561 1555 1556 1555 1561 1561 1562 1556 1557 1371 1391 1391 1563 1557 1558 1557 1563 1563 1564 1558 1559 1345 1390 1390 1565 1559 1560 1559 1565 1565 1566 1560 1561 1392 1389 1389 1567 1561 1562 1561 1567 1567 1568 1562 1563 1391 1388 1388 1569 1563 1564 1563 1569 1569 1570 1564 1572 1387 1386 1386 1571 1572 1574 1572 1571 1571 1573 1574 1565 1390 1385 1385 1575 1565 1566 1565 1575 1575 1576 1566 1567 1389 1384 1384 1577 1567 1568 1567 1577 1577 1578 1568 1569 1388 1387 1387 1572 1569 1570 1569 1572 1572 1574 1570 1571 1386 1383 1383 1579 1571 1573 1571 1579 1579 1580 1573 1575 1385 1382 1382 1534 1575 1576 1575 1534 1534 1536 1576 1577 1384 1381 1381 1538 1577 1578 1577 1538 1538 1540 1578 1579 1383 1380 1380 1542 1579 1580 1579 1542 1542 1544 1580 1486 1581 1582 1582 1531 1486 1531 1582 1583 1583 1529 1531 1529 1583 1584 1584 1527 1529 1527 1584 1585 1585 1525 1527 1525 1585 1586 1586 1523 1525 1523 1586 1587 1587 1521 1523 1521 1587 1588 1588 1519 1521 1519 1588 1589 1589 1517 1519 1517 1589 1590 1590 1515 1517 1515 1590 1591 1591 1513 1515 1513 1591 1592 1592 1511 1513 1511 1592 1593 1593 1509 1511 1509 1593 1594 1594 1507 1509 1507 1594 1595 1595 1505 1507 1505 1595 1596 1596 1503 1505 1503 1596 1597 1597 1501 1503 1501 1597 1598 1598 1499 1501 1499 1598 1599 1599 1497 1499 1497 1599 1600 1600 1495 1497 1495 1600 1601 1601 1493 1495 1493 1601 1602 1602 1491 1493 1491 1602 1603 1603 1489 1491 1489 1603 1604 1604 1485 1489 1485 1604 1581 1581 1486 1485 1581 1605 1606 1606 1582 1581 1582 1606 1607 1607 1583 1582 1583 1607 1608 1608 1584 1583 1584 1608 1609 1609 1585 1584 1585 1609 1610 1610 1586 1585 1586 1610 1611 1611 1587 1586 1587 1611 1612 1612 1588 1587 1588 1612 1613 1613 1589 1588 1589 1613 1614 1614 1590 1589 1590 1614 1615 1615 1591 1590 1591 1615 1616 1616 1592 1591 1592 1616 1617 1617 1593 1592 1593 1617 1618 1618 1594 1593 1594 1618 1619 1619 1595 1594 1595 1619 1620 1620 1596 1595 1596 1620 1621 1621 1597 1596 1597 1621 1622 1622 1598 1597 1598 1622 1623 1623 1599 1598 1599 1623 1624 1624 1600 1599 1600 1624 1625 1625 1601 1600 1601 1625 1626 1626 1602 1601 1602 1626 1627 1627 1603 1602 1603 1627 1628 1628 1604 1603 1604 1628 1605 1605 1581 1604 1605 1629 1630 1630 1606 1605 1606 1630 1631 1631 1607 1606 1607 1631 1632 1632 1608 1607 1608 1632 1633 1633 1609 1608 1609 1633 1634 1634 1610 1609 1610 1634 1635 1635 1611 1610 1611 1635 1636 1636 1612 1611 1612 1636 1637 1637 1613 1612 1613 1637 1638 1638 1614 1613 1614 1638 1639 1639 1615 1614 1615 1639 1640 1640 1616 1615 1616 1640 1641 1641 1617 1616 1617 1641 1642 1642 1618 1617 1618 1642 1643 1643 1619 1618 1619 1643 1644 1644 1620 1619 1620 1644 1645 1645 1621 1620 1621 1645 1646 1646 1622 1621 1622 1646 1647 1647 1623 1622 1623 1647 1648 1648 1624 1623 1624 1648 1649 1649 1625 1624 1625 1649 1650 1650 1626 1625 1626 1650 1651 1651 1627 1626 1627 1651 1652 1652 1628 1627 1628 1652 1629 1629 1605 1628 1629 1394 1393 1393 1630 1629 1630 1393 1416 1416 1631 1630 1631 1416 1415 1415 1632 1631 1632 1415 1414 1414 1633 1632 1633 1414 1413 1413 1634 1633 1634 1413 1412 1412 1635 1634 1635 1412 1411 1411 1636 1635 1636 1411 1410 1410 1637 1636 1637 1410 1409 1409 1638 1637 1638 1409 1408 1408 1639 1638 1639 1408 1407 1407 1640 1639 1640 1407 1406 1406 1641 1640 1641 1406 1405 1405 1642 1641 1642 1405 1404 1404 1643 1642 1643 1404 1403 1403 1644 1643 1644 1403 1402 1402 1645 1644 1645 1402 1401 1401 1646 1645 1646 1401 1400 1400 1647 1646 1647 1400 1399 1399 1648 1647 1648 1399 1398 1398 1649 1648 1649 1398 1397 1397 1650 1649 1650 1397 1396 1396 1651 1650 1651 1396 1395 1395 1652 1651 1652 1395 1394 1394 1629 1652 1654 1653 880 880 879 1654 1655 1654 879 879 878 1655 1656 1655 878 878 877 1656 1657 1656 877 877 876 1657 1658 1657 876 876 875 1658 1659 1658 875 875 874 1659 1660 1659 874 874 873 1660 1661 1660 873 873 872 1661 1662 1661 872 872 871 1662 1663 1662 871 871 870 1663 1664 1663 870 870 869 1664 1665 1664 869 869 868 1665 1666 1665 868 868 867 1666 1667 1666 867 867 866 1667 1668 1667 866 866 865 1668 1669 1668 865 865 864 1669 1670 1669 864 864 863 1670 1671 1670 863 863 862 1671 1672 1671 862 862 861 1672 1673 1672 861 861 860 1673 1674 1673 860 860 859 1674 1675 1674 859 859 856 1675 1677 1676 857 857 858 1677 1676 1675 856 856 857 1676 1054 1053 1675 1675 1676 1054 1055 1054 1676 1676 1677 1055 1053 1052 1674 1674 1675 1053 1052 1051 1673 1673 1674 1052 1051 1050 1672 1672 1673 1051 1050 1049 1671 1671 1672 1050 1049 1048 1670 1670 1671 1049 1048 1047 1669 1669 1670 1048 1047 1046 1668 1668 1669 1047 1046 1045 1667 1667 1668 1046 1045 1044 1666 1666 1667 1045 1044 1043 1665 1665 1666 1044 1043 1042 1664 1664 1665 1043 1042 1041 1663 1663 1664 1042 1041 1040 1662 1662 1663 1041 1040 1039 1661 1661 1662 1040 1039 1038 1660 1660 1661 1039 1038 1037 1659 1659 1660 1038 1037 1036 1658 1658 1659 1037 1036 1035 1657 1657 1658 1036 1035 1034 1656 1656 1657 1035 1034 1033 1655 1655 1656 1034 1033 1032 1654 1654 1655 1033 1032 1031 1653 1653 1654 1032 1681 1678 1679 1679 1680 1681 1683 1681 1680 1680 1682 1683 1678 1684 1685 1685 1679 1678 1684 1686 1687 1687 1685 1684 1686 1688 1689 1689 1687 1686 1688 1690 1691 1691 1689 1688 1690 1692 1693 1693 1691 1690 1692 1694 1695 1695 1693 1692 1694 1696 1697 1697 1695 1694 1696 1698 1699 1699 1697 1696 1698 1700 1701 1701 1699 1698 1700 1702 1703 1703 1701 1700 1702 1704 1705 1705 1703 1702 1704 1706 1707 1707 1705 1704 1706 1708 1709 1709 1707 1706 1708 1710 1711 1711 1709 1708 1710 1712 1713 1713 1711 1710 1712 1714 1715 1715 1713 1712 1714 1716 1717 1717 1715 1714 1716 1718 1719 1719 1717 1716 1718 1720 1721 1721 1719 1718 1720 1722 1723 1723 1721 1720 1722 1724 1725 1725 1723 1722 1724 1726 1727 1727 1725 1724 1680 1679 1028 1028 1029 1680 1682 1680 1029 1029 1030 1682 1679 1685 1027 1027 1028 1679 1685 1687 1026 1026 1027 1685 1687 1689 1025 1025 1026 1687 1689 1691 1024 1024 1025 1689 1691 1693 1023 1023 1024 1691 1693 1695 1022 1022 1023 1693 1695 1697 1021 1021 1022 1695 1697 1699 1020 1020 1021 1697 1699 1701 1019 1019 1020 1699 1701 1703 1018 1018 1019 1701 1703 1705 1017 1017 1018 1703 1705 1707 1016 1016 1017 1705 1707 1709 1015 1015 1016 1707 1709 1711 1014 1014 1015 1709 1711 1713 1013 1013 1014 1711 1713 1715 1012 1012 1013 1713 1715 1717 1011 1011 1012 1715 1717 1719 1010 1010 1011 1717 1719 1721 1009 1009 1010 1719 1721 1723 1008 1008 1009 1721 1723 1725 1007 1007 1008 1723 1725 1727 1006 1006 1007 1725 </p>
        </polylist>
      </mesh>
    </geometry>
  </library_geometries>
  <library_visual_scenes>
    <visual_scene id="water_fountain_low.obj" name="water_fountain_low.obj">
      <node id="Cylinder.009_Cylinder.015" name="Cylinder.009_Cylinder.015">
        <matrix>1 0 0 0 0 1 0 0 0 0 1 0 0 0 0 1</matrix>
        <instance_geometry url="#meshId0">
          <bind_material>
            <technique_common>
              <instance_material symbol="defaultMaterial" target="#DefaultMaterial" />
            </technique_common>
          </bind_material>
        </instance_geometry>
      </node>
    </visual_scene>
  </library_visual_scenes>
  <scene>
    <instance_visual_scene url="#water_fountain_low.obj" />
  </scene>
</COLLADA>
