<?xml version="1.0"?>
<COLLADA xmlns="http://www.collada.org/2005/11/COLLADASchema" version="1.4.1">
  <asset>
    <contributor>
      <author>Assimp</author>
      <authoring_tool>Assimp Exporter</authoring_tool>
    </contributor>
    <created>2020-04-07T13:39:17</created>
    <modified>2020-04-07T13:39:17</modified>
    <unit name="meter" meter="0.01" />
    <up_axis>Y_UP</up_axis>
  </asset>
  <library_effects>
    <effect id="DefaultMaterial-fx" name="DefaultMaterial">
      <profile_COMMON>
        <technique sid="standard">
          <phong>
          </phong>
        </technique>
      </profile_COMMON>
    </effect>
  </library_effects>
  <library_materials>
    <material id="DefaultMaterial" name="DefaultMaterial">
      <instance_effect url="#DefaultMaterial-fx"/>
    </material>
  </library_materials>
  <library_geometries>
    <geometry id="meshId0" name="meshId0_name" >
      <mesh>
        <source id="meshId0-positions" name="meshId0-positions">
          <float_array id="meshId0-positions-array" count="2640"> 0.622073 0.0805648 -0.946749 0.634989 0.113446 -1 0.682027 0.113446 -0.976498 0.684116 0.0805648 -0.946749 0.547209 -0.157952 0.839403 0.525793 -0.164549 -0.549785 0.578397 -0.164549 -0.549785 0.601912 -0.157952 0.839403 0.651379 0.147198 -0.906142 0.716295 0.147198 -0.906142 0.700025 0.16455 -0.95427 0.651379 0.16455 -0.977772 0.639346 -0.0620591 0.917082 0.703082 -0.0620591 0.917082 0.716295 0.0178489 -0.37217 0.651379 0.0178489 -0.37217 0.723041 0.124116 -0.931394 0.707856 0.14611 -0.97593 0.700025 0.16455 -0.95427 0.716295 0.147198 -0.906142 0.710297 -0.0990455 0.918797 0.714942 -0.0398372 -0.424206 0.716295 0.0178489 -0.37217 0.703082 -0.0620591 0.917082 0.645736 -0.102393 1 0.688943 -0.102393 0.974404 0.681244 -0.0665763 0.969651 0.638665 -0.0665763 0.995262 0.548419 -0.157579 0.923232 0.603242 -0.157579 0.923232 0.688943 -0.102393 0.974404 0.645736 -0.102393 1 0.601912 -0.157952 0.839403 0.578397 -0.164549 -0.549785 0.714942 -0.0398372 -0.424206 0.710297 -0.0990455 0.918797 0.684116 0.0805648 -0.946749 0.682027 0.113446 -0.976498 0.707856 0.14611 -0.97593 0.723041 0.124116 -0.931394 0.645736 -0.102393 1 -0.645736 -0.102393 1 -0.548419 -0.157579 0.923232 0.548419 -0.157579 0.923232 -0.651379 0.0178489 -0.37217 -0.639346 -0.0620591 0.917082 0.603242 -0.157579 0.923232 0.601912 -0.157952 0.839403 0.710297 -0.0990455 0.918797 0.688943 -0.102393 0.974404 0.688943 -0.102393 0.974404 0.710297 -0.0990455 0.918797 0.703082 -0.0620591 0.917082 0.681244 -0.0665763 0.969651 0.638665 -0.0665763 0.995262 0.681244 -0.0665763 0.969651 0.703082 -0.0620591 0.917082 0.639346 -0.0620591 0.917082 0.548419 -0.157579 0.923232 0.547209 -0.157952 0.839403 0.601912 -0.157952 0.839403 0.603242 -0.157579 0.923232 0.578397 -0.164549 -0.549785 0.684116 0.0805648 -0.946749 0.723041 0.124116 -0.931394 0.714942 -0.0398372 -0.424206 0.714942 -0.0398372 -0.424206 0.723041 0.124116 -0.931394 0.716295 0.147198 -0.906142 0.716295 0.0178489 -0.37217 0.651379 0.0178489 -0.37217 0.716295 0.0178489 -0.37217 0.716295 0.147198 -0.906142 0.651379 0.147198 -0.906142 0.525793 -0.164549 -0.549785 0.622073 0.0805648 -0.946749 0.684116 0.0805648 -0.946749 0.578397 -0.164549 -0.549785 0.639346 -0.0620591 0.917082 -0.639346 -0.0620591 0.917082 -0.638665 -0.0665763 0.995262 0.638665 -0.0665763 0.995262 -0.622073 0.0805648 -0.946749 -0.634989 0.113446 -1 0.634989 0.113446 -1 -0.525793 -0.164549 -0.549785 -0.547209 -0.157952 0.839403 -0.525793 -0.164549 -0.549785 0.707856 0.14611 -0.97593 0.658511 0.14611 -0.999432 0.651379 0.16455 -0.977772 0.700025 0.16455 -0.95427 0.682027 0.113446 -0.976498 0.634989 0.113446 -1 0.658511 0.14611 -0.999432 0.707856 0.14611 -0.97593 0.638665 -0.0665763 0.995262 -0.638665 -0.0665763 0.995262 -0.645736 -0.102393 1 0.645736 -0.102393 1 -0.658511 0.14611 -0.999432 -0.651379 0.16455 -0.977772 0.651379 0.16455 -0.977772 0.658511 0.14611 -0.999432 0.651379 0.16455 -0.977772 -0.651379 0.16455 -0.977772 -0.651379 0.147198 -0.906142 -0.548419 -0.157579 0.923232 -0.547209 -0.157952 0.839403 -0.651379 0.0178489 -0.37217 -0.622073 0.0805648 -0.946749 -0.684116 0.0805648 -0.946749 -0.682027 0.113446 -0.976498 -0.634989 0.113446 -1 -0.601912 -0.157952 0.839403 -0.578397 -0.164549 -0.549785 -0.651379 0.147198 -0.906142 -0.651379 0.16455 -0.977772 -0.700025 0.16455 -0.95427 -0.716295 0.147198 -0.906142 -0.716295 0.0178489 -0.37217 -0.703082 -0.0620591 0.917082 -0.723041 0.124116 -0.931394 -0.716295 0.147198 -0.906142 -0.700025 0.16455 -0.95427 -0.707856 0.14611 -0.97593 -0.710297 -0.0990455 0.918797 -0.703082 -0.0620591 0.917082 -0.716295 0.0178489 -0.37217 -0.714942 -0.0398372 -0.424206 -0.645736 -0.102393 1 -0.638665 -0.0665763 0.995262 -0.681244 -0.0665763 0.969651 -0.688943 -0.102393 0.974404 -0.548419 -0.157579 0.923232 -0.645736 -0.102393 1 -0.688943 -0.102393 0.974404 -0.603242 -0.157579 0.923232 -0.601912 -0.157952 0.839403 -0.710297 -0.0990455 0.918797 -0.714942 -0.0398372 -0.424206 -0.578397 -0.164549 -0.549785 -0.684116 0.0805648 -0.946749 -0.723041 0.124116 -0.931394 -0.707856 0.14611 -0.97593 -0.682027 0.113446 -0.976498 -0.603242 -0.157579 0.923232 -0.688943 -0.102393 0.974404 -0.710297 -0.0990455 0.918797 -0.601912 -0.157952 0.839403 -0.688943 -0.102393 0.974404 -0.681244 -0.0665763 0.969651 -0.703082 -0.0620591 0.917082 -0.710297 -0.0990455 0.918797 -0.638665 -0.0665763 0.995262 -0.639346 -0.0620591 0.917082 -0.703082 -0.0620591 0.917082 -0.681244 -0.0665763 0.969651 -0.603242 -0.157579 0.923232 -0.601912 -0.157952 0.839403 -0.578397 -0.164549 -0.549785 -0.714942 -0.0398372 -0.424206 -0.723041 0.124116 -0.931394 -0.684116 0.0805648 -0.946749 -0.714942 -0.0398372 -0.424206 -0.716295 0.0178489 -0.37217 -0.716295 0.147198 -0.906142 -0.723041 0.124116 -0.931394 -0.716295 0.147198 -0.906142 -0.716295 0.0178489 -0.37217 -0.578397 -0.164549 -0.549785 -0.684116 0.0805648 -0.946749 -0.707856 0.14611 -0.97593 -0.700025 0.16455 -0.95427 -0.651379 0.16455 -0.977772 -0.658511 0.14611 -0.999432 -0.682027 0.113446 -0.976498 -0.707856 0.14611 -0.97593 -0.658511 0.14611 -0.999432 -0.634989 0.113446 -1 -0.634989 0.113446 -1 -0.658511 0.14611 -0.999432 0.658511 0.14611 -0.999432 0.634989 0.113446 -1 -0.628825 0.0203327 0.0655262 -0.628825 0.0283161 -0.071035 -0.628825 -0.0380207 -0.074913 -0.628825 -0.0460041 0.0616482 -0.628825 0.0283161 -0.071035 -0.472469 0.0283161 -0.071035 -0.472469 -0.0380207 -0.074913 -0.628825 -0.0380207 -0.074913 -0.472469 0.0283161 -0.071035 -0.472469 0.0203327 0.0655262 -0.472469 -0.0460041 0.0616482 -0.472469 -0.0380207 -0.074913 -0.472469 0.0203327 0.0655262 -0.628825 0.0203327 0.0655262 -0.628825 -0.0460041 0.0616482 -0.472469 -0.0460041 0.0616482 -0.628825 0.0283161 -0.071035 -0.628825 0.0203327 0.0655262 -0.472469 0.0203327 0.0655262 -0.472469 0.0283161 -0.071035 -0.472469 -0.0380207 -0.074913 -0.472469 -0.0460041 0.0616482 -0.628825 -0.0460041 0.0616482 -0.628825 -0.0380207 -0.074913 -0.409927 0.0203327 0.0655262 -0.409927 0.0283161 -0.071035 -0.409927 -0.0380207 -0.074913 -0.409927 -0.0460041 0.0616482 -0.409927 0.0283161 -0.071035 -0.253571 0.0283161 -0.071035 -0.253571 -0.0380207 -0.074913 -0.409927 -0.0380207 -0.074913 -0.253571 0.0283161 -0.071035 -0.253571 0.0203327 0.0655262 -0.253571 -0.0460041 0.0616482 -0.253571 -0.0380207 -0.074913 -0.253571 0.0203327 0.0655262 -0.409927 0.0203327 0.0655262 -0.409927 -0.0460041 0.0616482 -0.253571 -0.0460041 0.0616482 -0.409927 0.0283161 -0.071035 -0.409927 0.0203327 0.0655262 -0.253571 0.0203327 0.0655262 -0.253571 0.0283161 -0.071035 -0.253571 -0.0380207 -0.074913 -0.253571 -0.0460041 0.0616482 -0.409927 -0.0460041 0.0616482 -0.409927 -0.0380207 -0.074913 -0.191029 0.0203327 0.0655262 -0.191029 0.0283161 -0.071035 -0.191029 -0.0380207 -0.074913 -0.191029 -0.0460041 0.0616482 -0.191029 0.0283161 -0.071035 -0.0346733 0.0283161 -0.071035 -0.0346733 -0.0380207 -0.074913 -0.191029 -0.0380207 -0.074913 -0.0346733 0.0283161 -0.071035 -0.0346733 0.0203327 0.0655262 -0.0346733 -0.0460041 0.0616482 -0.0346733 -0.0380207 -0.074913 -0.0346733 0.0203327 0.0655262 -0.191029 0.0203327 0.0655262 -0.191029 -0.0460041 0.0616482 -0.0346733 -0.0460041 0.0616482 -0.191029 0.0283161 -0.071035 -0.191029 0.0203327 0.0655262 -0.0346733 0.0203327 0.0655262 -0.0346733 0.0283161 -0.071035 -0.0346733 -0.0380207 -0.074913 -0.0346733 -0.0460041 0.0616482 -0.191029 -0.0460041 0.0616482 -0.191029 -0.0380207 -0.074913 0.027869 0.0203327 0.0655262 0.027869 0.0283161 -0.071035 0.027869 -0.0380207 -0.074913 0.027869 -0.0460041 0.0616482 0.027869 0.0283161 -0.071035 0.184225 0.0283161 -0.071035 0.184225 -0.0380207 -0.074913 0.027869 -0.0380207 -0.074913 0.184225 0.0283161 -0.071035 0.184225 0.0203327 0.0655262 0.184225 -0.0460041 0.0616482 0.184225 -0.0380207 -0.074913 0.184225 0.0203327 0.0655262 0.027869 0.0203327 0.0655262 0.027869 -0.0460041 0.0616482 0.184225 -0.0460041 0.0616482 0.027869 0.0283161 -0.071035 0.027869 0.0203327 0.0655262 0.184225 0.0203327 0.0655262 0.184225 0.0283161 -0.071035 0.184225 -0.0380207 -0.074913 0.184225 -0.0460041 0.0616482 0.027869 -0.0460041 0.0616482 0.027869 -0.0380207 -0.074913 0.246767 0.0203327 0.0655262 0.246767 0.0283161 -0.071035 0.246767 -0.0380207 -0.074913 0.246767 -0.0460041 0.0616482 0.246767 0.0283161 -0.071035 0.403123 0.0283161 -0.071035 0.403123 -0.0380207 -0.074913 0.246767 -0.0380207 -0.074913 0.403123 0.0283161 -0.071035 0.403123 0.0203327 0.0655262 0.403123 -0.0460041 0.0616482 0.403123 -0.0380207 -0.074913 0.403123 0.0203327 0.0655262 0.246767 0.0203327 0.0655262 0.246767 -0.0460041 0.0616482 0.403123 -0.0460041 0.0616482 0.246767 0.0283161 -0.071035 0.246767 0.0203327 0.0655262 0.403123 0.0203327 0.0655262 0.403123 0.0283161 -0.071035 0.403123 -0.0380207 -0.074913 0.403123 -0.0460041 0.0616482 0.246767 -0.0460041 0.0616482 0.246767 -0.0380207 -0.074913 0.465665 0.0203327 0.0655262 0.465665 0.0283161 -0.071035 0.465665 -0.0380207 -0.074913 0.465665 -0.0460041 0.0616482 0.465665 0.0283161 -0.071035 0.622021 0.0283161 -0.071035 0.622021 -0.0380207 -0.074913 0.465665 -0.0380207 -0.074913 0.622021 0.0283161 -0.071035 0.622021 0.0203327 0.0655262 0.622021 -0.0460041 0.0616482 0.622021 -0.0380207 -0.074913 0.622021 0.0203327 0.0655262 0.465665 0.0203327 0.0655262 0.465665 -0.0460041 0.0616482 0.622021 -0.0460041 0.0616482 0.465665 0.0283161 -0.071035 0.465665 0.0203327 0.0655262 0.622021 0.0203327 0.0655262 0.622021 0.0283161 -0.071035 0.622021 -0.0380207 -0.074913 0.622021 -0.0460041 0.0616482 0.465665 -0.0460041 0.0616482 0.465665 -0.0380207 -0.074913 -0.628825 0.00915609 0.256712 -0.628825 0.0171394 0.120151 -0.628825 -0.0491974 0.116273 -0.628825 -0.0571807 0.252834 -0.628825 0.0171394 0.120151 -0.472469 0.0171394 0.120151 -0.472469 -0.0491974 0.116273 -0.628825 -0.0491974 0.116273 -0.472469 0.0171394 0.120151 -0.472469 0.00915609 0.256712 -0.472469 -0.0571807 0.252834 -0.472469 -0.0491974 0.116273 -0.472469 0.00915609 0.256712 -0.628825 0.00915609 0.256712 -0.628825 -0.0571807 0.252834 -0.472469 -0.0571807 0.252834 -0.628825 0.0171394 0.120151 -0.628825 0.00915609 0.256712 -0.472469 0.00915609 0.256712 -0.472469 0.0171394 0.120151 -0.472469 -0.0491974 0.116273 -0.472469 -0.0571807 0.252834 -0.628825 -0.0571807 0.252834 -0.628825 -0.0491974 0.116273 -0.409927 0.00915609 0.256712 -0.409927 0.0171394 0.120151 -0.409927 -0.0491974 0.116273 -0.409927 -0.0571807 0.252834 -0.409927 0.0171394 0.120151 -0.253571 0.0171394 0.120151 -0.253571 -0.0491974 0.116273 -0.409927 -0.0491974 0.116273 -0.253571 0.0171394 0.120151 -0.253571 0.00915609 0.256712 -0.253571 -0.0571807 0.252834 -0.253571 -0.0491974 0.116273 -0.253571 0.00915609 0.256712 -0.409927 0.00915609 0.256712 -0.409927 -0.0571807 0.252834 -0.253571 -0.0571807 0.252834 -0.409927 0.0171394 0.120151 -0.409927 0.00915609 0.256712 -0.253571 0.00915609 0.256712 -0.253571 0.0171394 0.120151 -0.253571 -0.0491974 0.116273 -0.253571 -0.0571807 0.252834 -0.409927 -0.0571807 0.252834 -0.409927 -0.0491974 0.116273 -0.191029 0.00915609 0.256712 -0.191029 0.0171394 0.120151 -0.191029 -0.0491974 0.116273 -0.191029 -0.0571807 0.252834 -0.191029 0.0171394 0.120151 -0.0346731 0.0171394 0.120151 -0.0346731 -0.0491974 0.116273 -0.191029 -0.0491974 0.116273 -0.0346731 0.0171394 0.120151 -0.0346731 0.00915609 0.256712 -0.0346731 -0.0571807 0.252834 -0.0346731 -0.0491974 0.116273 -0.0346731 0.00915609 0.256712 -0.191029 0.00915609 0.256712 -0.191029 -0.0571807 0.252834 -0.0346731 -0.0571807 0.252834 -0.191029 0.0171394 0.120151 -0.191029 0.00915609 0.256712 -0.0346731 0.00915609 0.256712 -0.0346731 0.0171394 0.120151 -0.0346731 -0.0491974 0.116273 -0.0346731 -0.0571807 0.252834 -0.191029 -0.0571807 0.252834 -0.191029 -0.0491974 0.116273 0.0278691 0.00915609 0.256712 0.0278691 0.0171394 0.120151 0.0278691 -0.0491974 0.116273 0.0278691 -0.0571807 0.252834 0.0278691 0.0171394 0.120151 0.184225 0.0171394 0.120151 0.184225 -0.0491974 0.116273 0.0278691 -0.0491974 0.116273 0.184225 0.0171394 0.120151 0.184225 0.00915609 0.256712 0.184225 -0.0571807 0.252834 0.184225 -0.0491974 0.116273 0.184225 0.00915609 0.256712 0.0278691 0.00915609 0.256712 0.0278691 -0.0571807 0.252834 0.184225 -0.0571807 0.252834 0.0278691 0.0171394 0.120151 0.0278691 0.00915609 0.256712 0.184225 0.00915609 0.256712 0.184225 0.0171394 0.120151 0.184225 -0.0491974 0.116273 0.184225 -0.0571807 0.252834 0.0278691 -0.0571807 0.252834 0.0278691 -0.0491974 0.116273 0.246767 0.00915609 0.256712 0.246767 0.0171394 0.120151 0.246767 -0.0491974 0.116273 0.246767 -0.0571807 0.252834 0.246767 0.0171394 0.120151 0.403123 0.0171394 0.120151 0.403123 -0.0491974 0.116273 0.246767 -0.0491974 0.116273 0.403123 0.0171394 0.120151 0.403123 0.00915609 0.256712 0.403123 -0.0571807 0.252834 0.403123 -0.0491974 0.116273 0.403123 0.00915609 0.256712 0.246767 0.00915609 0.256712 0.246767 -0.0571807 0.252834 0.403123 -0.0571807 0.252834 0.246767 0.0171394 0.120151 0.246767 0.00915609 0.256712 0.403123 0.00915609 0.256712 0.403123 0.0171394 0.120151 0.403123 -0.0491974 0.116273 0.403123 -0.0571807 0.252834 0.246767 -0.0571807 0.252834 0.246767 -0.0491974 0.116273 0.465665 0.00915609 0.256712 0.465665 0.0171394 0.120151 0.465665 -0.0491974 0.116273 0.465665 -0.0571807 0.252834 0.465665 0.0171394 0.120151 0.622021 0.0171394 0.120151 0.622021 -0.0491974 0.116273 0.465665 -0.0491974 0.116273 0.622021 0.0171394 0.120151 0.622021 0.00915609 0.256712 0.622021 -0.0571807 0.252834 0.622021 -0.0491974 0.116273 0.622021 0.00915609 0.256712 0.465665 0.00915609 0.256712 0.465665 -0.0571807 0.252834 0.622021 -0.0571807 0.252834 0.465665 0.0171394 0.120151 0.465665 0.00915609 0.256712 0.622021 0.00915609 0.256712 0.622021 0.0171394 0.120151 0.622021 -0.0491974 0.116273 0.622021 -0.0571807 0.252834 0.465665 -0.0571807 0.252834 0.465665 -0.0491974 0.116273 -0.628824 -0.00202059 0.447898 -0.628824 0.00596276 0.311336 -0.628824 -0.0603741 0.307458 -0.628824 -0.0683574 0.44402 -0.628824 0.00596276 0.311336 -0.472469 0.00596276 0.311336 -0.472469 -0.0603741 0.307458 -0.628824 -0.0603741 0.307458 -0.472469 0.00596276 0.311336 -0.472469 -0.00202059 0.447898 -0.472469 -0.0683574 0.44402 -0.472469 -0.0603741 0.307458 -0.472469 -0.00202059 0.447898 -0.628824 -0.00202059 0.447898 -0.628824 -0.0683574 0.44402 -0.472469 -0.0683574 0.44402 -0.628824 0.00596276 0.311336 -0.628824 -0.00202059 0.447898 -0.472469 -0.00202059 0.447898 -0.472469 0.00596276 0.311336 -0.472469 -0.0603741 0.307458 -0.472469 -0.0683574 0.44402 -0.628824 -0.0683574 0.44402 -0.628824 -0.0603741 0.307458 -0.409927 -0.00202059 0.447898 -0.409927 0.00596276 0.311336 -0.409927 -0.0603741 0.307458 -0.409927 -0.0683574 0.44402 -0.409927 0.00596276 0.311336 -0.253571 0.00596276 0.311336 -0.253571 -0.0603741 0.307458 -0.409927 -0.0603741 0.307458 -0.253571 0.00596276 0.311336 -0.253571 -0.00202059 0.447898 -0.253571 -0.0683574 0.44402 -0.253571 -0.0603741 0.307458 -0.253571 -0.00202059 0.447898 -0.409927 -0.00202059 0.447898 -0.409927 -0.0683574 0.44402 -0.253571 -0.0683574 0.44402 -0.409927 0.00596276 0.311336 -0.409927 -0.00202059 0.447898 -0.253571 -0.00202059 0.447898 -0.253571 0.00596276 0.311336 -0.253571 -0.0603741 0.307458 -0.253571 -0.0683574 0.44402 -0.409927 -0.0683574 0.44402 -0.409927 -0.0603741 0.307458 -0.191029 -0.00202059 0.447898 -0.191029 0.00596276 0.311336 -0.191029 -0.0603741 0.307458 -0.191029 -0.0683574 0.44402 -0.191029 0.00596276 0.311336 -0.034673 0.00596276 0.311336 -0.034673 -0.0603741 0.307458 -0.191029 -0.0603741 0.307458 -0.034673 0.00596276 0.311336 -0.034673 -0.00202059 0.447898 -0.034673 -0.0683574 0.44402 -0.034673 -0.0603741 0.307458 -0.034673 -0.00202059 0.447898 -0.191029 -0.00202059 0.447898 -0.191029 -0.0683574 0.44402 -0.034673 -0.0683574 0.44402 -0.191029 0.00596276 0.311336 -0.191029 -0.00202059 0.447898 -0.034673 -0.00202059 0.447898 -0.034673 0.00596276 0.311336 -0.034673 -0.0603741 0.307458 -0.034673 -0.0683574 0.44402 -0.191029 -0.0683574 0.44402 -0.191029 -0.0603741 0.307458 0.0278692 -0.00202059 0.447898 0.0278692 0.00596276 0.311336 0.0278692 -0.0603741 0.307458 0.0278692 -0.0683574 0.44402 0.0278692 0.00596276 0.311336 0.184225 0.00596276 0.311336 0.184225 -0.0603741 0.307458 0.0278692 -0.0603741 0.307458 0.184225 0.00596276 0.311336 0.184225 -0.00202059 0.447898 0.184225 -0.0683574 0.44402 0.184225 -0.0603741 0.307458 0.184225 -0.00202059 0.447898 0.0278692 -0.00202059 0.447898 0.0278692 -0.0683574 0.44402 0.184225 -0.0683574 0.44402 0.0278692 0.00596276 0.311336 0.0278692 -0.00202059 0.447898 0.184225 -0.00202059 0.447898 0.184225 0.00596276 0.311336 0.184225 -0.0603741 0.307458 0.184225 -0.0683574 0.44402 0.0278692 -0.0683574 0.44402 0.0278692 -0.0603741 0.307458 0.246767 -0.00202059 0.447898 0.246767 0.00596276 0.311336 0.246767 -0.0603741 0.307458 0.246767 -0.0683574 0.44402 0.246767 0.00596276 0.311336 0.403123 0.00596276 0.311336 0.403123 -0.0603741 0.307458 0.246767 -0.0603741 0.307458 0.403123 0.00596276 0.311336 0.403123 -0.00202059 0.447898 0.403123 -0.0683574 0.44402 0.403123 -0.0603741 0.307458 0.403123 -0.00202059 0.447898 0.246767 -0.00202059 0.447898 0.246767 -0.0683574 0.44402 0.403123 -0.0683574 0.44402 0.246767 0.00596276 0.311336 0.246767 -0.00202059 0.447898 0.403123 -0.00202059 0.447898 0.403123 0.00596276 0.311336 0.403123 -0.0603741 0.307458 0.403123 -0.0683574 0.44402 0.246767 -0.0683574 0.44402 0.246767 -0.0603741 0.307458 0.465665 -0.00202059 0.447898 0.465665 0.00596276 0.311336 0.465665 -0.0603741 0.307458 0.465665 -0.0683574 0.44402 0.465665 0.00596276 0.311336 0.622021 0.00596276 0.311336 0.622021 -0.0603741 0.307458 0.465665 -0.0603741 0.307458 0.622021 0.00596276 0.311336 0.622021 -0.00202059 0.447898 0.622021 -0.0683574 0.44402 0.622021 -0.0603741 0.307458 0.622021 -0.00202059 0.447898 0.465665 -0.00202059 0.447898 0.465665 -0.0683574 0.44402 0.622021 -0.0683574 0.44402 0.465665 0.00596276 0.311336 0.465665 -0.00202059 0.447898 0.622021 -0.00202059 0.447898 0.622021 0.00596276 0.311336 0.622021 -0.0603741 0.307458 0.622021 -0.0683574 0.44402 0.465665 -0.0683574 0.44402 0.465665 -0.0603741 0.307458 -0.628824 -0.0131973 0.639083 -0.628824 -0.00521392 0.502522 -0.628824 -0.0715507 0.498644 -0.628824 -0.0795341 0.635205 -0.628824 -0.00521392 0.502522 -0.472469 -0.00521392 0.502522 -0.472469 -0.0715507 0.498644 -0.628824 -0.0715507 0.498644 -0.472469 -0.00521392 0.502522 -0.472469 -0.0131973 0.639083 -0.472469 -0.0795341 0.635205 -0.472469 -0.0715507 0.498644 -0.472469 -0.0131973 0.639083 -0.628824 -0.0131973 0.639083 -0.628824 -0.0795341 0.635205 -0.472469 -0.0795341 0.635205 -0.628824 -0.00521392 0.502522 -0.628824 -0.0131973 0.639083 -0.472469 -0.0131973 0.639083 -0.472469 -0.00521392 0.502522 -0.472469 -0.0715507 0.498644 -0.472469 -0.0795341 0.635205 -0.628824 -0.0795341 0.635205 -0.628824 -0.0715507 0.498644 -0.409927 -0.0131973 0.639083 -0.409927 -0.00521392 0.502522 -0.409927 -0.0715507 0.498644 -0.409927 -0.0795341 0.635205 -0.409927 -0.00521392 0.502522 -0.253571 -0.00521392 0.502522 -0.253571 -0.0715507 0.498644 -0.409927 -0.0715507 0.498644 -0.253571 -0.00521392 0.502522 -0.253571 -0.0131973 0.639083 -0.253571 -0.0795341 0.635205 -0.253571 -0.0715507 0.498644 -0.253571 -0.0131973 0.639083 -0.409927 -0.0131973 0.639083 -0.409927 -0.0795341 0.635205 -0.253571 -0.0795341 0.635205 -0.409927 -0.00521392 0.502522 -0.409927 -0.0131973 0.639083 -0.253571 -0.0131973 0.639083 -0.253571 -0.00521392 0.502522 -0.253571 -0.0715507 0.498644 -0.253571 -0.0795341 0.635205 -0.409927 -0.0795341 0.635205 -0.409927 -0.0715507 0.498644 -0.191029 -0.0131973 0.639083 -0.191029 -0.00521392 0.502522 -0.191029 -0.0715507 0.498644 -0.191029 -0.0795341 0.635205 -0.191029 -0.00521392 0.502522 -0.0346729 -0.00521392 0.502522 -0.0346729 -0.0715507 0.498644 -0.191029 -0.0715507 0.498644 -0.0346729 -0.00521392 0.502522 -0.0346729 -0.0131973 0.639083 -0.0346729 -0.0795341 0.635205 -0.0346729 -0.0715507 0.498644 -0.0346729 -0.0131973 0.639083 -0.191029 -0.0131973 0.639083 -0.191029 -0.0795341 0.635205 -0.0346729 -0.0795341 0.635205 -0.191029 -0.00521392 0.502522 -0.191029 -0.0131973 0.639083 -0.0346729 -0.0131973 0.639083 -0.0346729 -0.00521392 0.502522 -0.0346729 -0.0715507 0.498644 -0.0346729 -0.0795341 0.635205 -0.191029 -0.0795341 0.635205 -0.191029 -0.0715507 0.498644 0.0278693 -0.0131973 0.639083 0.0278693 -0.00521392 0.502522 0.0278693 -0.0715507 0.498644 0.0278693 -0.0795341 0.635205 0.0278693 -0.00521392 0.502522 0.184225 -0.00521392 0.502522 0.184225 -0.0715507 0.498644 0.0278693 -0.0715507 0.498644 0.184225 -0.00521392 0.502522 0.184225 -0.0131973 0.639083 0.184225 -0.0795341 0.635205 0.184225 -0.0715507 0.498644 0.184225 -0.0131973 0.639083 0.0278693 -0.0131973 0.639083 0.0278693 -0.0795341 0.635205 0.184225 -0.0795341 0.635205 0.0278693 -0.00521392 0.502522 0.0278693 -0.0131973 0.639083 0.184225 -0.0131973 0.639083 0.184225 -0.00521392 0.502522 0.184225 -0.0715507 0.498644 0.184225 -0.0795341 0.635205 0.0278693 -0.0795341 0.635205 0.0278693 -0.0715507 0.498644 0.246767 -0.00521392 0.502522 0.403123 -0.00521392 0.502522 0.403123 -0.0715507 0.498644 0.246767 -0.0715507 0.498644 0.246767 -0.00521392 0.502522 0.246767 -0.0715507 0.498644 0.246767 -0.0907108 0.826391 0.246767 -0.0243739 0.830269 0.465665 -0.0131973 0.639083 0.465665 -0.00521392 0.502522 0.465665 -0.0715507 0.498644 0.465665 -0.0795341 0.635205 0.465665 -0.00521392 0.502522 0.622021 -0.00521392 0.502522 0.622021 -0.0715507 0.498644 0.465665 -0.0715507 0.498644 0.622021 -0.00521392 0.502522 0.622021 -0.0131973 0.639083 0.622021 -0.0795341 0.635205 0.622021 -0.0715507 0.498644 0.622021 -0.0131973 0.639083 0.465665 -0.0131973 0.639083 0.465665 -0.0795341 0.635205 0.622021 -0.0795341 0.635205 0.465665 -0.00521392 0.502522 0.465665 -0.0131973 0.639083 0.622021 -0.0131973 0.639083 0.622021 -0.00521392 0.502522 0.622021 -0.0715507 0.498644 0.622021 -0.0795341 0.635205 0.465665 -0.0795341 0.635205 0.465665 -0.0715507 0.498644 -0.628824 -0.0243739 0.830269 -0.628824 -0.0163906 0.693708 -0.628824 -0.0827274 0.68983 -0.628824 -0.0907108 0.826391 -0.628824 -0.0163906 0.693708 -0.472469 -0.0163906 0.693708 -0.472469 -0.0827274 0.68983 -0.628824 -0.0827274 0.68983 -0.472469 -0.0163906 0.693708 -0.472469 -0.0243739 0.830269 -0.472469 -0.0907108 0.826391 -0.472469 -0.0827274 0.68983 -0.472469 -0.0243739 0.830269 -0.628824 -0.0243739 0.830269 -0.628824 -0.0907108 0.826391 -0.472469 -0.0907108 0.826391 -0.628824 -0.0163906 0.693708 -0.628824 -0.0243739 0.830269 -0.472469 -0.0243739 0.830269 -0.472469 -0.0163906 0.693708 -0.472469 -0.0827274 0.68983 -0.472469 -0.0907108 0.826391 -0.628824 -0.0907108 0.826391 -0.628824 -0.0827274 0.68983 -0.409926 -0.0243739 0.830269 -0.409926 -0.0163906 0.693708 -0.409926 -0.0827274 0.68983 -0.409926 -0.0907108 0.826391 -0.409926 -0.0163906 0.693708 -0.253571 -0.0163906 0.693708 -0.253571 -0.0827274 0.68983 -0.409926 -0.0827274 0.68983 -0.253571 -0.0163906 0.693708 -0.253571 -0.0243739 0.830269 -0.253571 -0.0907108 0.826391 -0.253571 -0.0827274 0.68983 -0.253571 -0.0243739 0.830269 -0.409926 -0.0243739 0.830269 -0.409926 -0.0907108 0.826391 -0.253571 -0.0907108 0.826391 -0.409926 -0.0163906 0.693708 -0.409926 -0.0243739 0.830269 -0.253571 -0.0243739 0.830269 -0.253571 -0.0163906 0.693708 -0.253571 -0.0827274 0.68983 -0.253571 -0.0907108 0.826391 -0.409926 -0.0907108 0.826391 -0.409926 -0.0827274 0.68983 -0.191028 -0.0243739 0.830269 -0.191028 -0.0163906 0.693708 -0.191028 -0.0827274 0.68983 -0.191028 -0.0907108 0.826391 -0.191028 -0.0163906 0.693708 -0.0346728 -0.0163906 0.693708 -0.0346728 -0.0827274 0.68983 -0.191028 -0.0827274 0.68983 -0.0346728 -0.0163906 0.693708 -0.0346728 -0.0243739 0.830269 -0.0346728 -0.0907108 0.826391 -0.0346728 -0.0827274 0.68983 -0.0346728 -0.0243739 0.830269 -0.191028 -0.0243739 0.830269 -0.191028 -0.0907108 0.826391 -0.0346728 -0.0907108 0.826391 -0.191028 -0.0163906 0.693708 -0.191028 -0.0243739 0.830269 -0.0346728 -0.0243739 0.830269 -0.0346728 -0.0163906 0.693708 -0.0346728 -0.0827274 0.68983 -0.0346728 -0.0907108 0.826391 -0.191028 -0.0907108 0.826391 -0.191028 -0.0827274 0.68983 0.0278695 -0.0243739 0.830269 0.0278695 -0.0163906 0.693708 0.0278695 -0.0827274 0.68983 0.0278695 -0.0907108 0.826391 0.0278695 -0.0163906 0.693708 0.184225 -0.0163906 0.693708 0.184225 -0.0827274 0.68983 0.0278695 -0.0827274 0.68983 0.184225 -0.0163906 0.693708 0.184225 -0.0243739 0.830269 0.184225 -0.0907108 0.826391 0.184225 -0.0827274 0.68983 0.184225 -0.0243739 0.830269 0.0278695 -0.0243739 0.830269 0.0278695 -0.0907108 0.826391 0.184225 -0.0907108 0.826391 0.0278695 -0.0163906 0.693708 0.0278695 -0.0243739 0.830269 0.184225 -0.0243739 0.830269 0.184225 -0.0163906 0.693708 0.184225 -0.0827274 0.68983 0.184225 -0.0907108 0.826391 0.0278695 -0.0907108 0.826391 0.0278695 -0.0827274 0.68983 0.403123 -0.00521392 0.502522 0.246767 -0.00521392 0.502522 0.246767 -0.0243739 0.830269 0.403123 -0.0243739 0.830269 0.403123 -0.0243739 0.830269 0.246767 -0.0243739 0.830269 0.246767 -0.0907108 0.826391 0.403123 -0.0907108 0.826391 0.246767 -0.0715507 0.498644 0.403123 -0.0715507 0.498644 0.403123 -0.0907108 0.826391 0.246767 -0.0907108 0.826391 0.403123 -0.0715507 0.498644 0.403123 -0.00521392 0.502522 0.403123 -0.0243739 0.830269 0.403123 -0.0907108 0.826391 0.465665 -0.0243739 0.830269 0.465665 -0.0163906 0.693708 0.465665 -0.0827274 0.68983 0.465665 -0.0907108 0.826391 0.465665 -0.0163906 0.693708 0.622021 -0.0163906 0.693708 0.622021 -0.0827274 0.68983 0.465665 -0.0827274 0.68983 0.622021 -0.0163906 0.693708 0.622021 -0.0243739 0.830269 0.622021 -0.0907108 0.826391 0.622021 -0.0827274 0.68983 0.622021 -0.0243739 0.830269 0.465665 -0.0243739 0.830269 0.465665 -0.0907108 0.826391 0.622021 -0.0907108 0.826391 0.465665 -0.0163906 0.693708 0.465665 -0.0243739 0.830269 0.622021 -0.0243739 0.830269 0.622021 -0.0163906 0.693708 0.622021 -0.0827274 0.68983 0.622021 -0.0907108 0.826391 0.465665 -0.0907108 0.826391 0.465665 -0.0827274 0.68983 </float_array>
          <technique_common>
            <accessor count="880" offset="0" source="#meshId0-positions-array" stride="3">
              <param name="X" type="float" />
              <param name="Y" type="float" />
              <param name="Z" type="float" />
            </accessor>
          </technique_common>
        </source>
        <source id="meshId0-normals" name="meshId0-normals">
          <float_array id="meshId0-normals-array" count="2640"> 0.130392 -0.785317 -0.605207 0.130392 -0.785317 -0.605207 0.130392 -0.785317 -0.605207 0.130392 -0.785317 -0.605207 0 -0.999989 0.00474909 0 -0.999989 0.00474909 0 -0.999989 0.00474909 0 -0.999989 0.00474909 -0.0590289 0.956639 0.285231 -0.0590289 0.956639 0.285231 -0.0590289 0.956639 0.285231 -0.0590289 0.956639 0.285231 0 0.998085 0.0618615 0 0.998085 0.0618615 0 0.998085 0.0618615 0 0.998085 0.0618615 0.889813 0.441732 -0.114484 0.889813 0.441732 -0.114484 0.889813 0.441732 -0.114484 0.889813 0.441732 -0.114484 0.998348 0.0566222 0.00976565 0.998348 0.0566222 0.00976565 0.998348 0.0566222 0.00976565 0.998348 0.0566222 0.00976565 0.500631 0.214364 0.838699 0.500631 0.214364 0.838699 0.500631 0.214364 0.838699 0.500631 0.214364 0.838699 0.137556 -0.838769 0.526825 0.137556 -0.838769 0.526825 0.137556 -0.838769 0.526825 0.137556 -0.838769 0.526825 0.6101 -0.792085 -0.0194661 0.6101 -0.792085 -0.0194661 0.6101 -0.792085 -0.0194661 0.6101 -0.792085 -0.0194661 0.700696 -0.486235 -0.522111 0.700696 -0.486235 -0.522111 0.700696 -0.486235 -0.522111 0.700696 -0.486235 -0.522111 0 -0.811969 0.583701 0 -0.811969 0.583701 0 -0.811969 0.583701 0 -0.811969 0.583701 0 0.998085 0.0618614 0 0.998085 0.0618614 0.48073 -0.875421 0.0503656 0.48073 -0.875421 0.0503656 0.48073 -0.875421 0.0503656 0.48073 -0.875421 0.0503656 0.900831 0.217912 0.375524 0.900831 0.217912 0.375524 0.900831 0.217912 0.375524 0.900831 0.217912 0.375524 0.0173184 0.997262 0.0718915 0.0173184 0.997262 0.0718915 0.0173184 0.997262 0.0718915 0.0173184 0.997262 0.0718915 0 -0.99999 0.00444899 0 -0.99999 0.00444899 0 -0.99999 0.00444899 0 -0.99999 0.00444899 0.754564 -0.628332 -0.189291 0.754564 -0.628332 -0.189291 0.754564 -0.628332 -0.189291 0.754564 -0.628332 -0.189291 0.998692 0.046656 0.0209113 0.998692 0.046656 0.0209113 0.998692 0.046656 0.0209113 0.998692 0.046656 0.0209113 0 0.971891 0.23543 0 0.971891 0.23543 0 0.971891 0.23543 0 0.971891 0.23543 0 -0.850864 -0.525386 0 -0.850864 -0.525386 0 -0.850864 -0.525386 0 -0.850864 -0.525386 0 0.998335 0.0576838 0 0.998335 0.0576838 0 0.998335 0.0576838 0 0.998335 0.0576838 0 -0.850864 -0.525386 0 -0.850864 -0.525386 0 -0.850864 -0.525386 0 -0.850864 -0.525385 0 -0.999989 0.00474909 0 -0.999989 0.00474909 0.272217 0.777069 -0.567505 0.272217 0.777069 -0.567505 0.272217 0.777069 -0.567505 0.272217 0.777069 -0.567505 0.418016 -0.300868 -0.85717 0.418016 -0.300868 -0.85717 0.418016 -0.300868 -0.85717 0.418016 -0.300868 -0.85717 0 0.13116 0.991361 0 0.13116 0.991361 0 0.13116 0.991361 0 0.13116 0.991361 0 0.761442 -0.648233 0 0.761442 -0.648233 0 0.761442 -0.648233 0 0.761442 -0.648233 0 0.971891 0.23543 0 0.971891 0.23543 0 0.971891 0.23543 0 -0.99999 0.00444899 0 -0.99999 0.00444899 0 0.971891 0.23543 -0.130392 -0.785317 -0.605207 -0.130392 -0.785317 -0.605207 -0.130392 -0.785317 -0.605207 -0.130392 -0.785317 -0.605207 0 -0.999989 0.00474909 0 -0.999989 0.00474909 0.0590289 0.956639 0.285231 0.0590289 0.956639 0.285231 0.0590289 0.956639 0.285231 0.0590289 0.956639 0.285231 0 0.998085 0.0618615 0 0.998085 0.0618615 -0.889813 0.441732 -0.114483 -0.889813 0.441732 -0.114483 -0.889813 0.441732 -0.114483 -0.889813 0.441732 -0.114483 -0.998348 0.0566222 0.00976561 -0.998348 0.0566222 0.00976561 -0.998348 0.0566222 0.00976561 -0.998348 0.0566222 0.00976561 -0.500631 0.214364 0.8387 -0.500631 0.214364 0.8387 -0.500631 0.214364 0.8387 -0.500631 0.214364 0.8387 -0.137556 -0.838769 0.526825 -0.137556 -0.838769 0.526825 -0.137556 -0.838769 0.526825 -0.137556 -0.838769 0.526825 -0.6101 -0.792085 -0.0194661 -0.6101 -0.792085 -0.0194661 -0.6101 -0.792085 -0.0194661 -0.6101 -0.792085 -0.0194661 -0.700696 -0.486235 -0.522111 -0.700696 -0.486235 -0.522111 -0.700696 -0.486235 -0.522111 -0.700696 -0.486235 -0.522111 -0.48073 -0.875421 0.0503658 -0.48073 -0.875421 0.0503658 -0.48073 -0.875421 0.0503658 -0.48073 -0.875421 0.0503658 -0.900831 0.217912 0.375522 -0.900831 0.217912 0.375522 -0.900831 0.217912 0.375522 -0.900831 0.217912 0.375522 -0.0173184 0.997262 0.0718915 -0.0173184 0.997262 0.0718915 -0.0173184 0.997262 0.0718915 -0.0173184 0.997262 0.0718915 0 -0.99999 0.00444899 0 -0.99999 0.00444899 -0.754564 -0.628332 -0.189291 -0.754564 -0.628332 -0.189291 -0.754564 -0.628332 -0.189291 -0.754564 -0.628332 -0.189291 -0.998692 0.046656 0.0209117 -0.998692 0.046656 0.0209117 -0.998692 0.046656 0.0209117 -0.998692 0.046656 0.0209117 0 0.971891 0.23543 0 0.971891 0.23543 0 -0.850864 -0.525385 0 -0.850864 -0.525385 -0.272217 0.777069 -0.567505 -0.272217 0.777069 -0.567505 -0.272217 0.777069 -0.567505 -0.272217 0.777069 -0.567505 -0.418016 -0.30087 -0.85717 -0.418016 -0.30087 -0.85717 -0.418016 -0.30087 -0.85717 -0.418016 -0.30087 -0.85717 0 0.0173985 -0.999849 0 0.0173985 -0.999849 0 0.0173985 -0.999849 0 0.0173985 -0.999849 -1 5.4837e-14 3.36587e-07 -1 5.4837e-14 3.36587e-07 -1 5.4837e-14 3.36587e-07 -1 5.4837e-14 3.36587e-07 0 0.0583603 -0.998296 0 0.0583603 -0.998296 0 0.0583603 -0.998296 0 0.0583603 -0.998296 1 -5.4837e-14 -3.36587e-07 1 -5.4837e-14 -3.36587e-07 1 -5.4837e-14 -3.36587e-07 1 -5.4837e-14 -3.36587e-07 0 -0.0583597 0.998296 0 -0.0583597 0.998296 0 -0.0583597 0.998296 0 -0.0583597 0.998296 0 0.998296 0.0583602 0 0.998296 0.0583602 0 0.998296 0.0583602 0 0.998296 0.0583602 0 -0.998296 -0.0583602 0 -0.998296 -0.0583602 0 -0.998296 -0.0583602 0 -0.998296 -0.0583602 -1 4.93533e-14 3.02928e-07 -1 4.93533e-14 3.02928e-07 -1 4.93533e-14 3.02928e-07 -1 4.93533e-14 3.02928e-07 0 0.0583603 -0.998296 0 0.0583603 -0.998296 0 0.0583603 -0.998296 0 0.0583603 -0.998296 1 -1.91929e-14 -1.17805e-07 1 -1.91929e-14 -1.17805e-07 1 -1.91929e-14 -1.17805e-07 1 -1.91929e-14 -1.17805e-07 0 -0.0583597 0.998296 0 -0.0583597 0.998296 0 -0.0583597 0.998296 0 -0.0583597 0.998296 0 0.998296 0.0583602 0 0.998296 0.0583602 0 0.998296 0.0583602 0 0.998296 0.0583602 0 -0.998296 -0.0583602 0 -0.998296 -0.0583602 0 -0.998296 -0.0583602 0 -0.998296 -0.0583602 -1 1.09674e-14 6.73174e-08 -1 1.09674e-14 6.73174e-08 -1 1.09674e-14 6.73174e-08 -1 1.09674e-14 6.73174e-08 0 0.0583603 -0.998296 0 0.0583603 -0.998296 0 0.0583603 -0.998296 0 0.0583603 -0.998296 1 -3.77004e-15 -2.31403e-08 1 -3.77004e-15 -2.31403e-08 1 -3.77004e-15 -2.31403e-08 1 -3.77004e-15 -2.31403e-08 0 -0.0583597 0.998296 0 -0.0583597 0.998296 0 -0.0583597 0.998296 0 -0.0583597 0.998296 0 0.998296 0.0583602 0 0.998296 0.0583602 0 0.998296 0.0583602 0 0.998296 0.0583602 0 -0.998296 -0.0583602 0 -0.998296 -0.0583602 0 -0.998296 -0.0583602 0 -0.998296 -0.0583602 -1 -2.39912e-15 -1.47257e-08 -1 -2.39912e-15 -1.47257e-08 -1 -2.39912e-15 -1.47257e-08 -1 -2.39912e-15 -1.47257e-08 0 0.0583603 -0.998296 0 0.0583603 -0.998296 0 0.0583603 -0.998296 0 0.0583603 -0.998296 1 1.91929e-14 1.17805e-07 1 1.91929e-14 1.17805e-07 1 1.91929e-14 1.17805e-07 1 1.91929e-14 1.17805e-07 0 -0.0583597 0.998296 0 -0.0583597 0.998296 0 -0.0583597 0.998296 0 -0.0583597 0.998296 0 0.998296 0.0583602 0 0.998296 0.0583602 0 0.998296 0.0583602 0 0.998296 0.0583602 0 -0.998296 -0.0583602 0 -0.998296 -0.0583602 0 -0.998296 -0.0583602 0 -0.998296 -0.0583602 -1 -2.46766e-14 -1.51464e-07 -1 -2.46766e-14 -1.51464e-07 -1 -2.46766e-14 -1.51464e-07 -1 -2.46766e-14 -1.51464e-07 0 0.0583603 -0.998296 0 0.0583603 -0.998296 0 0.0583603 -0.998296 0 0.0583603 -0.998296 1 2.74185e-14 1.68293e-07 1 2.74185e-14 1.68293e-07 1 2.74185e-14 1.68293e-07 1 2.74185e-14 1.68293e-07 0 -0.0583597 0.998296 0 -0.0583597 0.998296 0 -0.0583597 0.998296 0 -0.0583597 0.998296 0 0.998296 0.0583602 0 0.998296 0.0583602 0 0.998296 0.0583602 0 0.998296 0.0583602 0 -0.998296 -0.0583602 0 -0.998296 -0.0583602 0 -0.998296 -0.0583602 0 -0.998296 -0.0583602 -1 -3.83859e-14 -2.35611e-07 -1 -3.83859e-14 -2.35611e-07 -1 -3.83859e-14 -2.35611e-07 -1 -3.83859e-14 -2.35611e-07 0 0.0583603 -0.998296 0 0.0583603 -0.998296 0 0.0583603 -0.998296 0 0.0583603 -0.998296 1 5.4837e-14 3.36587e-07 1 5.4837e-14 3.36587e-07 1 5.4837e-14 3.36587e-07 1 5.4837e-14 3.36587e-07 0 -0.0583597 0.998296 0 -0.0583597 0.998296 0 -0.0583597 0.998296 0 -0.0583597 0.998296 0 0.998296 0.0583602 0 0.998296 0.0583602 0 0.998296 0.0583602 0 0.998296 0.0583602 0 -0.998296 -0.0583602 0 -0.998296 -0.0583602 0 -0.998296 -0.0583602 0 -0.998296 -0.0583602 -1 -6.03207e-14 -3.70246e-07 -1 -6.03207e-14 -3.70246e-07 -1 -6.03207e-14 -3.70246e-07 -1 -6.03207e-14 -3.70246e-07 0 0.0583602 -0.998296 0 0.0583602 -0.998296 0 0.0583602 -0.998296 0 0.0583602 -0.998296 1 3.29022e-14 2.01952e-07 1 3.29022e-14 2.01952e-07 1 3.29022e-14 2.01952e-07 1 3.29022e-14 2.01952e-07 0 -0.0583601 0.998296 0 -0.0583601 0.998296 0 -0.0583601 0.998296 0 -0.0583601 0.998296 0 0.998296 0.0583602 0 0.998296 0.0583602 0 0.998296 0.0583602 0 0.998296 0.0583602 0 -0.998296 -0.0583601 0 -0.998296 -0.0583601 0 -0.998296 -0.0583601 0 -0.998296 -0.0583601 -1 -3.29022e-14 -2.01952e-07 -1 -3.29022e-14 -2.01952e-07 -1 -3.29022e-14 -2.01952e-07 -1 -3.29022e-14 -2.01952e-07 0 0.0583602 -0.998296 0 0.0583602 -0.998296 0 0.0583602 -0.998296 0 0.0583602 -0.998296 1 1.37092e-14 8.41467e-08 1 1.37092e-14 8.41467e-08 1 1.37092e-14 8.41467e-08 1 1.37092e-14 8.41467e-08 0 -0.0583603 0.998296 0 -0.0583603 0.998296 0 -0.0583603 0.998296 0 -0.0583603 0.998296 0 0.998296 0.0583602 0 0.998296 0.0583602 0 0.998296 0.0583602 0 0.998296 0.0583602 0 -0.998296 -0.0583601 0 -0.998296 -0.0583601 0 -0.998296 -0.0583601 0 -0.998296 -0.0583601 -1 -1.09674e-14 -6.73174e-08 -1 -1.09674e-14 -6.73174e-08 -1 -1.09674e-14 -6.73174e-08 -1 -1.09674e-14 -6.73174e-08 0 0.0583602 -0.998296 0 0.0583602 -0.998296 0 0.0583602 -0.998296 0 0.0583602 -0.998296 1 2.39912e-15 1.47257e-08 1 2.39912e-15 1.47257e-08 1 2.39912e-15 1.47257e-08 1 2.39912e-15 1.47257e-08 0 -0.0583603 0.998296 0 -0.0583603 0.998296 0 -0.0583603 0.998296 0 -0.0583603 0.998296 0 0.998296 0.0583602 0 0.998296 0.0583602 0 0.998296 0.0583602 0 0.998296 0.0583602 0 -0.998296 -0.0583601 0 -0.998296 -0.0583601 0 -0.998296 -0.0583601 0 -0.998296 -0.0583601 -1 1.37092e-15 8.41467e-09 -1 1.37092e-15 8.41467e-09 -1 1.37092e-15 8.41467e-09 -1 1.37092e-15 8.41467e-09 0 0.0583602 -0.998296 0 0.0583602 -0.998296 0 0.0583602 -0.998296 0 0.0583602 -0.998296 1 -1.09674e-14 -6.73174e-08 1 -1.09674e-14 -6.73174e-08 1 -1.09674e-14 -6.73174e-08 1 -1.09674e-14 -6.73174e-08 0 -0.0583603 0.998296 0 -0.0583603 0.998296 0 -0.0583603 0.998296 0 -0.0583603 0.998296 0 0.998296 0.0583602 0 0.998296 0.0583602 0 0.998296 0.0583602 0 0.998296 0.0583602 0 -0.998296 -0.0583601 0 -0.998296 -0.0583601 0 -0.998296 -0.0583601 0 -0.998296 -0.0583601 -1 1.37092e-14 8.41467e-08 -1 1.37092e-14 8.41467e-08 -1 1.37092e-14 8.41467e-08 -1 1.37092e-14 8.41467e-08 0 0.0583602 -0.998296 0 0.0583602 -0.998296 0 0.0583602 -0.998296 0 0.0583602 -0.998296 1 -1.09674e-14 -6.73174e-08 1 -1.09674e-14 -6.73174e-08 1 -1.09674e-14 -6.73174e-08 1 -1.09674e-14 -6.73174e-08 0 -0.0583603 0.998296 0 -0.0583603 0.998296 0 -0.0583603 0.998296 0 -0.0583603 0.998296 0 0.998296 0.0583602 0 0.998296 0.0583602 0 0.998296 0.0583602 0 0.998296 0.0583602 0 -0.998296 -0.0583601 0 -0.998296 -0.0583601 0 -0.998296 -0.0583601 0 -0.998296 -0.0583601 -1 1.64511e-14 1.00976e-07 -1 1.64511e-14 1.00976e-07 -1 1.64511e-14 1.00976e-07 -1 1.64511e-14 1.00976e-07 0 0.0583602 -0.998296 0 0.0583602 -0.998296 0 0.0583602 -0.998296 0 0.0583602 -0.998296 1 -6.58043e-14 -4.03904e-07 1 -6.58043e-14 -4.03904e-07 1 -6.58043e-14 -4.03904e-07 1 -6.58043e-14 -4.03904e-07 0 -0.0583602 0.998296 0 -0.0583602 0.998296 0 -0.0583602 0.998296 0 -0.0583602 0.998296 0 0.998296 0.0583602 0 0.998296 0.0583602 0 0.998296 0.0583602 0 0.998296 0.0583602 0 -0.998296 -0.0583601 0 -0.998296 -0.0583601 0 -0.998296 -0.0583601 0 -0.998296 -0.0583601 -1 -5.48369e-14 -3.36587e-07 -1 -5.48369e-14 -3.36587e-07 -1 -5.48369e-14 -3.36587e-07 -1 -5.48369e-14 -3.36587e-07 0 0.0583596 -0.998296 0 0.0583596 -0.998296 0 0.0583596 -0.998296 0 0.0583596 -0.998296 1 -1.64511e-14 -1.00976e-07 1 -1.64511e-14 -1.00976e-07 1 -1.64511e-14 -1.00976e-07 1 -1.64511e-14 -1.00976e-07 0 -0.058361 0.998296 0 -0.058361 0.998296 0 -0.058361 0.998296 0 -0.058361 0.998296 0 0.998296 0.0583602 0 0.998296 0.0583602 0 0.998296 0.0583602 0 0.998296 0.0583602 0 -0.998296 -0.0583602 0 -0.998296 -0.0583602 0 -0.998296 -0.0583602 0 -0.998296 -0.0583602 -1 1.64511e-14 1.00976e-07 -1 1.64511e-14 1.00976e-07 -1 1.64511e-14 1.00976e-07 -1 1.64511e-14 1.00976e-07 0 0.0583596 -0.998296 0 0.0583596 -0.998296 0 0.0583596 -0.998296 0 0.0583596 -0.998296 1 -2.74185e-15 -1.68293e-08 1 -2.74185e-15 -1.68293e-08 1 -2.74185e-15 -1.68293e-08 1 -2.74185e-15 -1.68293e-08 0 -0.0583605 0.998296 0 -0.0583605 0.998296 0 -0.0583605 0.998296 0 -0.0583605 0.998296 0 0.998296 0.0583602 0 0.998296 0.0583602 0 0.998296 0.0583602 0 0.998296 0.0583602 0 -0.998296 -0.0583602 0 -0.998296 -0.0583602 0 -0.998296 -0.0583602 0 -0.998296 -0.0583602 -1 2.74185e-15 1.68293e-08 -1 2.74185e-15 1.68293e-08 -1 2.74185e-15 1.68293e-08 -1 2.74185e-15 1.68293e-08 0 0.0583598 -0.998296 0 0.0583598 -0.998296 0 0.0583598 -0.998296 0 0.0583598 -0.998296 1 1.37092e-15 8.41467e-09 1 1.37092e-15 8.41467e-09 1 1.37092e-15 8.41467e-09 1 1.37092e-15 8.41467e-09 0 -0.0583605 0.998296 0 -0.0583605 0.998296 0 -0.0583605 0.998296 0 -0.0583605 0.998296 0 0.998296 0.0583602 0 0.998296 0.0583602 0 0.998296 0.0583602 0 0.998296 0.0583602 0 -0.998296 -0.0583601 0 -0.998296 -0.0583601 0 -0.998296 -0.0583601 0 -0.998296 -0.0583601 -1 -6.85462e-16 -4.20733e-09 -1 -6.85462e-16 -4.20733e-09 -1 -6.85462e-16 -4.20733e-09 -1 -6.85462e-16 -4.20733e-09 0 0.0583598 -0.998296 0 0.0583598 -0.998296 0 0.0583598 -0.998296 0 0.0583598 -0.998296 1 -1.64511e-14 -1.00976e-07 1 -1.64511e-14 -1.00976e-07 1 -1.64511e-14 -1.00976e-07 1 -1.64511e-14 -1.00976e-07 0 -0.0583605 0.998296 0 -0.0583605 0.998296 0 -0.0583605 0.998296 0 -0.0583605 0.998296 0 0.998296 0.0583602 0 0.998296 0.0583602 0 0.998296 0.0583602 0 0.998296 0.0583602 0 -0.998296 -0.0583602 0 -0.998296 -0.0583602 0 -0.998296 -0.0583602 0 -0.998296 -0.0583602 -1 -5.48369e-15 -3.36587e-08 -1 -5.48369e-15 -3.36587e-08 -1 -5.48369e-15 -3.36587e-08 -1 -5.48369e-15 -3.36587e-08 0 0.0583598 -0.998296 0 0.0583598 -0.998296 0 0.0583598 -0.998296 0 0.0583598 -0.998296 1 1.09674e-14 6.73174e-08 1 1.09674e-14 6.73174e-08 1 1.09674e-14 6.73174e-08 1 1.09674e-14 6.73174e-08 0 -0.058361 0.998296 0 -0.058361 0.998296 0 -0.058361 0.998296 0 -0.058361 0.998296 0 0.998296 0.0583602 0 0.998296 0.0583602 0 0.998296 0.0583602 0 0.998296 0.0583602 0 -0.998296 -0.0583601 0 -0.998296 -0.0583601 0 -0.998296 -0.0583601 0 -0.998296 -0.0583601 -1 -1.09674e-14 -6.73174e-08 -1 -1.09674e-14 -6.73174e-08 -1 -1.09674e-14 -6.73174e-08 -1 -1.09674e-14 -6.73174e-08 0 0.0583597 -0.998296 0 0.0583597 -0.998296 0 0.0583597 -0.998296 0 0.0583597 -0.998296 1 2.19348e-14 1.34635e-07 1 2.19348e-14 1.34635e-07 1 2.19348e-14 1.34635e-07 1 2.19348e-14 1.34635e-07 0 -0.0583605 0.998296 0 -0.0583605 0.998296 0 -0.0583605 0.998296 0 -0.0583605 0.998296 0 0.998296 0.0583602 0 0.998296 0.0583602 0 0.998296 0.0583602 0 0.998296 0.0583602 0 -0.998296 -0.0583601 0 -0.998296 -0.0583601 0 -0.998296 -0.0583601 0 -0.998296 -0.0583601 -1 4.38696e-14 2.69269e-07 -1 4.38696e-14 2.69269e-07 -1 4.38696e-14 2.69269e-07 -1 4.38696e-14 2.69269e-07 0 0.0583596 -0.998296 0 0.0583596 -0.998296 0 0.0583596 -0.998296 0 0.0583596 -0.998296 1 -5.4837e-14 -3.36587e-07 1 -5.4837e-14 -3.36587e-07 1 -5.4837e-14 -3.36587e-07 1 -5.4837e-14 -3.36587e-07 0 -0.0583601 0.998296 0 -0.0583601 0.998296 0 -0.0583601 0.998296 0 -0.0583601 0.998296 0 0.998296 0.0583601 0 0.998296 0.0583601 0 0.998296 0.0583601 0 0.998296 0.0583601 0 -0.998296 -0.0583602 0 -0.998296 -0.0583602 0 -0.998296 -0.0583602 0 -0.998296 -0.0583602 -1 5.4837e-14 3.36587e-07 -1 5.4837e-14 3.36587e-07 -1 5.4837e-14 3.36587e-07 -1 5.4837e-14 3.36587e-07 0 0.0583596 -0.998296 0 0.0583596 -0.998296 0 0.0583596 -0.998296 0 0.0583596 -0.998296 1 -3.83859e-14 -2.35611e-07 1 -3.83859e-14 -2.35611e-07 1 -3.83859e-14 -2.35611e-07 1 -3.83859e-14 -2.35611e-07 0 -0.05836 0.998296 0 -0.05836 0.998296 0 -0.05836 0.998296 0 -0.05836 0.998296 0 0.998296 0.0583601 0 0.998296 0.0583601 0 0.998296 0.0583601 0 0.998296 0.0583601 0 -0.998296 -0.0583602 0 -0.998296 -0.0583602 0 -0.998296 -0.0583602 0 -0.998296 -0.0583602 -1 -8.22554e-15 -5.0488e-08 -1 -8.22554e-15 -5.0488e-08 -1 -8.22554e-15 -5.0488e-08 -1 -8.22554e-15 -5.0488e-08 0 0.0583596 -0.998296 0 0.0583596 -0.998296 0 0.0583596 -0.998296 0 0.0583596 -0.998296 1 -1.71365e-15 -1.05183e-08 1 -1.71365e-15 -1.05183e-08 1 -1.71365e-15 -1.05183e-08 1 -1.71365e-15 -1.05183e-08 0 -0.05836 0.998296 0 -0.05836 0.998296 0 -0.05836 0.998296 0 -0.05836 0.998296 0 0.998296 0.0583601 0 0.998296 0.0583601 0 0.998296 0.0583601 0 0.998296 0.0583601 0 -0.998296 -0.0583602 0 -0.998296 -0.0583602 0 -0.998296 -0.0583602 0 -0.998296 -0.0583602 -1 0 -0 -1 0 -0 -1 0 -0 -1 0 -0 0 0.0583596 -0.998296 0 0.0583596 -0.998296 0 0.0583596 -0.998296 0 0.0583596 -0.998296 1 1.09674e-14 6.73174e-08 1 1.09674e-14 6.73174e-08 1 1.09674e-14 6.73174e-08 1 1.09674e-14 6.73174e-08 0 -0.05836 0.998296 0 -0.05836 0.998296 0 -0.05836 0.998296 0 -0.05836 0.998296 0 0.998296 0.0583601 0 0.998296 0.0583601 0 0.998296 0.0583601 0 0.998296 0.0583601 0 -0.998296 -0.0583602 0 -0.998296 -0.0583602 0 -0.998296 -0.0583602 0 -0.998296 -0.0583602 0 0.0583596 -0.998296 0 0.0583596 -0.998296 0 0.0583596 -0.998296 0 0.0583596 -0.998296 -1 -1.21459e-08 2.24391e-07 -1 -1.21459e-08 2.24391e-07 -1 -1.21459e-08 2.24391e-07 -1 -1.21459e-08 2.24391e-07 -1 -1.64511e-14 -1.00976e-07 -1 -1.64511e-14 -1.00976e-07 -1 -1.64511e-14 -1.00976e-07 -1 -1.64511e-14 -1.00976e-07 0 0.0583596 -0.998296 0 0.0583596 -0.998296 0 0.0583596 -0.998296 0 0.0583596 -0.998296 1 -2.19348e-14 -1.34635e-07 1 -2.19348e-14 -1.34635e-07 1 -2.19348e-14 -1.34635e-07 1 -2.19348e-14 -1.34635e-07 0 -0.0583591 0.998296 0 -0.0583591 0.998296 0 -0.0583591 0.998296 0 -0.0583591 0.998296 0 0.998296 0.0583601 0 0.998296 0.0583601 0 0.998296 0.0583601 0 0.998296 0.0583601 0 -0.998296 -0.0583602 0 -0.998296 -0.0583602 0 -0.998296 -0.0583602 0 -0.998296 -0.0583602 -1 -1.4806e-13 -9.08785e-07 -1 -1.4806e-13 -9.08785e-07 -1 -1.4806e-13 -9.08785e-07 -1 -1.4806e-13 -9.08785e-07 0 0.0583601 -0.998296 0 0.0583601 -0.998296 0 0.0583601 -0.998296 0 0.0583601 -0.998296 1 5.4837e-15 3.36587e-08 1 5.4837e-15 3.36587e-08 1 5.4837e-15 3.36587e-08 1 5.4837e-15 3.36587e-08 0 -0.05836 0.998296 0 -0.05836 0.998296 0 -0.05836 0.998296 0 -0.05836 0.998296 0 0.998296 0.0583601 0 0.998296 0.0583601 0 0.998296 0.0583601 0 0.998296 0.0583601 0 -0.998296 -0.0583602 0 -0.998296 -0.0583602 0 -0.998296 -0.0583602 0 -0.998296 -0.0583602 -1 -4.93533e-14 -3.02928e-07 -1 -4.93533e-14 -3.02928e-07 -1 -4.93533e-14 -3.02928e-07 -1 -4.93533e-14 -3.02928e-07 0 0.05836 -0.998296 0 0.05836 -0.998296 0 0.05836 -0.998296 0 0.05836 -0.998296 1 2.19348e-14 1.34635e-07 1 2.19348e-14 1.34635e-07 1 2.19348e-14 1.34635e-07 1 2.19348e-14 1.34635e-07 0 -0.0583591 0.998296 0 -0.0583591 0.998296 0 -0.0583591 0.998296 0 -0.0583591 0.998296 0 0.998296 0.0583601 0 0.998296 0.0583601 0 0.998296 0.0583601 0 0.998296 0.0583601 0 -0.998296 -0.0583602 0 -0.998296 -0.0583602 0 -0.998296 -0.0583602 0 -0.998296 -0.0583602 -1 -2.19348e-14 -1.34635e-07 -1 -2.19348e-14 -1.34635e-07 -1 -2.19348e-14 -1.34635e-07 -1 -2.19348e-14 -1.34635e-07 0 0.0583601 -0.998296 0 0.0583601 -0.998296 0 0.0583601 -0.998296 0 0.0583601 -0.998296 1 -3.42731e-16 -2.10367e-09 1 -3.42731e-16 -2.10367e-09 1 -3.42731e-16 -2.10367e-09 1 -3.42731e-16 -2.10367e-09 0 -0.0583591 0.998296 0 -0.0583591 0.998296 0 -0.0583591 0.998296 0 -0.0583591 0.998296 0 0.998296 0.0583601 0 0.998296 0.0583601 0 0.998296 0.0583601 0 0.998296 0.0583601 0 -0.998296 -0.0583602 0 -0.998296 -0.0583602 0 -0.998296 -0.0583602 0 -0.998296 -0.0583602 -1 5.14097e-15 3.1555e-08 -1 5.14097e-15 3.1555e-08 -1 5.14097e-15 3.1555e-08 -1 5.14097e-15 3.1555e-08 0 0.0583601 -0.998296 0 0.0583601 -0.998296 0 0.0583601 -0.998296 0 0.0583601 -0.998296 1 -2.46766e-14 -1.51464e-07 1 -2.46766e-14 -1.51464e-07 1 -2.46766e-14 -1.51464e-07 1 -2.46766e-14 -1.51464e-07 0 -0.0583601 0.998296 0 -0.0583601 0.998296 0 -0.0583601 0.998296 0 -0.0583601 0.998296 0 0.998296 0.0583601 0 0.998296 0.0583601 0 0.998296 0.0583601 0 0.998296 0.0583601 0 -0.998296 -0.0583602 0 -0.998296 -0.0583602 0 -0.998296 -0.0583602 0 -0.998296 -0.0583602 0 0.998296 0.0583601 0 0.998296 0.0583601 0 0.998296 0.0583601 0 0.998296 0.0583601 0 -0.0583601 0.998296 0 -0.0583601 0.998296 0 -0.0583601 0.998296 0 -0.0583601 0.998296 0 -0.998296 -0.0583602 0 -0.998296 -0.0583602 0 -0.998296 -0.0583602 0 -0.998296 -0.0583602 1 1.21459e-08 -2.24391e-07 1 1.21459e-08 -2.24391e-07 1 1.21459e-08 -2.24391e-07 1 1.21459e-08 -2.24391e-07 -1 1.64511e-14 1.00976e-07 -1 1.64511e-14 1.00976e-07 -1 1.64511e-14 1.00976e-07 -1 1.64511e-14 1.00976e-07 0 0.05836 -0.998296 0 0.05836 -0.998296 0 0.05836 -0.998296 0 0.05836 -0.998296 1 -2.19348e-14 -1.34635e-07 1 -2.19348e-14 -1.34635e-07 1 -2.19348e-14 -1.34635e-07 1 -2.19348e-14 -1.34635e-07 0 -0.0583591 0.998296 0 -0.0583591 0.998296 0 -0.0583591 0.998296 0 -0.0583591 0.998296 0 0.998296 0.0583601 0 0.998296 0.0583601 0 0.998296 0.0583601 0 0.998296 0.0583601 0 -0.998296 -0.0583602 0 -0.998296 -0.0583602 0 -0.998296 -0.0583602 0 -0.998296 -0.0583602 </float_array>
          <technique_common>
            <accessor count="880" offset="0" source="#meshId0-normals-array" stride="3">
              <param name="X" type="float" />
              <param name="Y" type="float" />
              <param name="Z" type="float" />
            </accessor>
          </technique_common>
        </source>
        <source id="meshId0-tangents" name="meshId0-tangents">
          <float_array id="meshId0-tangents-array" count="2640"> 0.991463 0.10328 0.0795934 0.986611 0.16309 0.000939228 0.958199 0.256604 -0.126526 0.985604 0.168933 -0.00685958 1 0 0 1 0 0 1 0 0 1 0 0 -0.998256 -0.056568 -0.0168663 -0.998169 -0.0603383 -0.00420295 -0.99746 -0.0679328 0.0214149 -0.99815 -0.0607389 -0.00285551 -1 0 0 -1 -2.44824e-09 3.95004e-08 -1 -7.70554e-08 1.24323e-06 -1 -7.46502e-08 1.20442e-06 -0.429951 0.895626 0.114002 -0.4318 0.896201 0.101846 -0.432932 0.896494 0.0941752 -0.430973 0.895958 0.107336 -0.0573805 0.991327 0.118227 -0.0573825 0.991247 0.118894 -0.0573826 0.991245 0.118916 -0.0573806 0.991325 0.118245 0.00258342 -0.96922 0.246182 -0.000481703 -0.968785 0.247901 -0.00260989 -0.968476 0.249092 0.000472691 -0.968922 0.247366 0.990494 0.116485 -0.0731634 0.989843 0.135694 -0.042411 0.971249 0.21856 0.0943775 0.977977 0.199303 0.061961 0.791909 0.6088 0.0473708 0.791524 0.608196 0.0598903 0.791482 0.608135 0.0610582 0.791863 0.608723 0.0490832 0.608212 0.789645 0.0808617 0.615311 0.782261 0.0972664 0.623467 0.773082 0.11676 0.615908 0.781615 0.0986681 1 1.24689e-07 1.73451e-07 1 2.74735e-07 3.82176e-07 1 2.91868e-07 4.06009e-07 1 1.30261e-07 1.81202e-07 -1 -9.64975e-09 1.55691e-07 -1 -1.16907e-08 1.8862e-07 0.873997 0.48301 0.0532137 0.874438 0.48288 0.0467547 0.875147 0.482592 0.0349733 0.874821 0.482739 0.0406441 -0.2803 0.952416 0.119727 -0.277064 0.954443 0.110787 -0.275208 0.955558 0.105687 -0.278504 0.953555 0.114758 -0.99985 0.0172336 0.00180016 -0.99985 0.0172506 0.0015644 -0.99985 0.0172736 0.00124523 -0.99985 0.0172564 0.00148417 1 0 0 1 0 0 1 0 0 1 0 0 0.650966 0.753149 0.0949202 0.650817 0.753496 0.0931754 0.650772 0.753598 0.0926586 0.650948 0.753191 0.0947096 -0.0488062 0.991807 0.11805 -0.0488384 0.991553 0.120154 -0.0488427 0.991519 0.120435 -0.0488079 0.991794 0.118162 -1 -1.78578e-07 7.37196e-07 -1 -1.65207e-07 6.81999e-07 -1 0 0 -1 -1.33707e-08 5.51963e-08 1 0 0 1 0 0 1 0 0 1 0 0 -1 -9.36385e-09 1.6206e-07 -1 -1.83801e-08 3.18104e-07 -1 -1.87477e-08 3.24467e-07 -1 -9.72743e-09 1.68353e-07 1 -1.26408e-07 2.04718e-07 1 -1.26335e-07 2.04599e-07 1 -1.28862e-07 2.08693e-07 1 -1.28714e-07 2.08452e-07 1 6.62502e-10 1.39499e-07 1 6.78082e-10 1.4278e-07 -0.936662 0.349061 0.0286675 -0.935838 0.351 0.0317185 -0.935439 0.351928 0.0331809 -0.936277 0.349972 0.0300996 0.00893541 -0.942156 0.335056 -0.00126199 -0.943755 0.330644 -0.00865972 -0.94484 0.327418 0.00130512 -0.943363 0.331759 -1.08961e-06 -0.991361 0.13116 1.04313e-06 -0.991361 0.13116 1.07768e-06 -0.991361 0.13116 -1.04537e-06 -0.991361 0.13116 -1 1.93452e-07 2.27238e-07 -1 1.93478e-07 2.27267e-07 -1 1.95571e-07 2.29726e-07 -1 1.95536e-07 2.29685e-07 -1 -5.06688e-08 2.09169e-07 -1 -5.06688e-08 2.09169e-07 -1 -5.06688e-08 2.09169e-07 1 9.09735e-10 2.04479e-07 1 8.69209e-10 1.95371e-07 -1 -3.5594e-08 1.46938e-07 0.991463 -0.10328 -0.0795935 0.985604 -0.168933 0.00685957 0.958199 -0.256604 0.126526 0.986611 -0.16309 -0.000939271 1 0 0 1 0 0 -0.998256 0.056568 0.0168663 -0.99815 0.0607389 0.00285546 -0.99746 0.0679329 -0.0214151 -0.998169 0.0603384 0.0042029 -1 -4.94794e-08 7.9831e-07 -1 -1.57208e-09 2.53643e-08 0.42995 0.895626 0.114005 0.430973 0.895958 0.107339 0.432932 0.896493 0.0941778 0.4318 0.896201 0.101849 0.0573805 0.991328 0.118223 0.0573806 0.991326 0.118242 0.0573826 0.991245 0.118918 0.0573825 0.991247 0.118896 -0.00258305 -0.96922 0.246182 -0.000472368 -0.968922 0.247365 0.00261014 -0.968477 0.249091 0.000482005 -0.968786 0.2479 0.990494 -0.116485 0.0731634 0.977977 -0.199304 -0.0619619 0.971249 -0.218561 -0.0943787 0.989843 -0.135694 0.0424108 0.791909 -0.6088 -0.0473698 0.791864 -0.608723 -0.0490822 0.791482 -0.608135 -0.0610576 0.791524 -0.608196 -0.0598896 -0.608211 0.789646 0.0808606 -0.615906 0.781617 0.0986642 -0.623464 0.773085 0.116753 -0.615309 0.782262 0.0972628 0.873997 -0.483009 -0.0532169 0.874821 -0.482739 -0.0406451 0.875147 -0.482592 -0.0349733 0.874437 -0.48288 -0.0467567 0.280301 0.952416 0.119728 0.278504 0.953554 0.114758 0.275208 0.955558 0.105687 0.277064 0.954443 0.110787 -0.99985 -0.0172333 -0.00180349 -0.99985 -0.0172563 -0.0014856 -0.99985 -0.0172736 -0.00124523 -0.99985 -0.0172504 -0.00156631 1 0 0 1 0 0 -0.650966 0.753149 0.0949203 -0.650948 0.753191 0.0947095 -0.650772 0.753598 0.0926568 -0.650817 0.753496 0.093174 0.0488063 0.991807 0.118051 0.048808 0.991794 0.118163 0.0488428 0.991518 0.120439 0.0488385 0.991553 0.120157 -1 0 0 -1 -1.76119e-07 7.27046e-07 1 0 0 1 0 0 -0.936662 -0.34906 -0.0286676 -0.936277 -0.349972 -0.0300997 -0.935439 -0.351928 -0.033181 -0.935838 -0.351 -0.0317186 -0.008941 -0.942154 0.33506 -0.00130687 -0.943363 0.331761 0.00866302 -0.94484 0.327417 0.00126155 -0.943754 0.330646 -2.50211e-06 -0.999849 -0.0173985 -2.43538e-06 -0.999849 -0.0173985 0 -0.999849 -0.0173985 -2.8785e-08 -0.999849 -0.0173985 1.9703e-08 0.998285 0.0585375 1.97039e-08 0.998285 0.05854 1.97042e-08 0.998285 0.058541 1.97033e-08 0.998285 0.0585385 0 -0.998296 -0.0583603 0 -0.998296 -0.0583603 0 -0.998296 -0.0583603 0 -0.998296 -0.0583603 -1.97032e-08 -0.998285 -0.0585379 -1.9703e-08 -0.998285 -0.0585376 -1.9703e-08 -0.998285 -0.0585375 -1.97031e-08 -0.998285 -0.0585378 0 0.998296 0.0583597 0 0.998296 0.0583597 0 0.998296 0.0583597 0 0.998296 0.0583597 0 0.0583602 -0.998296 0 0.0583602 -0.998296 0 0.0583602 -0.998296 0 0.0583602 -0.998296 0 -0.0583602 0.998296 0 -0.0583602 0.998296 0 -0.0583602 0.998296 0 -0.0583602 0.998296 1.77327e-08 0.998285 0.0585375 1.77328e-08 0.998285 0.0585378 1.77328e-08 0.998285 0.0585379 1.77327e-08 0.998285 0.0585376 0 -0.998296 -0.0583603 0 -0.998296 -0.0583603 0 -0.998296 -0.0583603 0 -0.998296 -0.0583603 6.8961e-09 0.998285 0.0585379 6.89607e-09 0.998285 0.0585376 6.89605e-09 0.998285 0.0585375 6.89609e-09 0.998285 0.0585378 0 0.998296 0.0583597 0 0.998296 0.0583597 0 0.998296 0.0583597 0 0.998296 0.0583597 0 0.0583602 -0.998296 0 0.0583602 -0.998296 0 0.0583602 -0.998296 0 0.0583602 -0.998296 0 -0.0583602 0.998296 -6.9403e-07 -0.0583602 0.998296 -1.51673e-06 -0.0583602 0.998296 -8.22702e-07 -0.0583602 0.998296 3.9406e-09 0.998285 0.0585375 3.94062e-09 0.998285 0.0585378 3.94063e-09 0.998285 0.0585379 3.94061e-09 0.998285 0.0585376 0 -0.998296 -0.0583603 0 -0.998296 -0.0583603 0 -0.998296 -0.0583603 0 -0.998296 -0.0583603 1.35466e-09 0.998285 0.0585411 1.35466e-09 0.998285 0.0585407 1.35465e-09 0.998285 0.0585406 1.35466e-09 0.998285 0.0585409 -3.12446e-06 0.998296 0.0583597 -7.99346e-07 0.998296 0.0583597 0 0.998296 0.0583597 -2.32511e-06 0.998296 0.0583597 0 -0.0583602 0.998296 0 -0.0583602 0.998296 0 -0.0583602 0.998296 0 -0.0583602 0.998296 0 -0.0583602 0.998296 0 -0.0583602 0.998296 0 -0.0583602 0.998296 0 -0.0583602 0.998296 -8.62006e-10 0.998285 0.0585375 -8.62011e-10 0.998285 0.0585378 -8.62013e-10 0.998285 0.0585379 -8.62008e-10 0.998285 0.0585376 0 -0.998296 -0.0583603 0 -0.998296 -0.0583603 0 -0.998296 -0.0583603 0 -0.998296 -0.0583603 -6.89647e-09 0.998285 0.0585411 -6.89643e-09 0.998285 0.0585407 -6.89642e-09 0.998285 0.0585406 -6.89646e-09 0.998285 0.0585409 0 0.998296 0.0583597 0 0.998296 0.0583597 0 0.998296 0.0583597 0 0.998296 0.0583597 0 -0.0583602 0.998296 0 -0.0583602 0.998296 0 -0.0583602 0.998296 0 -0.0583602 0.998296 0 0.0583602 -0.998296 0 0.0583602 -0.998296 0 0.0583602 -0.998296 0 0.0583602 -0.998296 -8.86635e-09 0.998285 0.0585375 -8.8664e-09 0.998285 0.0585378 -8.86642e-09 0.998285 0.0585379 -8.86637e-09 0.998285 0.0585376 0 0.998296 0.0583603 0 0.998296 0.0583603 0 0.998296 0.0583603 0 0.998296 0.0583603 9.8521e-09 -0.998285 -0.0585411 9.85205e-09 -0.998285 -0.0585407 9.85202e-09 -0.998285 -0.0585406 9.85208e-09 -0.998285 -0.0585409 0 0.998296 0.0583597 0 0.998296 0.0583597 0 0.998296 0.0583597 0 0.998296 0.0583597 0 -0.0583602 0.998296 0 -0.0583602 0.998296 0 -0.0583602 0.998296 0 -0.0583602 0.998296 0 -0.0583602 0.998296 0 -0.0583602 0.998296 0 -0.0583602 0.998296 0 -0.0583602 0.998296 -1.37921e-08 0.998285 0.0585375 -1.37922e-08 0.998285 0.0585378 -1.37922e-08 0.998285 0.0585379 -1.37921e-08 0.998285 0.0585376 0 -0.998296 -0.0583602 0 -0.998296 -0.0583603 0 -0.998296 -0.0583602 0 -0.998296 -0.0583603 1.97032e-08 -0.998285 -0.0585379 1.9703e-08 -0.998285 -0.0585376 1.9703e-08 -0.998285 -0.0585375 1.97031e-08 -0.998285 -0.0585378 0 0.998296 0.0583597 0 0.998296 0.0583597 0 0.998296 0.0583597 0 0.998296 0.0583597 0 0.0583602 -0.998296 0 0.0583602 -0.998296 0 0.0583602 -0.998296 0 0.0583602 -0.998296 0 -0.0583602 0.998296 0 -0.0583602 0.998296 0 -0.0583602 0.998296 0 -0.0583602 0.998296 -2.16736e-08 0.998285 0.0585383 -2.16736e-08 0.998285 0.0585382 -2.16735e-08 0.998285 0.0585381 -2.16736e-08 0.998285 0.0585382 0 -0.998296 -0.0583602 0 -0.998296 -0.0583602 0 -0.998296 -0.0583602 0 -0.998296 -0.0583602 -1.18219e-08 0.998285 0.0585381 -1.1822e-08 0.998285 0.0585382 -1.1822e-08 0.998285 0.0585383 -1.18219e-08 0.998285 0.0585382 0 0.998296 0.0583601 0 0.998296 0.0583601 0 0.998296 0.0583601 0 0.998296 0.0583601 0 0.0583602 -0.998296 0 0.0583602 -0.998296 0 0.0583602 -0.998296 0 0.0583602 -0.998296 0 0.0583601 -0.998296 0 0.0583601 -0.998296 0 0.0583601 -0.998296 0 0.0583601 -0.998296 -1.18226e-08 0.998285 0.0585414 -1.18221e-08 0.998285 0.0585391 -1.18219e-08 0.998285 0.0585381 -1.18224e-08 0.998285 0.0585405 0 0.998296 0.0583602 0 0.998296 0.0583602 0 0.998296 0.0583602 0 0.998296 0.0583602 4.92581e-09 -0.998285 -0.0585381 4.92581e-09 -0.998285 -0.0585382 4.92582e-09 -0.998285 -0.0585383 4.92581e-09 -0.998285 -0.0585382 0 0.998296 0.0583603 0 0.998296 0.0583603 0 0.998296 0.0583603 0 0.998296 0.0583603 0 0.0583602 -0.998296 0 0.0583602 -0.998296 0 0.0583602 -0.998296 0 0.0583602 -0.998296 0 -0.0583601 0.998296 0 -0.0583601 0.998296 0 -0.0583601 0.998296 0 -0.0583601 0.998296 3.94065e-09 -0.998285 -0.0585383 3.9408e-09 -0.998285 -0.0585404 3.94085e-09 -0.998285 -0.0585413 3.94071e-09 -0.998285 -0.0585391 0 0.998296 0.0583602 0 0.998296 0.0583602 0 0.998296 0.0583602 0 0.998296 0.0583602 8.62062e-10 -0.998285 -0.0585413 8.62063e-10 -0.998285 -0.0585414 8.62064e-10 -0.998285 -0.0585414 8.62063e-10 -0.998285 -0.0585413 -3.12446e-06 0.998296 0.0583603 -7.99346e-07 0.998296 0.0583603 0 0.998296 0.0583603 -2.32511e-06 0.998296 0.0583603 0 -0.0583602 0.998296 0 -0.0583602 0.998296 0 -0.0583602 0.998296 0 -0.0583602 0.998296 0 -0.0583601 0.998296 0 -0.0583601 0.998296 0 -0.0583601 0.998296 0 -0.0583601 0.998296 4.92582e-10 0.998285 0.0585383 4.92581e-10 0.998285 0.0585382 4.92581e-10 0.998285 0.0585381 4.92581e-10 0.998285 0.0585382 0 -0.998296 -0.0583602 0 -0.998296 -0.0583602 0 -0.998296 -0.0583602 0 -0.998296 -0.0583602 -3.94085e-09 -0.998285 -0.0585413 -3.94086e-09 -0.998285 -0.0585414 -3.94086e-09 -0.998285 -0.0585414 -3.94086e-09 -0.998285 -0.0585413 0 0.998296 0.0583603 0 0.998296 0.0583603 0 0.998296 0.0583603 0 0.998296 0.0583603 0 0.0583602 -0.998296 0 0.0583602 -0.998296 0 0.0583602 -0.998296 0 0.0583602 -0.998296 0 -0.0583601 0.998296 0 -0.0583601 0.998296 0 -0.0583601 0.998296 0 -0.0583601 0.998296 -4.92582e-09 -0.998285 -0.0585383 -4.92581e-09 -0.998285 -0.0585382 -4.92581e-09 -0.998285 -0.0585381 -4.92581e-09 -0.998285 -0.0585382 0 -0.998296 -0.0583602 0 -0.998296 -0.0583602 0 -0.998296 -0.0583602 0 -0.998296 -0.0583602 3.94065e-09 0.998285 0.0585381 3.94065e-09 0.998285 0.0585382 3.94065e-09 0.998285 0.0585383 3.94065e-09 0.998285 0.0585382 0 -0.998296 -0.0583603 0 -0.998296 -0.0583603 0 -0.998296 -0.0583603 0 -0.998296 -0.0583603 0 -0.0583602 0.998296 0 -0.0583602 0.998296 0 -0.0583602 0.998296 0 -0.0583602 0.998296 0 0.0583601 -0.998296 0 0.0583601 -0.998296 0 0.0583601 -0.998296 0 0.0583601 -0.998296 5.91129e-09 0.998285 0.0585414 5.91106e-09 0.998285 0.0585391 5.91097e-09 0.998285 0.0585381 5.9112e-09 0.998285 0.0585405 0 -0.998296 -0.0583602 0 -0.998296 -0.0583602 0 -0.998296 -0.0583602 0 -0.998296 -0.0583602 2.36439e-08 0.998285 0.0585381 2.36439e-08 0.998285 0.0585382 2.36439e-08 0.998285 0.0585383 2.36439e-08 0.998285 0.0585382 0 0.998296 0.0583602 0 0.998296 0.0583602 0 0.998296 0.0583602 0 0.998296 0.0583602 0 0.0583602 -0.998296 0 0.0583602 -0.998296 0 0.0583602 -0.998296 0 0.0583602 -0.998296 0 0.0583601 -0.998296 0 0.0583601 -0.998296 0 0.0583601 -0.998296 0 0.0583601 -0.998296 -1.97036e-08 0.998285 0.0585392 -1.9704e-08 0.998285 0.0585404 -1.97042e-08 0.998285 0.0585409 -1.97037e-08 0.998285 0.0585397 0 -0.998296 -0.0583596 0 -0.998296 -0.0583596 0 -0.998296 -0.0583596 0 -0.998296 -0.0583596 -5.91125e-09 -0.998285 -0.0585409 -5.91112e-09 -0.998285 -0.0585397 -5.91107e-09 -0.998285 -0.0585392 -5.9112e-09 -0.998285 -0.0585404 0 0.998296 0.058361 0 0.998296 0.058361 0 0.998296 0.058361 0 0.998296 0.058361 0 0.0583602 -0.998296 -6.94031e-07 0.0583602 -0.998296 -1.51673e-06 0.0583602 -0.998296 -8.22702e-07 0.0583602 -0.998296 0 -0.0583601 0.998296 0 -0.0583602 0.998296 0 -0.0583601 0.998296 0 -0.0583602 0.998296 -5.91107e-09 -0.998285 -0.0585392 -5.91097e-09 -0.998285 -0.0585382 -5.91093e-09 -0.998285 -0.0585378 -5.91103e-09 -0.998285 -0.0585388 0 -0.998296 -0.0583596 0 -0.998296 -0.0583596 0 -0.998296 -0.0583596 0 -0.998296 -0.0583596 9.85155e-10 0.998285 0.0585378 9.85171e-10 0.998285 0.0585388 9.85178e-10 0.998285 0.0585392 9.85162e-10 0.998285 0.0585382 0 0.998296 0.0583605 0 0.998296 0.0583605 0 0.998296 0.0583605 0 0.998296 0.0583605 -1.51673e-06 0.0583602 -0.998296 -8.22702e-07 0.0583602 -0.998296 0 0.0583602 -0.998296 -6.9403e-07 0.0583602 -0.998296 0 -0.0583602 0.998296 -6.9403e-07 -0.0583602 0.998296 -1.51673e-06 -0.0583601 0.998296 -8.22702e-07 -0.0583602 0.998296 9.85178e-10 0.998285 0.0585392 9.85162e-10 0.998285 0.0585382 9.85155e-10 0.998285 0.0585378 9.85171e-10 0.998285 0.0585388 0 -0.998296 -0.0583598 0 -0.998296 -0.0583598 0 -0.998296 -0.0583598 0 -0.998296 -0.0583598 4.92578e-10 -0.998285 -0.0585378 4.92586e-10 -0.998285 -0.0585388 4.92589e-10 -0.998285 -0.0585392 4.92581e-10 -0.998285 -0.0585382 -3.12446e-06 0.998296 0.0583605 -7.99346e-07 0.998296 0.0583605 0 0.998296 0.0583605 -2.32511e-06 0.998296 0.0583605 0 0.0583602 -0.998296 0 0.0583602 -0.998296 0 0.0583602 -0.998296 0 0.0583602 -0.998296 0 0.0583601 -0.998296 0 0.0583601 -0.998296 0 0.0583601 -0.998296 0 0.0583601 -0.998296 2.46295e-10 -0.998285 -0.0585392 2.4629e-10 -0.998285 -0.0585382 2.46289e-10 -0.998285 -0.0585378 2.46293e-10 -0.998285 -0.0585388 0 0.998296 0.0583598 0 0.998296 0.0583598 0 0.998296 0.0583598 0 0.998296 0.0583598 5.91125e-09 0.998285 0.0585409 5.91112e-09 0.998285 0.0585397 5.91107e-09 0.998285 0.0585392 5.9112e-09 0.998285 0.0585404 0 -0.998296 -0.0583605 0 -0.998296 -0.0583605 0 -0.998296 -0.0583605 0 -0.998296 -0.0583605 0 0.0583602 -0.998296 0 0.0583602 -0.998296 0 0.0583602 -0.998296 0 0.0583602 -0.998296 1.51673e-06 0.0583601 -0.998296 8.22702e-07 0.0583602 -0.998296 0 0.0583602 -0.998296 6.9403e-07 0.0583602 -0.998296 1.97036e-09 -0.998285 -0.0585392 1.97032e-09 -0.998285 -0.0585382 1.97031e-09 -0.998285 -0.0585378 1.97034e-09 -0.998285 -0.0585388 0 -0.998296 -0.0583598 0 -0.998296 -0.0583598 0 -0.998296 -0.0583598 0 -0.998296 -0.0583598 -3.94062e-09 0.998285 0.0585378 -3.94054e-09 0.998285 0.0585365 -3.9405e-09 0.998285 0.058536 -3.94059e-09 0.998285 0.0585373 0 -0.998296 -0.058361 0 -0.998296 -0.058361 0 -0.998296 -0.058361 0 -0.998296 -0.058361 0 0.0583602 -0.998296 0 0.0583602 -0.998296 0 0.0583602 -0.998296 0 0.0583602 -0.998296 0 -0.0583601 0.998296 0 -0.0583601 0.998296 0 -0.0583601 0.998296 0 -0.0583601 0.998296 -3.94071e-09 0.998285 0.0585392 -3.94065e-09 0.998285 0.0585382 -3.94062e-09 0.998285 0.0585378 -3.94069e-09 0.998285 0.0585388 0 -0.998296 -0.0583597 0 -0.998296 -0.0583597 0 -0.998296 -0.0583597 0 -0.998296 -0.0583597 7.88166e-09 -0.998285 -0.0585409 7.88149e-09 -0.998285 -0.0585397 7.88142e-09 -0.998285 -0.0585392 7.88159e-09 -0.998285 -0.0585404 0 0.998296 0.0583605 0 0.998296 0.0583605 0 0.998296 0.0583605 0 0.998296 0.0583605 0 0.0583602 -0.998296 0 0.0583602 -0.998296 0 0.0583602 -0.998296 0 0.0583602 -0.998296 0 0.0583601 -0.998296 0 0.0583601 -0.998296 0 0.0583601 -0.998296 0 0.0583601 -0.998296 -1.57624e-08 -0.998285 -0.0585374 -1.57624e-08 -0.998285 -0.0585374 -1.57624e-08 -0.998285 -0.0585374 -1.57624e-08 -0.998285 -0.0585374 0 -0.998296 -0.0583596 0 -0.998296 -0.0583596 0 -0.998296 -0.0583596 0 -0.998296 -0.0583596 -1.9703e-08 -0.998285 -0.0585374 -1.9703e-08 -0.998285 -0.0585374 -1.9703e-08 -0.998285 -0.0585374 -1.9703e-08 -0.998285 -0.0585374 0 0.998296 0.05836 0 0.998296 0.0583601 0 0.998296 0.05836 0 0.998296 0.0583601 0 0.0583601 -0.998296 0 0.0583601 -0.998296 0 0.0583601 -0.998296 0 0.0583601 -0.998296 0 -0.0583602 0.998296 -6.9403e-07 -0.0583602 0.998296 -1.51673e-06 -0.0583602 0.998296 -8.22702e-07 -0.0583602 0.998296 1.9704e-08 0.998285 0.0585405 1.9704e-08 0.998285 0.0585405 1.9704e-08 0.998285 0.0585405 1.9704e-08 0.998285 0.0585405 0 0.998296 0.0583596 0 0.998296 0.0583596 0 0.998296 0.0583596 0 0.998296 0.0583596 -1.37921e-08 -0.998285 -0.0585374 -1.37921e-08 -0.998285 -0.0585374 -1.37921e-08 -0.998285 -0.0585374 -1.37921e-08 -0.998285 -0.0585374 0 0.998296 0.05836 0 0.998296 0.05836 0 0.998296 0.05836 0 0.998296 0.05836 0 0.0583601 -0.998296 0 0.0583601 -0.998296 0 0.0583601 -0.998296 0 0.0583601 -0.998296 0 -0.0583602 0.998296 0 -0.0583602 0.998296 0 -0.0583602 0.998296 0 -0.0583602 0.998296 -2.95544e-09 0.998285 0.0585374 -2.95544e-09 0.998285 0.0585374 -2.95544e-09 0.998285 0.0585374 -2.95544e-09 0.998285 0.0585374 0 -0.998296 -0.0583596 0 -0.998296 -0.0583596 0 -0.998296 -0.0583596 0 -0.998296 -0.0583596 6.15718e-10 0.998285 0.0585374 6.15718e-10 0.998285 0.0585374 6.15717e-10 0.998285 0.0585374 6.15718e-10 0.998285 0.0585374 0 0.998296 0.05836 0 0.998296 0.05836 0 0.998296 0.05836 0 0.998296 0.05836 0 -0.0583601 0.998296 0 -0.0583601 0.998296 0 -0.0583601 0.998296 0 -0.0583601 0.998296 0 -0.0583602 0.998296 0 -0.0583602 0.998296 0 -0.0583602 0.998296 0 -0.0583602 0.998296 0 0.998285 0.0585374 0 0.998285 0.0585396 0 0.998285 0.0585405 0 0.998285 0.0585383 0 -0.998296 -0.0583596 0 -0.998296 -0.0583596 0 -0.998296 -0.0583596 0 -0.998296 -0.0583596 3.94059e-09 -0.998285 -0.0585374 3.94059e-09 -0.998285 -0.0585374 3.94059e-09 -0.998285 -0.0585374 3.94059e-09 -0.998285 -0.0585374 0 0.998296 0.05836 0 0.998296 0.05836 0 0.998296 0.05836 0 0.998296 0.05836 0 0.0583601 -0.998296 0 0.0583601 -0.998296 0 0.0583601 -0.998296 0 0.0583601 -0.998296 0 0.0583602 -0.998296 0 0.0583602 -0.998296 0 0.0583602 -0.998296 0 0.0583602 -0.998296 0 -0.998296 -0.0583596 0 -0.998296 -0.0583596 0 -0.998296 -0.0583596 0 -0.998296 -0.0583596 1.01028e-09 0.998285 0.0585375 1.01028e-09 0.998285 0.0585375 1.01027e-09 0.998285 0.0585375 1.01027e-09 0.998285 0.0585375 -5.91089e-09 0.998285 0.0585374 -5.91089e-09 0.998285 0.0585374 -5.91089e-09 0.998285 0.0585374 -5.91089e-09 0.998285 0.0585374 0 0.998296 0.0583596 0 0.998296 0.0583596 0 0.998296 0.0583596 0 0.998296 0.0583596 -7.8816e-09 -0.998285 -0.0585405 -7.8813e-09 -0.998285 -0.0585383 -7.88118e-09 -0.998285 -0.0585374 -7.88148e-09 -0.998285 -0.0585396 0 0.998296 0.0583591 0 0.998296 0.0583591 0 0.998296 0.0583591 0 0.998296 0.0583591 0 0.0583601 -0.998296 0 0.0583601 -0.998296 0 0.0583601 -0.998296 0 0.0583601 -0.998296 0 0.0583602 -0.998296 0 0.0583602 -0.998296 0 0.0583602 -0.998296 0 0.0583602 -0.998296 -5.3198e-08 0.998285 0.0585374 -5.3198e-08 0.998285 0.0585374 -5.3198e-08 0.998285 0.0585374 -5.3198e-08 0.998285 0.0585374 0 0.998296 0.0583601 0 0.998296 0.0583601 0 0.998296 0.0583601 0 0.998296 0.0583601 -1.9703e-09 0.998285 0.0585374 -1.97037e-09 0.998285 0.0585396 -1.9704e-09 0.998285 0.0585405 -1.97033e-09 0.998285 0.0585383 0 0.998296 0.05836 0 0.998296 0.05836 0 0.998296 0.05836 0 0.998296 0.05836 0 0.0583601 -0.998296 0 0.0583601 -0.998296 0 0.0583601 -0.998296 0 0.0583601 -0.998296 0 0.0583602 -0.998296 0 0.0583602 -0.998296 0 0.0583602 -0.998296 0 0.0583602 -0.998296 -1.77327e-08 0.998285 0.0585373 -1.77327e-08 0.998285 0.0585374 -1.77327e-08 0.998285 0.0585374 -1.77327e-08 0.998285 0.0585374 0 0.998296 0.05836 0 0.998296 0.05836 0 0.998296 0.05836 0 0.998296 0.05836 -7.88119e-09 0.998285 0.0585374 -7.88119e-09 0.998285 0.0585374 -7.88119e-09 0.998285 0.0585374 -7.88119e-09 0.998285 0.0585374 0 0.998296 0.0583591 0 0.998296 0.0583591 0 0.998296 0.0583591 0 0.998296 0.0583591 -1.51673e-06 0.0583601 -0.998296 -8.22703e-07 0.0583601 -0.998296 0 0.0583601 -0.998296 -6.9403e-07 0.0583601 -0.998296 0 -0.0583602 0.998296 -6.9403e-07 -0.0583602 0.998296 -1.51673e-06 -0.0583602 0.998296 -8.22703e-07 -0.0583602 0.998296 -7.88119e-09 0.998285 0.0585374 -7.88119e-09 0.998285 0.0585374 -7.88119e-09 0.998285 0.0585374 -7.88119e-09 0.998285 0.0585374 0 -0.998296 -0.0583601 0 -0.998296 -0.0583601 0 -0.998296 -0.0583601 0 -0.998296 -0.0583601 1.23144e-10 0.998285 0.0585374 1.23144e-10 0.998285 0.0585374 1.23144e-10 0.998285 0.0585374 1.23144e-10 0.998285 0.0585374 -3.12446e-06 0.998296 0.0583591 -7.99346e-07 0.998296 0.0583591 0 0.998296 0.0583591 -2.32511e-06 0.998296 0.0583591 0 -0.0583601 0.998296 0 -0.0583601 0.998296 0 -0.0583601 0.998296 0 -0.0583601 0.998296 0 0.0583602 -0.998296 0 0.0583602 -0.998296 0 0.0583602 -0.998296 0 0.0583602 -0.998296 -1.84715e-09 -0.998285 -0.0585374 -1.84722e-09 -0.998285 -0.0585396 -1.84725e-09 -0.998285 -0.0585405 -1.84718e-09 -0.998285 -0.0585383 0 0.998296 0.0583601 0 0.998296 0.0583601 0 0.998296 0.0583601 0 0.998296 0.0583601 -8.86634e-09 -0.998285 -0.0585374 -8.86634e-09 -0.998285 -0.0585374 -8.86634e-09 -0.998285 -0.0585374 -8.86634e-09 -0.998285 -0.0585374 0 0.998296 0.0583601 0 0.998296 0.0583601 0 0.998296 0.0583601 0 0.998296 0.0583601 0 0.0583601 -0.998296 0 0.0583601 -0.998296 0 0.0583601 -0.998296 0 0.0583601 -0.998296 0 0.0583602 -0.998296 0 0.0583602 -0.998296 0 0.0583602 -0.998296 0 0.0583602 -0.998296 -1 -7.39396e-08 1.26479e-06 -1 -5.30179e-08 9.06913e-07 -1 0 0 -1 -2.09217e-08 3.57882e-07 0 0.998296 0.0583601 0 0.998296 0.0583601 0 0.998296 0.0583601 0 0.998296 0.0583601 -1 0 0 -1 0 0 -1 0 0 -1 0 0 -1.01028e-09 -0.998285 -0.0585375 -1.01028e-09 -0.998285 -0.0585375 -1.01027e-09 -0.998285 -0.0585375 -1.01027e-09 -0.998285 -0.0585375 5.91089e-09 0.998285 0.0585374 5.91112e-09 0.998285 0.0585396 5.91121e-09 0.998285 0.0585405 5.91098e-09 0.998285 0.0585383 0 -0.998296 -0.05836 0 -0.998296 -0.05836 0 -0.998296 -0.05836 0 -0.998296 -0.05836 -7.88161e-09 -0.998285 -0.0585405 -7.88101e-09 -0.998285 -0.058536 -7.88077e-09 -0.998285 -0.0585342 -7.88137e-09 -0.998285 -0.0585387 0 0.998296 0.0583591 0 0.998296 0.0583591 0 0.998296 0.0583591 0 0.998296 0.0583591 0 -0.0583601 0.998296 0 -0.0583601 0.998296 0 -0.0583601 0.998296 0 -0.0583601 0.998296 0 0.0583602 -0.998296 0 0.0583602 -0.998296 0 0.0583602 -0.998296 0 0.0583602 -0.998296 </float_array>
          <technique_common>
            <accessor count="880" offset="0" source="#meshId0-tangents-array" stride="3">
              <param name="X" type="float" />
              <param name="Y" type="float" />
              <param name="Z" type="float" />
            </accessor>
          </technique_common>
        </source>
        <source id="meshId0-bitangents" name="meshId0-bitangents">
          <float_array id="meshId0-bitangents-array" count="2640"> 1.49012e-08 -0.610419 0.792079 0.0979656 -0.597226 0.796067 0.254662 -0.563411 0.785949 0.107626 -0.5956 0.796038 -0 0.00474909 0.999989 -0 0.00474909 0.999989 -0 0.00474909 0.999989 -0 0.00474909 0.999989 -1.86265e-09 -0.285729 0.95831 0.0131897 -0.284957 0.95845 0.0398629 -0.283243 0.958219 0.0145929 -0.284872 0.958454 0 -0.0618615 0.998085 3.95762e-08 -0.0618615 0.998085 1.24561e-06 -0.0618615 0.998085 1.20673e-06 -0.0618615 0.998085 0.152893 -0.0522183 0.986862 0.147589 -0.0411901 0.988191 0.144234 -0.0342347 0.988951 0.149986 -0.0461698 0.98761 -0.00298669 -0.118592 0.992939 -0.00294812 -0.119258 0.992859 -0.00294686 -0.11928 0.992856 -0.00298562 -0.11861 0.992936 0.865657 -0.12108 -0.485776 0.865661 -0.124511 -0.484901 0.865657 -0.126892 -0.48429 0.865661 -0.123443 -0.485174 -3.72529e-09 0.531881 0.846819 -0.0359137 0.527308 0.848915 -0.194304 0.498696 0.844718 -0.156969 0.506699 0.847712 -0.0256707 -0.0443163 0.998688 -0.035599 -0.051947 0.998015 -0.0365252 -0.0526587 0.997944 -0.0270286 -0.0453602 0.998605 0.372965 -0.374214 0.849036 0.361133 -0.389415 0.847313 0.346862 -0.407332 0.844847 0.360114 -0.390709 0.847151 -2.13618e-07 0.583701 0.811969 -4.70678e-07 0.583701 0.811969 -5.0003e-07 0.583701 0.811969 -2.23164e-07 0.583701 0.811969 1.5599e-07 -0.0618614 0.998085 1.88982e-07 -0.0618614 0.998085 -0.0709115 0.0184379 0.997312 -0.0652506 0.0215652 0.997636 -0.0549224 0.0272646 0.998118 -0.0598942 0.024522 0.997904 -0.331565 -0.213113 0.919047 -0.334274 -0.203844 0.920168 -0.335804 -0.198553 0.920767 -0.333075 -0.207962 0.919681 0.000556281 -0.0719118 0.997411 0.000319943 -0.0719078 0.997411 -1.16415e-10 -0.0719022 0.997412 0.000239517 -0.0719064 0.997411 -0 0.00444899 0.99999 -0 0.00444899 0.99999 -0 0.00444899 0.99999 -0 0.00444899 0.99999 0.0829228 -0.194845 0.977322 0.0840848 -0.1935 0.97749 0.0844288 -0.193102 0.977539 0.0830632 -0.194683 0.977343 -0.0152322 -0.118917 0.992787 -0.0151288 -0.121018 0.992535 -0.0151149 -0.121299 0.992501 -0.0152267 -0.119028 0.992774 7.58517e-07 -0.23543 0.971891 7.01724e-07 -0.23543 0.971891 0 -0.23543 0.971891 5.67927e-08 -0.23543 0.971891 0 -0.525386 0.850864 0 -0.525386 0.850864 0 -0.525386 0.850864 0 -0.525386 0.850864 1.62331e-07 -0.0576838 0.998335 3.18635e-07 -0.0576838 0.998335 3.25008e-07 -0.0576838 0.998335 1.68634e-07 -0.0576838 0.998335 -2.40601e-07 -0.525386 0.850864 -2.40461e-07 -0.525386 0.850864 -2.45271e-07 -0.525386 0.850864 -2.44989e-07 -0.525385 0.850864 -1.39501e-07 0.00474909 0.999989 -1.42781e-07 0.00474909 0.999989 0.22037 0.523756 0.822871 0.223842 0.522459 0.822759 0.225505 0.521834 0.822701 0.222 0.523148 0.82282 -0.908396 -0.147718 -0.391148 -0.908439 -0.137133 -0.394884 -0.908399 -0.129443 -0.397564 -0.908439 -0.139799 -0.393948 1 -1.0802e-06 1.42914e-07 1 1.03412e-06 -1.36818e-07 1 1.06837e-06 -1.41349e-07 1 -1.03634e-06 1.37111e-07 2.98431e-07 0.648233 0.761442 2.9847e-07 0.648233 0.761442 3.01698e-07 0.648233 0.761442 3.01645e-07 0.648233 0.761442 2.15218e-07 -0.23543 0.971891 2.15218e-07 -0.23543 0.971891 2.15218e-07 -0.23543 0.971891 -2.04481e-07 0.00444899 0.99999 -1.95372e-07 0.00444898 0.99999 1.51187e-07 -0.23543 0.971891 -7.45058e-09 -0.610419 0.792079 -0.107626 -0.5956 0.796038 -0.254662 -0.563411 0.785949 -0.0979657 -0.597227 0.796067 -0 0.00474909 0.999989 -0 0.00474909 0.999989 1.86265e-09 -0.285729 0.95831 -0.014593 -0.284872 0.958454 -0.0398631 -0.283243 0.95822 -0.0131897 -0.284957 0.95845 7.99842e-07 -0.0618615 0.998085 2.54129e-08 -0.0618615 0.998085 0.152893 0.0522208 -0.986862 0.149987 0.0461723 -0.987609 0.144235 0.0342373 -0.988951 0.14759 0.0411926 -0.988191 -0.00298688 0.118588 -0.992939 -0.0029858 0.118607 -0.992937 -0.00294671 0.119282 -0.992856 -0.00294798 0.11926 -0.992859 0.865657 0.12108 0.485775 0.865661 0.123443 0.485174 0.865657 0.126892 0.48429 0.865661 0.124511 0.484901 -3.72529e-09 0.531881 0.846819 0.15697 0.506699 0.847713 0.194305 0.498695 0.844718 0.0359139 0.527307 0.848915 0.0256699 -0.0443157 0.998688 0.0270278 -0.0453596 0.998605 0.0365248 -0.0526583 0.997944 0.0355985 -0.0519466 0.998015 0.372966 0.374213 -0.849036 0.360117 0.390705 -0.847151 0.346867 0.407326 -0.844848 0.361135 0.389412 -0.847313 0.0709143 0.0184366 0.997312 0.0598951 0.0245217 0.997903 0.0549225 0.0272647 0.998118 0.0652524 0.0215644 0.997636 -0.331563 0.213114 -0.919048 -0.333074 0.207962 -0.919681 -0.335803 0.198552 -0.920768 -0.334273 0.203844 -0.920168 -0.000559622 -0.071912 0.997411 -0.000240955 -0.0719065 0.997411 1.16415e-10 -0.0719023 0.997412 -0.000321865 -0.0719079 0.997411 -0 0.00444899 0.99999 -0 0.00444899 0.99999 0.0829229 0.194846 -0.977322 0.0830634 0.194683 -0.977343 0.0844302 0.193101 -0.97754 0.0840859 0.1935 -0.97749 -0.0152326 0.118918 -0.992787 -0.0152271 0.119029 -0.992774 -0.0151151 0.121303 -0.9925 -0.015129 0.121021 -0.992534 0 -0.23543 0.971891 7.48074e-07 -0.23543 0.971891 0 -0.525385 0.850864 0 -0.525385 0.850864 -0.22037 0.523757 0.82287 -0.222 0.523149 0.822819 -0.225505 0.521834 0.822701 -0.223842 0.522459 0.822758 -0.908396 0.147724 0.391145 -0.908439 0.139801 0.393947 -0.908399 0.12944 0.397564 -0.908439 0.137134 0.394883 -1 2.50173e-06 4.35331e-08 -1 2.43501e-06 4.2372e-08 -1 0 -0 -1 2.87807e-08 5.00817e-10 -3.3601e-07 0.0585375 -0.998285 -3.3601e-07 0.05854 -0.998285 -3.3601e-07 0.058541 -0.998285 -3.3601e-07 0.0585385 -0.998285 -1 0 -0 -1 0 -0 -1 0 -0 -1 0 -0 -3.3601e-07 0.0585379 -0.998285 -3.3601e-07 0.0585376 -0.998285 -3.3601e-07 0.0585375 -0.998285 -3.3601e-07 0.0585378 -0.998285 -1 0 0 -1 0 0 -1 0 0 -1 0 0 -1 0 0 -1 0 0 -1 0 0 -1 0 0 -1 -0 0 -1 -0 0 -1 -0 0 -1 -0 0 -3.02409e-07 0.0585375 -0.998285 -3.02409e-07 0.0585378 -0.998285 -3.02409e-07 0.0585379 -0.998285 -3.02409e-07 0.0585376 -0.998285 -1 0 -0 -1 0 -0 -1 0 -0 -1 0 -0 1.17603e-07 -0.0585379 0.998285 1.17603e-07 -0.0585376 0.998285 1.17603e-07 -0.0585375 0.998285 1.17603e-07 -0.0585378 0.998285 -1 0 0 -1 0 0 -1 0 0 -1 0 0 -1 0 0 -1 0 0 -1 0 0 -1 0 0 -1 -0 0 -1 4.05037e-08 -6.92847e-07 -1 8.85168e-08 -1.51415e-06 -1 4.80131e-08 -8.213e-07 -6.72019e-08 0.0585375 -0.998285 -6.72019e-08 0.0585378 -0.998285 -6.72019e-08 0.0585379 -0.998285 -6.72019e-08 0.0585376 -0.998285 -1 0 -0 -1 0 -0 -1 0 -0 -1 0 -0 2.31007e-08 -0.0585411 0.998285 2.31007e-08 -0.0585407 0.998285 2.31007e-08 -0.0585406 0.998285 2.31007e-08 -0.0585409 0.998285 -1 -3.11913e-06 -1.82343e-07 -1 -7.97984e-07 -4.66496e-08 -1 0 0 -1 -2.32115e-06 -1.35693e-07 1 0 -0 1 0 -0 1 0 -0 1 0 -0 -1 -0 0 -1 -0 0 -1 -0 0 -1 -0 0 1.47004e-08 0.0585375 -0.998285 1.47004e-08 0.0585378 -0.998285 1.47004e-08 0.0585379 -0.998285 1.47004e-08 0.0585376 -0.998285 -1 0 -0 -1 0 -0 -1 0 -0 -1 0 -0 -1.17603e-07 -0.0585411 0.998285 -1.17603e-07 -0.0585407 0.998285 -1.17603e-07 -0.0585406 0.998285 -1.17603e-07 -0.0585409 0.998285 -1 0 0 -1 0 0 -1 0 0 -1 0 0 1 0 -0 1 0 -0 1 0 -0 1 0 -0 1 0 0 1 0 0 1 0 0 1 0 0 1.51204e-07 0.0585375 -0.998285 1.51204e-07 0.0585378 -0.998285 1.51204e-07 0.0585379 -0.998285 1.51204e-07 0.0585376 -0.998285 1 -0 0 1 -0 0 1 -0 0 1 -0 0 1.68005e-07 0.0585411 -0.998285 1.68005e-07 0.0585407 -0.998285 1.68005e-07 0.0585406 -0.998285 1.68005e-07 0.0585409 -0.998285 -1 0 0 -1 0 0 -1 0 0 -1 0 0 1 0 -0 1 0 -0 1 0 -0 1 0 -0 -1 -0 0 -1 -0 0 -1 -0 0 -1 -0 0 2.35207e-07 0.0585375 -0.998285 2.35207e-07 0.0585378 -0.998285 2.35207e-07 0.0585379 -0.998285 2.35207e-07 0.0585376 -0.998285 -1 0 -0 -1 0 -0 -1 0 -0 -1 0 -0 3.3601e-07 0.0585379 -0.998285 3.3601e-07 0.0585376 -0.998285 3.3601e-07 0.0585375 -0.998285 3.3601e-07 0.0585378 -0.998285 -1 0 0 -1 0 0 -1 0 0 -1 0 0 -1 0 0 -1 0 0 -1 0 0 -1 0 0 -1 -0 0 -1 -0 0 -1 -0 0 -1 -0 0 3.69611e-07 0.0585383 -0.998285 3.69611e-07 0.0585382 -0.998285 3.69611e-07 0.0585381 -0.998285 3.69611e-07 0.0585382 -0.998285 -1 0 -0 -1 0 -0 -1 0 -0 -1 0 -0 -2.01606e-07 -0.0585381 0.998285 -2.01606e-07 -0.0585382 0.998285 -2.01606e-07 -0.0585383 0.998285 -2.01606e-07 -0.0585382 0.998285 -1 0 0 -1 0 0 -1 0 0 -1 0 0 -1 0 0 -1 0 0 -1 0 0 -1 0 0 1 0 0 1 0 0 1 0 0 1 0 0 2.01606e-07 0.0585414 -0.998285 2.01606e-07 0.0585391 -0.998285 2.01606e-07 0.0585381 -0.998285 2.01606e-07 0.0585405 -0.998285 1 -0 0 1 -0 0 1 -0 0 1 -0 0 8.40024e-08 0.0585381 -0.998285 8.40024e-08 0.0585382 -0.998285 8.40024e-08 0.0585383 -0.998285 8.40024e-08 0.0585382 -0.998285 -1 0 0 -1 0 0 -1 0 0 -1 0 0 -1 0 0 -1 0 0 -1 0 0 -1 0 0 -1 -0 0 -1 -0 0 -1 -0 0 -1 -0 0 -6.72019e-08 -0.0585383 0.998285 -6.72019e-08 -0.0585404 0.998285 -6.72019e-08 -0.0585413 0.998285 -6.72019e-08 -0.0585391 0.998285 1 -0 0 1 -0 0 1 -0 0 1 -0 0 1.47004e-08 0.0585413 -0.998285 1.47004e-08 0.0585414 -0.998285 1.47004e-08 0.0585414 -0.998285 1.47004e-08 0.0585413 -0.998285 -1 -3.11913e-06 -1.82344e-07 -1 -7.97984e-07 -4.66501e-08 -1 0 0 -1 -2.32115e-06 -1.35694e-07 1 0 -0 1 0 -0 1 0 -0 1 0 -0 -1 -0 0 -1 -0 0 -1 -0 0 -1 -0 0 -8.40024e-09 0.0585383 -0.998285 -8.40024e-09 0.0585382 -0.998285 -8.40024e-09 0.0585381 -0.998285 -8.40024e-09 0.0585382 -0.998285 -1 0 -0 -1 0 -0 -1 0 -0 -1 0 -0 -6.72019e-08 0.0585413 -0.998285 -6.72019e-08 0.0585414 -0.998285 -6.72019e-08 0.0585414 -0.998285 -6.72019e-08 0.0585413 -0.998285 -1 0 0 -1 0 0 -1 0 0 -1 0 0 -1 0 0 -1 0 0 -1 0 0 -1 0 0 -1 -0 0 -1 -0 0 -1 -0 0 -1 -0 0 8.40024e-08 -0.0585383 0.998285 8.40024e-08 -0.0585382 0.998285 8.40024e-08 -0.0585381 0.998285 8.40024e-08 -0.0585382 0.998285 -1 0 -0 -1 0 -0 -1 0 -0 -1 0 -0 6.72019e-08 -0.0585381 0.998285 6.72019e-08 -0.0585382 0.998285 6.72019e-08 -0.0585383 0.998285 6.72019e-08 -0.0585382 0.998285 1 0 0 1 0 0 1 0 0 1 0 0 1 0 -0 1 0 -0 1 0 -0 1 0 -0 1 0 0 1 0 0 1 0 0 1 0 0 -1.00803e-07 0.0585414 -0.998285 -1.00803e-07 0.0585391 -0.998285 -1.00803e-07 0.0585381 -0.998285 -1.00803e-07 0.0585405 -0.998285 -1 0 -0 -1 0 -0 -1 0 -0 -1 0 -0 4.03212e-07 -0.0585381 0.998285 4.03212e-07 -0.0585382 0.998285 4.03212e-07 -0.0585383 0.998285 4.03212e-07 -0.0585382 0.998285 -1 0 0 -1 0 0 -1 0 0 -1 0 0 -1 0 0 -1 0 0 -1 0 0 -1 0 0 1 0 0 1 0 0 1 0 0 1 0 0 3.3601e-07 0.0585392 -0.998285 3.36009e-07 0.0585404 -0.998285 3.36009e-07 0.0585409 -0.998285 3.3601e-07 0.0585397 -0.998285 -1 0 -0 -1 0 -0 -1 0 -0 -1 0 -0 -1.00803e-07 0.0585409 -0.998285 -1.00803e-07 0.0585397 -0.998285 -1.00803e-07 0.0585392 -0.998285 -1.00803e-07 0.0585404 -0.998285 -1 0 0 -1 0 0 -1 0 0 -1 0 0 -1 0 0 -1 -4.05038e-08 6.92848e-07 -1 -8.85168e-08 1.51415e-06 -1 -4.8013e-08 8.213e-07 -1 -0 0 -1 -0 0 -1 -0 0 -1 -0 0 1.00803e-07 -0.0585392 0.998285 1.00803e-07 -0.0585382 0.998285 1.00803e-07 -0.0585378 0.998285 1.00803e-07 -0.0585388 0.998285 -1 0 -0 -1 0 -0 -1 0 -0 -1 0 -0 1.68005e-08 -0.0585378 0.998285 1.68005e-08 -0.0585388 0.998285 1.68005e-08 -0.0585392 0.998285 1.68005e-08 -0.0585382 0.998285 -1 0 0 -1 0 0 -1 0 0 -1 0 0 -1 -8.85167e-08 1.51415e-06 -1 -4.8013e-08 8.21299e-07 -1 0 0 -1 -4.05037e-08 6.92847e-07 -1 -0 0 -1 4.05037e-08 -6.92847e-07 -1 8.85167e-08 -1.51415e-06 -1 4.8013e-08 -8.213e-07 -1.68005e-08 0.0585392 -0.998285 -1.68005e-08 0.0585382 -0.998285 -1.68005e-08 0.0585378 -0.998285 -1.68005e-08 0.0585388 -0.998285 -1 0 -0 -1 0 -0 -1 0 -0 -1 0 -0 8.40024e-09 0.0585378 -0.998285 8.40024e-09 0.0585388 -0.998285 8.40024e-09 0.0585392 -0.998285 8.40024e-09 0.0585382 -0.998285 -1 -3.11913e-06 -1.82345e-07 -1 -7.97983e-07 -4.66502e-08 -1 0 0 -1 -2.32115e-06 -1.35695e-07 -1 0 0 -1 0 0 -1 0 0 -1 0 0 1 0 0 1 0 0 1 0 0 1 0 0 -4.20012e-09 -0.0585392 0.998285 -4.20012e-09 -0.0585382 0.998285 -4.20012e-09 -0.0585378 0.998285 -4.20012e-09 -0.0585388 0.998285 1 -0 0 1 -0 0 1 -0 0 1 -0 0 1.00803e-07 -0.0585409 0.998285 1.00803e-07 -0.0585397 0.998285 1.00803e-07 -0.0585392 0.998285 1.00803e-07 -0.0585404 0.998285 1 0 0 1 0 0 1 0 0 1 0 0 -1 0 0 -1 0 0 -1 0 0 -1 0 0 1 -8.85167e-08 1.51415e-06 1 -4.8013e-08 8.213e-07 1 0 0 1 -4.05037e-08 6.92848e-07 -3.3601e-08 -0.0585392 0.998285 -3.3601e-08 -0.0585382 0.998285 -3.3601e-08 -0.0585378 0.998285 -3.3601e-08 -0.0585388 0.998285 -1 0 -0 -1 0 -0 -1 0 -0 -1 0 -0 -6.72019e-08 -0.0585378 0.998285 -6.72019e-08 -0.0585365 0.998285 -6.72019e-08 -0.058536 0.998285 -6.72019e-08 -0.0585373 0.998285 1 0 0 1 0 0 1 0 0 1 0 0 -1 0 0 -1 0 0 -1 0 0 -1 0 0 -1 -0 0 -1 -0 0 -1 -0 0 -1 -0 0 6.72019e-08 0.0585392 -0.998285 6.72019e-08 0.0585382 -0.998285 6.72019e-08 0.0585378 -0.998285 6.72019e-08 0.0585388 -0.998285 -1 0 -0 -1 0 -0 -1 0 -0 -1 0 -0 1.34404e-07 0.0585409 -0.998285 1.34404e-07 0.0585397 -0.998285 1.34404e-07 0.0585392 -0.998285 1.34404e-07 0.0585404 -0.998285 -1 0 0 -1 0 0 -1 0 0 -1 0 0 -1 0 0 -1 0 0 -1 0 0 -1 0 0 1 0 0 1 0 0 1 0 0 1 0 0 2.68808e-07 -0.0585374 0.998285 2.68808e-07 -0.0585374 0.998285 2.68808e-07 -0.0585374 0.998285 2.68808e-07 -0.0585374 0.998285 -1 0 -0 -1 0 -0 -1 0 -0 -1 0 -0 -3.3601e-07 0.0585374 -0.998285 -3.3601e-07 0.0585374 -0.998285 -3.3601e-07 0.0585374 -0.998285 -3.3601e-07 0.0585374 -0.998285 -1 0 0 -1 0 0 -1 0 0 -1 0 0 -1 0 0 -1 0 0 -1 0 0 -1 0 0 -1 -0 0 -1 4.05037e-08 -6.92847e-07 -1 8.85167e-08 -1.51415e-06 -1 4.8013e-08 -8.213e-07 -3.3601e-07 0.0585405 -0.998285 -3.3601e-07 0.0585405 -0.998285 -3.3601e-07 0.0585405 -0.998285 -3.3601e-07 0.0585405 -0.998285 1 -0 0 1 -0 0 1 -0 0 1 -0 0 -2.35207e-07 0.0585374 -0.998285 -2.35207e-07 0.0585374 -0.998285 -2.35207e-07 0.0585374 -0.998285 -2.35207e-07 0.0585374 -0.998285 -1 0 0 -1 0 0 -1 0 0 -1 0 0 -1 0 0 -1 0 0 -1 0 0 -1 0 0 -1 -0 0 -1 -0 0 -1 -0 0 -1 -0 0 5.04014e-08 0.0585374 -0.998285 5.04014e-08 0.0585374 -0.998285 5.04014e-08 0.0585374 -0.998285 5.04014e-08 0.0585374 -0.998285 -1 0 -0 -1 0 -0 -1 0 -0 -1 0 -0 1.05003e-08 -0.0585374 0.998285 1.05003e-08 -0.0585374 0.998285 1.05003e-08 -0.0585374 0.998285 1.05003e-08 -0.0585374 0.998285 -1 0 0 -1 0 0 -1 0 0 -1 0 0 1 0 -0 1 0 -0 1 0 -0 1 0 -0 -1 -0 0 -1 -0 0 -1 -0 0 -1 -0 0 0 0.0585374 -0.998285 0 0.0585396 -0.998285 0 0.0585405 -0.998285 0 0.0585383 -0.998285 -1 0 -0 -1 0 -0 -1 0 -0 -1 0 -0 6.72019e-08 0.0585374 -0.998285 6.72019e-08 0.0585374 -0.998285 6.72019e-08 0.0585374 -0.998285 6.72019e-08 0.0585374 -0.998285 -1 0 0 -1 0 0 -1 0 0 -1 0 0 -1 0 0 -1 0 0 -1 0 0 -1 0 0 1 0 0 1 0 0 1 0 0 1 0 0 -1 0 -0 -1 0 -0 -1 0 -0 -1 0 -0 -2.24717e-07 0.0585375 -0.998285 -2.24717e-07 0.0585375 -0.998285 -2.24717e-07 0.0585375 -0.998285 -2.24717e-07 0.0585375 -0.998285 1.00803e-07 0.0585374 -0.998285 1.00803e-07 0.0585374 -0.998285 1.00803e-07 0.0585374 -0.998285 1.00803e-07 0.0585374 -0.998285 1 -0 0 1 -0 0 1 -0 0 1 -0 0 -1.34404e-07 0.0585405 -0.998285 -1.34404e-07 0.0585383 -0.998285 -1.34404e-07 0.0585374 -0.998285 -1.34404e-07 0.0585396 -0.998285 -1 0 0 -1 0 0 -1 0 0 -1 0 0 -1 0 0 -1 0 0 -1 0 0 -1 0 0 1 0 0 1 0 0 1 0 0 1 0 0 9.07226e-07 0.0585374 -0.998285 9.07226e-07 0.0585374 -0.998285 9.07226e-07 0.0585374 -0.998285 9.07226e-07 0.0585374 -0.998285 1 -0 0 1 -0 0 1 -0 0 1 -0 0 -3.3601e-08 -0.0585374 0.998285 -3.3601e-08 -0.0585396 0.998285 -3.3601e-08 -0.0585405 0.998285 -3.3601e-08 -0.0585383 0.998285 -1 0 0 -1 0 0 -1 0 0 -1 0 0 -1 0 0 -1 0 0 -1 0 0 -1 0 0 1 0 0 1 0 0 1 0 0 1 0 0 3.02409e-07 0.0585373 -0.998285 3.02409e-07 0.0585374 -0.998285 3.02409e-07 0.0585374 -0.998285 3.02409e-07 0.0585374 -0.998285 1 -0 0 1 -0 0 1 -0 0 1 -0 0 -1.34404e-07 -0.0585374 0.998285 -1.34404e-07 -0.0585374 0.998285 -1.34404e-07 -0.0585374 0.998285 -1.34404e-07 -0.0585374 0.998285 -1 0 0 -1 0 0 -1 0 0 -1 0 0 -1 -8.85167e-08 1.51415e-06 -1 -4.8013e-08 8.21301e-07 -1 0 0 -1 -4.05037e-08 6.92847e-07 -1 -0 0 -1 4.05037e-08 -6.92847e-07 -1 8.85168e-08 -1.51415e-06 -1 4.80131e-08 -8.21301e-07 1.34404e-07 0.0585374 -0.998285 1.34404e-07 0.0585374 -0.998285 1.34404e-07 0.0585374 -0.998285 1.34404e-07 0.0585374 -0.998285 -1 0 -0 -1 0 -0 -1 0 -0 -1 0 -0 2.10006e-09 -0.0585374 0.998285 2.10006e-09 -0.0585374 0.998285 2.10006e-09 -0.0585374 0.998285 2.10006e-09 -0.0585374 0.998285 -1 -3.11913e-06 -1.82341e-07 -1 -7.97984e-07 -4.66491e-08 -1 0 0 -1 -2.32115e-06 -1.35691e-07 1 0 -0 1 0 -0 1 0 -0 1 0 -0 1 0 0 1 0 0 1 0 0 1 0 0 3.15009e-08 -0.0585374 0.998285 3.15009e-08 -0.0585396 0.998285 3.15009e-08 -0.0585405 0.998285 3.15009e-08 -0.0585383 0.998285 1 -0 0 1 -0 0 1 -0 0 1 -0 0 -1.51204e-07 0.0585374 -0.998285 -1.51204e-07 0.0585374 -0.998285 -1.51204e-07 0.0585374 -0.998285 -1.51204e-07 0.0585374 -0.998285 -1 0 0 -1 0 0 -1 0 0 -1 0 0 -1 0 0 -1 0 0 -1 0 0 -1 0 0 1 0 0 1 0 0 1 0 0 1 0 0 1.26695e-06 -0.0583601 0.998296 9.08461e-07 -0.0583601 0.998296 0 -0.0583601 0.998296 3.58493e-07 -0.0583601 0.998296 -1 0 0 -1 0 0 -1 0 0 -1 0 0 0 0.0583602 -0.998296 0 0.0583602 -0.998296 0 0.0583602 -0.998296 0 0.0583602 -0.998296 -2.24717e-07 0.0585375 -0.998285 -2.24717e-07 0.0585375 -0.998285 -2.24717e-07 0.0585375 -0.998285 -2.24717e-07 0.0585375 -0.998285 -1.00803e-07 0.0585374 -0.998285 -1.00803e-07 0.0585396 -0.998285 -1.00803e-07 0.0585405 -0.998285 -1.00803e-07 0.0585383 -0.998285 -1 0 -0 -1 0 -0 -1 0 -0 -1 0 -0 -1.34404e-07 0.0585405 -0.998285 -1.34404e-07 0.058536 -0.998285 -1.34404e-07 0.0585342 -0.998285 -1.34404e-07 0.0585387 -0.998285 -1 0 0 -1 0 0 -1 0 0 -1 0 0 1 0 -0 1 0 -0 1 0 -0 1 0 -0 1 0 0 1 0 0 1 0 0 1 0 0 </float_array>
          <technique_common>
            <accessor count="880" offset="0" source="#meshId0-bitangents-array" stride="3">
              <param name="X" type="float" />
              <param name="Y" type="float" />
              <param name="Z" type="float" />
            </accessor>
          </technique_common>
        </source>
        <source id="meshId0-tex0" name="meshId0-tex0">
          <float_array id="meshId0-tex0-array" count="1760"> 0.386359 0.0247447 0.390033 0.00866138 0.403411 0.0153803 0.404005 0.0247447 0.365067 0.541625 0.358976 0.144639 0.373937 0.144639 0.380626 0.541625 0.443447 0.0352882 0.424984 0.0352882 0.429611 0.0210872 0.443447 0.0143662 0.446869 0.561961 0.428742 0.561961 0.424984 0.191252 0.443447 0.191252 0.988026 0.0218869 0.992832 0.00846667 0.998824 0.0140231 0.995443 0.0283067 0.987737 0.55691 0.958964 0.172076 0.977001 0.184932 0.99817 0.555168 0.848797 0.970477 0.849176 0.982881 0.839074 0.980671 0.838695 0.968447 0.365412 0.565581 0.381004 0.565581 0.405378 0.578769 0.393089 0.586087 0.380626 0.541625 0.373937 0.144639 0.412772 0.177282 0.411451 0.562784 0.975479 0.0190682 0.983769 0.00946722 0.992832 0.00846667 0.988026 0.0218869 0.393089 0.586087 0.0257831 0.586087 0.0534608 0.565582 0.365412 0.565581 0.813963 0.191252 0.81054 0.561961 0.381004 0.565581 0.380626 0.541625 0.411451 0.562784 0.405378 0.578769 0.988821 0.572911 0.987737 0.55691 0.99817 0.555168 0.998824 0.570344 0.447063 0.584432 0.434953 0.577108 0.428742 0.561961 0.446869 0.561961 0.365412 0.565581 0.365067 0.541625 0.380626 0.541625 0.381004 0.565581 0.920444 0.140787 0.975479 0.0190682 0.988026 0.0218869 0.958964 0.172076 0.958964 0.172076 0.988026 0.0218869 0.995443 0.0283067 0.977001 0.184932 0.443447 0.191252 0.424984 0.191252 0.424984 0.0352882 0.443447 0.0352882 0.358976 0.144639 0.386359 0.0247447 0.404005 0.0247447 0.373937 0.144639 0.446869 0.561961 0.81054 0.561961 0.810347 0.584432 0.447063 0.584432 0.0325128 0.0247448 0.0288395 0.00866146 0.390033 0.00866138 0.0598958 0.144639 0.0538051 0.541625 0.0598958 0.144639 0.427384 0.0153579 0.441418 0.008637 0.443447 0.0143662 0.429611 0.0210872 0.858763 0.59489 0.859143 0.608394 0.849859 0.601641 0.849478 0.587475 0.838695 0.968447 0.838695 0.601746 0.848797 0.599716 0.848797 0.970477 0.815991 0.00863692 0.813963 0.0143662 0.443447 0.0143662 0.441418 0.008637 0.443447 0.0143662 0.813963 0.0143662 0.813963 0.0352881 0.0534608 0.565582 0.0538051 0.541625 0.813963 0.191252 0.0325128 0.0247448 0.0148672 0.0247448 0.0154612 0.0153804 0.0288395 0.00866146 0.0382469 0.541625 0.0449348 0.144639 0.813963 0.0352881 0.813963 0.0143662 0.827798 0.0210871 0.832426 0.0352881 0.832426 0.191252 0.828668 0.561961 0.907295 0.559491 0.914712 0.553071 0.918093 0.567355 0.912101 0.572911 0.907006 0.0244683 0.917439 0.02621 0.896269 0.396446 0.878232 0.409302 0.848797 0.599716 0.838695 0.601746 0.839074 0.589522 0.849176 0.587312 0.0534608 0.565582 0.0257831 0.586087 0.0134945 0.578769 0.0378688 0.565582 0.0382469 0.541625 0.00742124 0.562784 0.00610008 0.177282 0.0449348 0.144639 0.894748 0.56231 0.907295 0.559491 0.912101 0.572911 0.903038 0.571911 0.0378688 0.565582 0.0134945 0.578769 0.00742124 0.562784 0.0382469 0.541625 0.90809 0.00846667 0.918093 0.0110337 0.917439 0.02621 0.907006 0.0244683 0.810347 0.584432 0.81054 0.561961 0.828668 0.561961 0.822457 0.577108 0.0378688 0.565582 0.0382469 0.541625 0.839713 0.440591 0.878232 0.409302 0.907295 0.559491 0.894748 0.56231 0.878232 0.409302 0.896269 0.396446 0.914712 0.553071 0.907295 0.559491 0.832426 0.0352881 0.832426 0.191252 0.0449348 0.144639 0.0148672 0.0247448 0.830026 0.0153579 0.827798 0.0210871 0.813963 0.0143662 0.815991 0.00863692 0.858763 0.986488 0.849478 0.993904 0.849859 0.979737 0.859143 0.972984 0.859143 0.972984 0.849859 0.979737 0.849859 0.601641 0.859143 0.608394 0.483852 0.823608 0.483852 0.862879 0.464959 0.862875 0.464959 0.823605 0.319598 0.779011 0.319598 0.734123 0.338497 0.734123 0.338497 0.779011 0.749943 0.864101 0.749943 0.824831 0.768837 0.824827 0.768837 0.864098 0.100408 0.780357 0.100408 0.825245 0.0815093 0.825245 0.0815093 0.780357 0.199693 0.686543 0.160804 0.686543 0.160804 0.641656 0.199693 0.641656 0.509931 0.690822 0.548816 0.690822 0.548816 0.735709 0.509931 0.735709 0.608632 0.824831 0.608632 0.864101 0.589738 0.864098 0.589738 0.824827 0.300132 0.779011 0.300132 0.734123 0.319031 0.734123 0.319031 0.779011 0.807768 0.824827 0.807768 0.864098 0.788874 0.864101 0.788874 0.824831 0.668154 0.778678 0.668154 0.823565 0.649255 0.823565 0.649255 0.778678 0.159638 0.640309 0.120749 0.640309 0.120749 0.595422 0.159638 0.595422 0.67014 0.68621 0.709025 0.68621 0.709025 0.731097 0.67014 0.731097 0.528525 0.823661 0.528525 0.862931 0.509631 0.862928 0.509631 0.823658 0.280666 0.779011 0.280666 0.734123 0.299565 0.734123 0.299565 0.779011 0.0386376 0.826507 0.0386376 0.865777 0.0197439 0.865781 0.0197439 0.82651 0.768842 0.778678 0.768842 0.823565 0.749943 0.823565 0.749943 0.778678 0.0806938 0.641656 0.119582 0.641656 0.119582 0.686543 0.0806938 0.686543 0.240915 0.687889 0.279799 0.687889 0.279799 0.732777 0.240915 0.732777 0.357947 0.820728 0.357947 0.859999 0.339053 0.859995 0.339053 0.820725 0.240603 0.779011 0.240603 0.734123 0.259502 0.734123 0.259502 0.779011 0.0786939 0.826507 0.0786939 0.865777 0.0598002 0.865781 0.0598002 0.82651 0.807773 0.778678 0.807773 0.823565 0.788875 0.823565 0.788875 0.778678 0.0406386 0.641656 0.0795272 0.641656 0.0795272 0.686543 0.0406386 0.686543 0.399953 0.732777 0.361068 0.732777 0.361068 0.687889 0.399953 0.687889 0.547986 0.783209 0.547986 0.822479 0.529092 0.822476 0.529092 0.783206 0.399134 0.734123 0.399134 0.779011 0.380235 0.779011 0.380235 0.734123 0.707631 0.864101 0.707631 0.824831 0.726525 0.824827 0.726525 0.864098 0.687619 0.778678 0.687619 0.823565 0.668721 0.823565 0.668721 0.778678 0.20086 0.641656 0.239748 0.641656 0.239748 0.686543 0.20086 0.686543 0.0406385 0.687889 0.0795232 0.687889 0.0795232 0.732777 0.0406385 0.732777 0.399128 0.780276 0.399128 0.819547 0.380235 0.819543 0.380235 0.780273 0.749955 0.638629 0.749955 0.593742 0.768854 0.593742 0.768854 0.638629 0.609198 0.864101 0.609199 0.824831 0.628092 0.824827 0.628092 0.864098 0.807773 0.732444 0.807773 0.777331 0.788875 0.777331 0.788875 0.732444 0.199693 0.640309 0.160804 0.640309 0.160804 0.595422 0.199693 0.595422 0.000583271 0.687889 0.039468 0.687889 0.039468 0.732777 0.000583285 0.732777 0.438049 0.783166 0.438049 0.822436 0.419156 0.822433 0.419156 0.783162 0.419156 0.7819 0.419156 0.737013 0.438055 0.737013 0.438055 0.7819 0.547986 0.823658 0.547986 0.862928 0.529092 0.862931 0.529092 0.823661 0.198865 0.780357 0.198865 0.825244 0.179966 0.825244 0.179966 0.780357 0.279803 0.686543 0.240915 0.686543 0.240915 0.641656 0.279803 0.641656 0.709025 0.777331 0.67014 0.777331 0.67014 0.732444 0.709025 0.732444 0.745985 0.824831 0.745985 0.864101 0.727092 0.864098 0.727092 0.824827 0.457521 0.737013 0.457521 0.7819 0.438622 0.7819 0.438622 0.737013 0.509632 0.822479 0.509631 0.783209 0.528525 0.783206 0.528525 0.822476 0.72879 0.778678 0.72879 0.823565 0.709892 0.823565 0.709892 0.778678 0.359914 0.640309 0.321025 0.640309 0.321025 0.595422 0.359914 0.595422 0.200851 0.687889 0.239736 0.687889 0.239736 0.732777 0.200851 0.732777 0.688171 0.864098 0.688171 0.824827 0.707064 0.824831 0.707064 0.864101 0.483858 0.737003 0.483858 0.78189 0.464959 0.78189 0.464959 0.737003 0.629789 0.864101 0.629789 0.824831 0.648683 0.824827 0.648683 0.864098 0.707085 0.778678 0.707085 0.823565 0.688186 0.823565 0.688186 0.778678 0.630093 0.639976 0.668982 0.639976 0.668982 0.684863 0.630093 0.684863 0.710204 0.593742 0.749088 0.593742 0.749088 0.638629 0.710204 0.638629 0.503313 0.823608 0.503313 0.862879 0.484419 0.862875 0.484419 0.823605 0.199432 0.779011 0.199432 0.734123 0.218331 0.734123 0.218331 0.779011 0.66871 0.864101 0.66871 0.824831 0.687604 0.824827 0.687604 0.864098 0.788308 0.778678 0.788308 0.823565 0.769409 0.823565 0.769409 0.778678 0.588871 0.684863 0.549983 0.684863 0.549983 0.639976 0.588871 0.639976 0.419456 0.690779 0.45834 0.690779 0.45834 0.735666 0.419456 0.735666 0.569143 0.864098 0.569143 0.824828 0.588037 0.824831 0.588037 0.864101 0.260069 0.779011 0.260069 0.734123 0.278968 0.734123 0.278968 0.779011 0.338486 0.820725 0.338486 0.859995 0.319593 0.859999 0.319593 0.820728 0.120449 0.825244 0.120449 0.780357 0.139348 0.780357 0.139348 0.825244 0.000583329 0.641656 0.0394719 0.641656 0.0394719 0.686543 0.000583332 0.686543 0.504143 0.735657 0.465259 0.735657 0.465259 0.690769 0.504143 0.690769 0.0592283 0.82651 0.0592283 0.865781 0.0403346 0.865777 0.0403346 0.826507 0.749943 0.731097 0.749943 0.68621 0.768842 0.68621 0.768842 0.731097 0.788297 0.824827 0.788297 0.864098 0.769404 0.864101 0.769404 0.824831 0.807786 0.593742 0.807786 0.638629 0.788887 0.638629 0.788887 0.593742 0.239748 0.640309 0.20086 0.640309 0.20086 0.595422 0.239748 0.595422 0.628923 0.731097 0.590038 0.731097 0.590038 0.68621 0.628923 0.68621 0.827246 0.593661 0.827246 0.632932 0.808353 0.632928 0.808353 0.593658 0.509632 0.781943 0.509632 0.737056 0.528531 0.737056 0.528531 0.781943 0.808353 0.679166 0.808353 0.639895 0.827246 0.639892 0.827246 0.679162 0.237797 0.780357 0.237797 0.825244 0.218898 0.825244 0.218898 0.780357 0.319859 0.686543 0.28097 0.686543 0.28097 0.641656 0.319859 0.641656 0.630089 0.732444 0.668974 0.732444 0.668974 0.777331 0.630089 0.777331 0.300132 0.819543 0.300132 0.780273 0.319026 0.780276 0.319026 0.819547 0.218898 0.779011 0.218898 0.734123 0.237797 0.734123 0.237797 0.779011 0.827235 0.686126 0.827235 0.725396 0.808341 0.7254 0.808341 0.686129 0.0191821 0.780357 0.0191821 0.825244 0.000283487 0.825244 0.00028348 0.780357 0.0795272 0.640309 0.0406386 0.640309 0.0406386 0.595422 0.0795272 0.595422 0.630089 0.68621 0.668974 0.68621 0.668974 0.731097 0.630089 0.731097 0.438049 0.823618 0.438049 0.862888 0.419156 0.862885 0.419156 0.823614 0.1605 0.779011 0.1605 0.734123 0.179399 0.734123 0.179399 0.779011 0.549683 0.864101 0.549683 0.824831 0.568576 0.824828 0.568576 0.864098 0.748256 0.778678 0.748256 0.823565 0.729357 0.823565 0.729357 0.778678 0.628927 0.638629 0.590038 0.638629 0.590038 0.593742 0.628927 0.593742 0.749076 0.731097 0.710192 0.731097 0.710192 0.68621 0.749076 0.68621 0.35853 0.859995 0.35853 0.820725 0.377424 0.820728 0.377424 0.859999 0.788308 0.68621 0.788308 0.731097 0.769409 0.731097 0.769409 0.68621 0.668143 0.824827 0.668143 0.864098 0.64925 0.864101 0.64925 0.824831 0.100975 0.825245 0.100975 0.780357 0.119874 0.780357 0.119874 0.825245 0.668982 0.638629 0.630093 0.638629 0.630093 0.593742 0.668982 0.593742 0.588867 0.777331 0.549983 0.777331 0.549983 0.732444 0.588867 0.732444 0.399695 0.819543 0.399695 0.780273 0.418589 0.780276 0.418589 0.819547 0.339064 0.779011 0.339064 0.734123 0.357963 0.734123 0.357963 0.779011 0.29956 0.820725 0.29956 0.859996 0.280666 0.859999 0.280666 0.820728 0.1605 0.825244 0.1605 0.780357 0.179399 0.780357 0.179399 0.825244 0.119582 0.640309 0.0806938 0.640309 0.0806938 0.595422 0.119582 0.595422 0.710204 0.639976 0.749088 0.639976 0.749088 0.684863 0.710204 0.684863 0.357947 0.780276 0.357947 0.819547 0.339053 0.819543 0.339053 0.780273 0.749943 0.777331 0.749943 0.732444 0.768842 0.732444 0.768842 0.777331 0.000283422 0.865781 0.000283405 0.82651 0.0191771 0.826507 0.0191771 0.865777 0.568581 0.778678 0.568581 0.823565 0.549683 0.823565 0.549683 0.778678 0.588871 0.638629 0.549983 0.638629 0.549983 0.593742 0.588871 0.593742 0.119574 0.732777 0.0806898 0.732777 0.0806898 0.687889 0.119574 0.687889 0.35853 0.819543 0.35853 0.780273 0.377424 0.780276 0.377424 0.819547 0.100975 0.779011 0.100975 0.734123 0.119874 0.734123 0.119874 0.779011 0.464959 0.822427 0.464959 0.783156 0.483852 0.783153 0.483852 0.822423 0.648688 0.778678 0.648688 0.823565 0.629789 0.823565 0.629789 0.778678 0.279803 0.640309 0.240915 0.640309 0.240915 0.595422 0.279803 0.595422 0.1608 0.687889 0.199685 0.687889 0.199685 0.732777 0.1608 0.732777 0.278963 0.820729 0.278963 0.859999 0.260069 0.859995 0.260069 0.820725 0.503324 0.737003 0.503324 0.78189 0.484425 0.78189 0.484425 0.737003 0.280666 0.819547 0.280666 0.780276 0.29956 0.780273 0.29956 0.819543 0.628102 0.778678 0.628102 0.823565 0.609204 0.823565 0.609204 0.778678 0.399969 0.640309 0.361081 0.640309 0.361081 0.595422 0.399969 0.595422 0.120749 0.687889 0.159634 0.687889 0.159634 0.732777 0.120749 0.732777 0.418589 0.820728 0.418589 0.859999 0.399695 0.859995 0.399695 0.820725 0.769409 0.777331 0.769409 0.732444 0.788308 0.732444 0.788308 0.777331 0.399128 0.820725 0.399128 0.859995 0.380235 0.859999 0.380235 0.820728 0.608637 0.778678 0.608637 0.823565 0.589738 0.823565 0.589738 0.778678 0.120749 0.641656 0.159638 0.641656 0.159638 0.686543 0.120749 0.686543 0.280966 0.687889 0.319851 0.687889 0.319851 0.732777 0.280966 0.732777 0.827234 0.778597 0.827234 0.817867 0.80834 0.817864 0.80834 0.778594 0.788875 0.731097 0.788875 0.68621 0.807774 0.68621 0.807774 0.731097 0.438622 0.822436 0.438622 0.783166 0.457515 0.783162 0.457515 0.822433 0.588047 0.778678 0.588047 0.823565 0.569148 0.823565 0.569148 0.778678 0.628927 0.684863 0.590038 0.684863 0.590038 0.639976 0.628927 0.639976 0.359902 0.732777 0.321017 0.732777 0.321017 0.687889 0.359902 0.687889 0.529098 0.781943 0.529097 0.737056 0.547997 0.737056 0.547997 0.781943 0.549116 0.688735 0.530222 0.688732 0.530222 0.594483 0.549116 0.594486 0.338486 0.780276 0.338486 0.819547 0.319593 0.819543 0.319593 0.780273 0.100408 0.734123 0.100408 0.779011 0.0815093 0.779011 0.0815093 0.734123 0.300132 0.859999 0.300132 0.820728 0.319026 0.820725 0.319026 0.859995 0.807786 0.639976 0.807786 0.684863 0.788887 0.684863 0.788887 0.639976 0.0394719 0.640309 0.000583339 0.640309 0.000583329 0.595422 0.0394719 0.595422 0.588867 0.731097 0.549983 0.731097 0.549983 0.68621 0.588867 0.68621 0.278963 0.780276 0.278963 0.819547 0.260069 0.819543 0.260069 0.780273 0.78832 0.639976 0.78832 0.684863 0.769421 0.684863 0.769421 0.639976 0.503313 0.783153 0.503313 0.822423 0.484419 0.822427 0.484419 0.783156 0.0592333 0.780357 0.0592333 0.825244 0.0403347 0.825244 0.0403347 0.780357 0.709037 0.638629 0.670148 0.638629 0.670148 0.593742 0.709037 0.593742 0.0394679 0.779011 0.00058327 0.779011 0.00058327 0.734123 0.0394679 0.734123 0.119868 0.82651 0.119868 0.865781 0.100975 0.865777 0.100975 0.826507 0.198865 0.734123 0.198865 0.779011 0.179966 0.779011 0.179966 0.734123 0.45751 0.823614 0.45751 0.862885 0.438616 0.862888 0.438616 0.823618 0.0386477 0.780357 0.0386477 0.825244 0.0197491 0.825244 0.0197491 0.780357 0.319859 0.640309 0.28097 0.640309 0.28097 0.595422 0.319859 0.595422 0.590038 0.732444 0.628923 0.732444 0.628923 0.777331 0.590038 0.777331 0.139343 0.82651 0.139343 0.865781 0.120449 0.865777 0.120449 0.826507 0.360769 0.779011 0.360769 0.734123 0.379668 0.734123 0.379668 0.779011 0.178269 0.826507 0.178269 0.865777 0.159375 0.865781 0.159375 0.82651 0.0786989 0.780357 0.0786989 0.825244 0.0598003 0.825244 0.0598003 0.780357 0.321025 0.641656 0.359914 0.641656 0.359914 0.686543 0.321025 0.686543 0.0795192 0.779011 0.0406345 0.779011 0.0406345 0.734123 0.0795192 0.734123 0.80834 0.77163 0.80834 0.73236 0.827234 0.732363 0.827234 0.771633 0.78832 0.593742 0.78832 0.638629 0.769421 0.638629 0.769421 0.593742 0.139915 0.865781 0.139915 0.82651 0.158808 0.826507 0.158808 0.865777 0.218331 0.780357 0.218331 0.825244 0.199432 0.825244 0.199432 0.780357 0.709037 0.684863 0.670148 0.684863 0.670148 0.639976 0.709037 0.639976 0.159634 0.779011 0.120749 0.779011 0.120749 0.734123 0.159634 0.734123 0.419539 0.594482 0.464008 0.594482 0.464008 0.688692 0.419539 0.688692 0.257263 0.780357 0.257263 0.825244 0.238364 0.825244 0.238364 0.780357 0.509811 0.688683 0.465342 0.688683 0.465342 0.594482 0.509811 0.594482 0.529655 0.688732 0.510762 0.688735 0.510762 0.594486 0.529655 0.594483 0.827234 0.819049 0.827234 0.858319 0.80834 0.858316 0.80834 0.819046 0.749955 0.684863 0.749955 0.639976 0.768854 0.639976 0.768854 0.684863 0.0815092 0.865781 0.0815092 0.82651 0.100403 0.826507 0.100403 0.865777 0.158813 0.780357 0.158813 0.825244 0.139915 0.825244 0.139915 0.780357 0.361081 0.641656 0.399969 0.641656 0.399969 0.686543 0.361081 0.686543 0.749076 0.777331 0.710192 0.777331 0.710192 0.732444 0.749076 0.732444 </float_array>
          <technique_common>
            <accessor count="880" offset="0" source="#meshId0-tex0-array" stride="2">
              <param name="S" type="float" />
              <param name="T" type="float" />
            </accessor>
          </technique_common>
        </source>
        <vertices id="meshId0-vertices">
          <input semantic="POSITION" source="#meshId0-positions" />
        </vertices>
        <polylist count="452" material="defaultMaterial">
          <input offset="0" semantic="VERTEX" source="#meshId0-vertices" />
          <input offset="0" semantic="NORMAL" source="#meshId0-normals" />
          <input offset="0" semantic="TANGENT" source="#meshId0-tangents" />
          <input offset="0" semantic="BINORMAL" source="#meshId0-bitangents" />
          <input offset="0" semantic="TEXCOORD" source="#meshId0-tex0" set="0" />
          <vcount>3 3 3 3 3 3 3 3 3 3 3 3 3 3 3 3 3 3 3 3 3 3 3 3 3 3 3 3 3 3 3 3 3 3 3 3 3 3 3 3 3 3 3 3 3 3 3 3 3 3 3 3 3 3 3 3 3 3 3 3 3 3 3 3 3 3 3 3 3 3 3 3 3 3 3 3 3 3 3 3 3 3 3 3 3 3 3 3 3 3 3 3 3 3 3 3 3 3 3 3 3 3 3 3 3 3 3 3 3 3 3 3 3 3 3 3 3 3 3 3 3 3 3 3 3 3 3 3 3 3 3 3 3 3 3 3 3 3 3 3 3 3 3 3 3 3 3 3 3 3 3 3 3 3 3 3 3 3 3 3 3 3 3 3 3 3 3 3 3 3 3 3 3 3 3 3 3 3 3 3 3 3 3 3 3 3 3 3 3 3 3 3 3 3 3 3 3 3 3 3 3 3 3 3 3 3 3 3 3 3 3 3 3 3 3 3 3 3 3 3 3 3 3 3 3 3 3 3 3 3 3 3 3 3 3 3 3 3 3 3 3 3 3 3 3 3 3 3 3 3 3 3 3 3 3 3 3 3 3 3 3 3 3 3 3 3 3 3 3 3 3 3 3 3 3 3 3 3 3 3 3 3 3 3 3 3 3 3 3 3 3 3 3 3 3 3 3 3 3 3 3 3 3 3 3 3 3 3 3 3 3 3 3 3 3 3 3 3 3 3 3 3 3 3 3 3 3 3 3 3 3 3 3 3 3 3 3 3 3 3 3 3 3 3 3 3 3 3 3 3 3 3 3 3 3 3 3 3 3 3 3 3 3 3 3 3 3 3 3 3 3 3 3 3 3 3 3 3 3 3 3 3 3 3 3 3 3 3 3 3 3 3 3 3 3 3 3 3 3 3 3 3 3 3 3 3 3 3 3 3 3 3 3 3 3 3 3 3 3 3 3 3 3 3 3 3 3 3 3 3 3 3 3 3 3 3 3 3 3 3 3 3 3 3 3 3 3 3 3 3 3 3 </vcount>
          <p>3 0 1 1 2 3 7 4 5 5 6 7 11 8 9 9 10 11 15 12 13 13 14 15 19 16 17 17 18 19 23 20 21 21 22 23 27 24 25 25 26 27 31 28 29 29 30 31 35 32 33 33 34 35 39 36 37 37 38 39 43 40 41 41 42 43 12 15 44 44 45 12 49 46 47 47 48 49 53 50 51 51 52 53 57 54 55 55 56 57 61 58 59 59 60 61 65 62 63 63 64 65 69 66 67 67 68 69 73 70 71 71 72 73 77 74 75 75 76 77 81 78 79 79 80 81 84 75 82 82 83 84 75 74 85 85 82 75 5 4 86 86 87 5 91 88 89 89 90 91 95 92 93 93 94 95 99 96 97 97 98 99 103 100 101 101 102 103 73 104 105 105 106 73 59 58 107 107 108 59 70 73 106 106 109 70 113 110 111 111 112 113 87 86 114 114 115 87 119 116 117 117 118 119 121 45 44 44 120 121 125 122 123 123 124 125 129 126 127 127 128 129 133 130 131 131 132 133 137 134 135 135 136 137 141 138 139 139 140 141 145 142 143 143 144 145 149 146 147 147 148 149 153 150 151 151 152 153 157 154 155 155 156 157 108 107 158 158 159 108 163 160 161 161 162 163 167 164 165 165 166 167 169 109 106 106 168 169 82 85 170 170 171 82 175 172 173 173 174 175 179 176 177 177 178 179 183 180 181 181 182 183 187 184 185 185 186 187 191 188 189 189 190 191 195 192 193 193 194 195 199 196 197 197 198 199 203 200 201 201 202 203 207 204 205 205 206 207 211 208 209 209 210 211 215 212 213 213 214 215 219 216 217 217 218 219 223 220 221 221 222 223 227 224 225 225 226 227 231 228 229 229 230 231 235 232 233 233 234 235 239 236 237 237 238 239 243 240 241 241 242 243 247 244 245 245 246 247 251 248 249 249 250 251 255 252 253 253 254 255 259 256 257 257 258 259 263 260 261 261 262 263 267 264 265 265 266 267 271 268 269 269 270 271 275 272 273 273 274 275 279 276 277 277 278 279 283 280 281 281 282 283 287 284 285 285 286 287 291 288 289 289 290 291 295 292 293 293 294 295 299 296 297 297 298 299 303 300 301 301 302 303 307 304 305 305 306 307 311 308 309 309 310 311 315 312 313 313 314 315 319 316 317 317 318 319 323 320 321 321 322 323 327 324 325 325 326 327 331 328 329 329 330 331 335 332 333 333 334 335 339 336 337 337 338 339 343 340 341 341 342 343 347 344 345 345 346 347 351 348 349 349 350 351 355 352 353 353 354 355 359 356 357 357 358 359 363 360 361 361 362 363 367 364 365 365 366 367 371 368 369 369 370 371 375 372 373 373 374 375 379 376 377 377 378 379 383 380 381 381 382 383 387 384 385 385 386 387 391 388 389 389 390 391 395 392 393 393 394 395 399 396 397 397 398 399 403 400 401 401 402 403 407 404 405 405 406 407 411 408 409 409 410 411 415 412 413 413 414 415 419 416 417 417 418 419 423 420 421 421 422 423 427 424 425 425 426 427 431 428 429 429 430 431 435 432 433 433 434 435 439 436 437 437 438 439 443 440 441 441 442 443 447 444 445 445 446 447 451 448 449 449 450 451 455 452 453 453 454 455 459 456 457 457 458 459 463 460 461 461 462 463 467 464 465 465 466 467 471 468 469 469 470 471 475 472 473 473 474 475 479 476 477 477 478 479 483 480 481 481 482 483 487 484 485 485 486 487 491 488 489 489 490 491 495 492 493 493 494 495 499 496 497 497 498 499 503 500 501 501 502 503 507 504 505 505 506 507 511 508 509 509 510 511 515 512 513 513 514 515 519 516 517 517 518 519 523 520 521 521 522 523 527 524 525 525 526 527 531 528 529 529 530 531 535 532 533 533 534 535 539 536 537 537 538 539 543 540 541 541 542 543 547 544 545 545 546 547 551 548 549 549 550 551 555 552 553 553 554 555 559 556 557 557 558 559 563 560 561 561 562 563 567 564 565 565 566 567 571 568 569 569 570 571 575 572 573 573 574 575 579 576 577 577 578 579 583 580 581 581 582 583 587 584 585 585 586 587 591 588 589 589 590 591 595 592 593 593 594 595 599 596 597 597 598 599 603 600 601 601 602 603 607 604 605 605 606 607 611 608 609 609 610 611 615 612 613 613 614 615 619 616 617 617 618 619 623 620 621 621 622 623 627 624 625 625 626 627 631 628 629 629 630 631 635 632 633 633 634 635 639 636 637 637 638 639 643 640 641 641 642 643 647 644 645 645 646 647 651 648 649 649 650 651 655 652 653 653 654 655 659 656 657 657 658 659 663 660 661 661 662 663 667 664 665 665 666 667 671 668 669 669 670 671 675 672 673 673 674 675 679 676 677 677 678 679 683 680 681 681 682 683 687 684 685 685 686 687 691 688 689 689 690 691 695 692 693 693 694 695 699 696 697 697 698 699 703 700 701 701 702 703 707 704 705 705 706 707 711 708 709 709 710 711 715 712 713 713 714 715 719 716 717 717 718 719 723 720 721 721 722 723 727 724 725 725 726 727 731 728 729 729 730 731 735 732 733 733 734 735 739 736 737 737 738 739 743 740 741 741 742 743 747 744 745 745 746 747 751 748 749 749 750 751 755 752 753 753 754 755 759 756 757 757 758 759 763 760 761 761 762 763 767 764 765 765 766 767 771 768 769 769 770 771 775 772 773 773 774 775 779 776 777 777 778 779 783 780 781 781 782 783 787 784 785 785 786 787 791 788 789 789 790 791 795 792 793 793 794 795 799 796 797 797 798 799 803 800 801 801 802 803 807 804 805 805 806 807 811 808 809 809 810 811 815 812 813 813 814 815 819 816 817 817 818 819 823 820 821 821 822 823 827 824 825 825 826 827 831 828 829 829 830 831 835 832 833 833 834 835 839 836 837 837 838 839 843 840 841 841 842 843 847 844 845 845 846 847 851 848 849 849 850 851 855 852 853 853 854 855 859 856 857 857 858 859 863 860 861 861 862 863 867 864 865 865 866 867 871 868 869 869 870 871 875 872 873 873 874 875 879 876 877 877 878 879 </p>
        </polylist>
      </mesh>
    </geometry>
  </library_geometries>
  <library_visual_scenes>
    <visual_scene id="root" name="root">
      <node id="ob_low" name="ob_low">
        <matrix>1 0 0 0 0 1 0 0 0 0 1 0 0 0 0 1</matrix>
        <instance_geometry url="#meshId0">
          <bind_material>
            <technique_common>
              <instance_material symbol="defaultMaterial" target="#DefaultMaterial" />
            </technique_common>
          </bind_material>
        </instance_geometry>
      </node>
      <node id="Camera" name="Camera">
        <matrix>1 0 0 0 0 1 0 0 0 0 1 0 0 0 0 1</matrix>
      </node>
    </visual_scene>
  </library_visual_scenes>
  <scene>
    <instance_visual_scene url="#root" />
  </scene>
</COLLADA>
